name,lat,long,img,distance,url,props,eparhia,mitropolia,boss,type,founded
"Свято-Благовещенский женский монастырь, г. Слоним Новогрудской епархии",53.110637998532,25.331999534393,/upload/iblock/800/800d4ccd432c023549099394d932be87/38ce97901001a46590078659f4645fe1.jpg,846,/monastyri/monastery/svyato-blagoveshchenskiy-zhenskiy-monastyr-g-slonim-novogrudskoy-eparkhii/,"{'eparhia': None, 'mitropolia': None, 'boss': None, 'type': 'Монастыри Белорусской Православной Церкви', 'founded': '2001'}",,,,,
 Благовещенский пещерный мужской монастырь на Мангупе  ,44.590191082819,33.803077579203,/upload/iblock/bd4/bd4bb46d539ce780b98f7b190c58ba53/01.jpg,1271,/monastyri/monastery/blagoveshchenskiy-peshchernyy-muzhskoy-monastyr-na-mangupe-/,"{'eparhia': None, 'mitropolia': None, 'boss': None, 'type': 'Епархиальные монастыри Русской Православной Церкви', 'founded': ''}",,,,,
 Благовещенское подворье  Апшеронского женского монастыря в честь иконы Божией Матери «Нерушимая стена» ,45.023991764472,38.968269550262,/upload/iblock/e91/e91ce78ca80b6fb0d29ffdc51c530901/nn.jpg,1198,/monastyri/monastery/blagoveshchenskoe-podvore-apsheronskogo-zhenskogo-monastyrya-v-chest-ikony-bozhiey-materi-nerushimaya/,"{'eparhia': None, 'mitropolia': None, 'boss': None, 'type': 'подворье епархиального монастыря', 'founded': '2015'}",,,,,
 Богородицкая  Площанская пустынь,52.521237942828,34.46964086113,/upload/iblock/e60/e6085c0ac2bd376fe46db78d77a1dfb2/1.jpg,414,/monastyri/monastery/bogoroditskaya-ploshchanskaya-pustyn/,"{'eparhia': None, 'mitropolia': None, 'boss': None, 'type': 'Епархиальные монастыри Русской Православной Церкви', 'founded': '1620'}",,,,,
"Свято-Богоявленский Кутеинский мужской монастырь, г. Орша Витебской епархии",54.492154728587,30.412403108459,/upload/iblock/c87/c87ae31f955639a20f7b33a29a08aa2d/28691804c58807da9d8b74d4b9f96d9d.jpg,479,/monastyri/monastery/svyato-bogoyavlenskiy-kuteinskiy-muzhskoy-monastyr-g-orsha/,"{'eparhia': None, 'mitropolia': None, 'boss': None, 'type': 'Монастыри Белорусской Православной Церкви', 'founded': '1620'}",,,,,
Свято-Варваринский женский монастырь  во имя блаженной Варвары Скворчихинской  деревни Скворчиха,53.320889,56.136832,/upload/iblock/cf0/vwbbv8p9ph40bxvzrfjdrto8del09sa2/IMG_6889_700x400.jpg,1221,/monastyri/monastery/svyato-varvarinskiy-zhenskiy-monastyr-vo-imya-blazhennoy-varvary-skvorchikhinskoy-derevni-skvorchikh/,"{'eparhia': None, 'mitropolia': None, 'boss': None, 'type': 'Епархиальные монастыри Русской Православной Церкви', 'founded': '2020'}",,,,,
Свято-Варваринский женский монастырь Пинской епархии,52.113866260197,26.101634374344,/upload/iblock/d57/d571d6de5392725d8d65b8b0fd8e2a5c/8420cda257bd61f29d58cd4849d01111.jpg,855,/monastyri/monastery/svyato-varvarinskiy-zhenskiy-monastyr-pinskoy-eparkhii/,"{'eparhia': None, 'mitropolia': None, 'boss': None, 'type': 'Монастыри Белорусской Православной Церкви', 'founded': ''}",,,,,
Свято-Васильевский Овручский женский монастырь Овручской епархии,51.31531,28.799841,/upload/iblock/76e/uw0hkrjf0pswt4e3yubpihjf8z8zoh4b/Svyato_Vasilevskiy_zhenskiy_monastyr.jpg,763,/monastyri/monastery/svyato-vasilevskiy-ovruchskiy-zhenskiy-monastyr-ovruchskoy-eparkhii/,"{'eparhia': None, 'mitropolia': None, 'boss': None, 'type': 'Монастыри УПЦ МП', 'founded': '2017'}",,,,,
 Великомученика Георгия Победоносца мужской монастырь у мыса Фиолент  ,44.504983052267,33.51038720734,/upload/iblock/d86/d86626df561b9dd73ee4a5ec2e742a6e/mon.jpg,1285,/monastyri/monastery/velikomuchenika-georgiya-pobedonostsa-muzhskoy-monastyr-u-mysa-fiolent-/,"{'eparhia': None, 'mitropolia': None, 'boss': None, 'type': 'Епархиальные монастыри Русской Православной Церкви', 'founded': '891'}",,,,,
Свято-Георгиевский женский монастырь Уманской епархии,48.686976394878,30.148559359963,/upload/iblock/fd6/gc8hi4stxtdm19advrusftfixhf7r0u4/00.jpg,936,/monastyri/monastery/svyato-georgievskiy-zhenskiy-monastyr-umanskoy-eparkhii/,"{'eparhia': None, 'mitropolia': None, 'boss': None, 'type': 'Монастыри УПЦ МП', 'founded': ''}",,,,,
Свято-Георгиевский скит Вознесенского мужского монастыря Бориспольской епархии,50.305154753857,29.588675364236,/upload/iblock/6d5/me7fhzsgqui27nv8cubj79rmif3sqavm/foto-otsutstvuet.jpg,809,/monastyri/monastery/svyato-georgievskiy-skit-voznesenskogo-muzhskogo-monastyrya-borispolskoy-eparkhii/,"{'eparhia': None, 'mitropolia': None, 'boss': None, 'type': 'скит епархиального монастыря', 'founded': '2011'}",,,,,
Женский монастырь в честь иконы Божией Матери «Державная»   п. Изобильное,54.766494550772,21.174742949707,/upload/iblock/e5c/e5c0645947616665b53f1dc996ea6b3c/i_300x300.png,1046,/monastyri/monastery/zhenskiy-monastyr-v-chest-ikony-bozhiey-materi-derzhavnaya-p-izobilnoe/,"{'eparhia': None, 'mitropolia': None, 'boss': None, 'type': 'Епархиальные монастыри Русской Православной Церкви', 'founded': '2009'}",,,,,
 Иверский Валдайский мужской монастырь,57.989230826767,33.304118070612,/upload/iblock/7fa/7fa810e352ad6a35d2ae187cf5d9073a/1.jpg,361,/monastyri/monastery/iverskiy-valdayskiy-muzhskoy-monastyr/,"{'eparhia': None, 'mitropolia': None, 'boss': None, 'type': 'Епархиальные монастыри Русской Православной Церкви', 'founded': ''}",,,,,
 Инунденский Всехскорбященский мужской монастырь Кишиневской епархии,48.130998,28.353347,/upload/iblock/e55/sg9gbshgm9kaj7g1jh3cws658907e3cc/IMG_0554.jpg,1058,/monastyri/monastery/inundenskiy-vsekhskorbyashchenskiy-muzhskoy-monastyr-kishinevskoy-eparkhii/,"{'eparhia': None, 'mitropolia': None, 'boss': None, 'type': 'Монастыри Православной Церкви Молдовы', 'founded': '2005'}",,,,,
Свято-Иоанно-Предтеченский мужской монастырь Луганской епархии ,48.917385800091,39.641259875566,/upload/iblock/fae/9ihs26w865mm5s89090wj3xc9elpkkxl/03.jpg,773,/monastyri/monastery/svyato-ioanno-predtechenskiy-muzhskoy-monastyr-luganskoy-eparkhii-/,"{'eparhia': None, 'mitropolia': None, 'boss': None, 'type': 'Монастыри УПЦ МП', 'founded': '2007'}",,,,,
 Мужской монастырь святых первоверховных апостолов Петра и Павла в г. Светлограде,45.313660638233,42.847386228836,/upload/iblock/467/46764c6ff0311841f6b925089c0a586d/vagQk_FA9Z4.jpg,1218,/monastyri/monastery/muzhskoy-monastyr-svyatykh-pervoverkhovnykh-apostolov-petra-i-pavla-v-g-svetlograde/,"{'eparhia': None, 'mitropolia': None, 'boss': None, 'type': 'Епархиальные монастыри Русской Православной Церкви', 'founded': '2019'}",,,,,
Свято-Николаевский мужской скит  мужского монастыря в честь Святых Царственных страстотерпцев Белоцерковской епархии,49.516583,30.477977,,844,/monastyri/monastery/svyato-nikolaevskiy-muzhskoy-skit-muzhskogo-monastyrya-v-chest-svyatykh-tsarstvennykh-strastoterptse/,"{'eparhia': None, 'mitropolia': None, 'boss': None, 'type': 'скит епархиального монастыря', 'founded': ''}",,,,,
"Свято-Никольский женский монастырь, г. Могилев Могилевской епархии",53.893876900181,30.345529523399,/upload/iblock/acf/acfb0fb530227a61f8678fcfb7483c83/89df459e91d9b2f962c0d681df4bf391.jpg,510,/monastyri/monastery/svyato-nikolskiy-zhenskiy-monastyr-g-mogilev-mogilevskoy-eparkhii/,"{'eparhia': None, 'mitropolia': None, 'boss': None, 'type': 'Монастыри Белорусской Православной Церкви', 'founded': '1636'}",,,,,
Свято-Пантелеимоновский женский монастырь в г.Браславе  Полоцкой епархии,55.636194815961,27.045216133591,/upload/iblock/7b9/7b9065f94baba37ff064e86f1c9961c5/cb0566c35c75136062861687a69591f3.jpg,663,/monastyri/monastery/svyato-panteleimonovskiy-zhenskiy-monastyr-v-g-braslave-polotskoy-eparkhii/,"{'eparhia': None, 'mitropolia': None, 'boss': None, 'type': 'Монастыри Белорусской Православной Церкви', 'founded': '2006'}",,,,,
 Параскево- Вознесенский женский монастырь село Пайгарма,54.078784513924,44.831496611654,/upload/iblock/9e8/9e81109ec15d93f732298c6cabd759e7/102.jpg,498,/monastyri/monastery/paraskevo-voznesenskiy-zhenskiy-monastyr-selo-paygarma/,"{'eparhia': None, 'mitropolia': None, 'boss': None, 'type': 'Епархиальные монастыри Русской Православной Церкви', 'founded': '1865'}",,,,,
 Петропавловский женский монастырь города Юрьев-Польский,56.51083558951,39.687431244096,/upload/iblock/fe3/fe3c7409051bc05f3c49eb95cba92cb3/2s_1024x683.jpg,154,/monastyri/monastery/petropavlovskiy-zhenskiy-monastyr-goroda-yurev-polskiy/,"{'eparhia': None, 'mitropolia': None, 'boss': None, 'type': 'Епархиальные монастыри Русской Православной Церкви', 'founded': '1874'}",,,,,
 Подворье в честь Всех святых Свято-Вознесенского мужского монастыря Луганской епархии ,48.546860424824,39.336003126984,/upload/iblock/5d1/gw26dfokrks1sf92bxngaanu3aanfwhf/592127852.jpg,811,/monastyri/monastery/podvore-v-chest-vsekh-svyatykh-svyato-voznesenskogo-muzhskogo-monastyrya-luganskoy-eparkhii-/,"{'eparhia': None, 'mitropolia': None, 'boss': None, 'type': 'подворье епархиального монастыря', 'founded': ''}",,,,,
 Подворье Николаевского Клобукова женского монастыря Петро-Павловский храм г. Кашина ,57.355496266033,37.625177517197,/upload/iblock/f4a/f4aecc895014a03ba9e3a980d7fbad6a/petropavlkashin3a.jpg,178,/monastyri/monastery/podvore-nikolaevskogo-klobukova-zhenskogo-monastyrya-petro-pavlovskiy-khram-g-kashina-/,"{'eparhia': None, 'mitropolia': None, 'boss': None, 'type': 'подворье епархиального монастыря', 'founded': '1621'}",,,,,
"Свято-Покровский женский монастырь, г. Толочин Витебской епархии",54.406555213431,29.700722662041,/upload/iblock/3d8/3d8cab14254a1d8ef1f721f78577fb98/9DHCkyqEMdM.jpg,526,/monastyri/monastery/svyato-pokrovskiy-zhenskiy-monastyr-g-tolochin-vitebskoy-eparkhii/,"{'eparhia': None, 'mitropolia': None, 'boss': None, 'type': 'Монастыри Белорусской Православной Церкви', 'founded': '1604'}",,,,,
 Рождество-Богородицкий женский монастырь с. Линевичи,43.735734561412,131.85435972884,/upload/iblock/773/7731b6136c1b86bfe5275fd7106e8497/linevichi_obshee_3.jpg,6363,/monastyri/monastery/rozhdestvo-bogoroditskiy-zhenskiy-monastyr-s-linevichi/,"{'eparhia': None, 'mitropolia': None, 'boss': None, 'type': 'Епархиальные монастыри Русской Православной Церкви', 'founded': '1900'}",,,,,
Свято-Троицкий женский монастырь с. Красный Ключ.,55.388114339726,56.65488919916,/upload/iblock/7fd/7fd8bef82073c7d5b3eb6f6f2f167140/Kxb_ZgoRlGM.jpg,1194,/monastyri/monastery/birskiy-svyato-troitskiy-zhenskiy-monastyr/,"{'eparhia': None, 'mitropolia': None, 'boss': None, 'type': 'Епархиальные монастыри Русской Православной Церкви', 'founded': '1878'}",,,,,
 Свято-Успенский Святогорский мужской монастырь ,57.022333063347,28.918556058344,/upload/iblock/dd9/dd94b33eced11e75303a750f5c2c0c30/0BfEtDcN02k.jpg,554,/monastyri/monastery/svyato-uspenskiy-svyatogorskiy-muzhskoy-monastyr-/,"{'eparhia': None, 'mitropolia': None, 'boss': None, 'type': 'Епархиальные монастыри Русской Православной Церкви', 'founded': '1569'}",,,,,
Скит Никольского мужского монастыря в честь иконы Божией Матери «Неупиваемая чаша»,55.209152206955,73.251884127128,,2222,/monastyri/monastery/skit-nikolskogo-muzhskogo-monastyrya-v-chest-ikony-presvyatoy-bogoroditsy-neupivaemaya-chasha/,"{'eparhia': None, 'mitropolia': None, 'boss': None, 'type': 'скит епархиального монастыря', 'founded': ''}",,,,,
 Спасо-Богородицкий Одигитриевский женский монастырь под городом Вязьма,55.328779720029,34.070101130553,/upload/iblock/574/wptlw8r0d2iuwh8rydiwugwrimwcdosa/Spaso_Bogoroditskiy-Odigitrievskiy-zhenskiy-monastyr.JPG,229,/monastyri/monastery/spaso-bogoroditskiy-odigitrievskiy-zhenskiy-monastyr-pod-vyazmoy/,"{'eparhia': None, 'mitropolia': None, 'boss': None, 'type': 'Епархиальные монастыри Русской Православной Церкви', 'founded': '2009'}",,,,,
 Спасо-Вознесенский женский монастырь г. Смоленска,54.784824165476,32.050004584656,/upload/iblock/f79/f79872d9729c33f5d355185b180abc74/1.jpg,369,/monastyri/monastery/spaso-voznesenskiy-zhenskiy-monastyr-g-smolenska/,"{'eparhia': None, 'mitropolia': None, 'boss': None, 'type': 'Епархиальные монастыри Русской Православной Церкви', 'founded': '1515'}",,,,,
 Спасо-Преображенский Бузулукский мужской монастырь ,52.81396252176,52.32256671167,/upload/iblock/1ef/1ef3413b22247a13bcd8bd9ad702a27f/6.jpg,1007,/monastyri/monastery/spaso-preobrazhenskiy-buzulukskiy-muzhskoy-monastyr-/,"{'eparhia': None, 'mitropolia': None, 'boss': None, 'type': 'Епархиальные монастыри Русской Православной Церкви', 'founded': '1853'}",,,,,
"Свято-Тихвинский женский монастырь, г. Гомель Гомельской епархии",52.42604164453,30.986304784061,/upload/iblock/26b/26be13fe41afdc19806dbb182b6d56a2/11.jpg,569,/monastyri/monastery/svyato-tikhvinskiy-zhenskiy-monastyr-g-gomel-gomelskoy-eparkhii/,"{'eparhia': None, 'mitropolia': None, 'boss': None, 'type': 'Монастыри Белорусской Православной Церкви', 'founded': '1993'}",,,,,
Свято-Успенский женский монастырь Бориспольской епархии,50.308971,31.789746,/upload/iblock/acd/h4p1f12mh8w7dlrs3kbenmneipzjuxq6/01.jpg,720,/monastyri/monastery/svyato-uspenskiy-zhenskiy-monastyr-borispolskoy-eparkhii/,"{'eparhia': None, 'mitropolia': None, 'boss': None, 'type': 'Монастыри УПЦ МП', 'founded': '2005'}",,,,,
"Свято-Успенский женский монастырь, д. Казимирово Гомельской епархии",52.908986069888,29.837670746033,/upload/iblock/613/613690494f4414de373fda72c96a500a/1.jpg,596,/monastyri/monastery/svyato-uspenskiy-zhenskiy-monastyr-d-kazimirovo-gomelskoy-eparkhii/,"{'eparhia': None, 'mitropolia': None, 'boss': None, 'type': 'Монастыри Белорусской Православной Церкви', 'founded': '2000'}",,,,,
Свято-Успенский Кэприянский мужской монастырь Кишиневской епархии,47.116674,28.50957,/upload/iblock/4ab/tegnm7r2qxzawz2dne1wp7v06lqm1a2p/1.jpg,1148,/monastyri/monastery/svyato-uspenskiy-kepriyanskiy-muzhskoy-monastyr-kishinevskoy-eparkhii/,"{'eparhia': None, 'mitropolia': None, 'boss': None, 'type': 'Монастыри Православной Церкви Молдовы', 'founded': '1429'}",,,,,
Cвято-Рождественский Забричанский мужской монастырь  Единецко-Бричанской епархии,48.07776637886,27.261900381568,/upload/iblock/982/15999.jpg,1109,/monastyri/monastery/cvyato-rozhdestvenskiy-zabrichanskiy-muzhskoy-monastyr-edinetsko-brichanskoy-eparkhii/,"{'eparhia': None, 'mitropolia': None, 'boss': None, 'type': 'Монастыри Православной Церкви Молдовы', 'founded': '1999'}",,,,,
Cканов Пещерный мужской монастырь преподобных Антония и Феодосия Печерских,53.858444809772,43.779625077385,/upload/iblock/4df/4df31bb1ca107f64a8c43b95c6711585/22.jpg,448,/monastyri/monastery/ckanov-peshchernyy-muzhskoy-monastyr-prepodobnykh-antoniya-i-feodosiya-pecherskikh/,"{'eparhia': None, 'mitropolia': None, 'boss': None, 'type': 'Епархиальные монастыри Русской Православной Церкви', 'founded': ''}",,,,,
Абабковский Николаевский Георгиевский женский монастырь ,56.039664299732,43.139758288361,/upload/iblock/4a5/dsc_0293.jpg,346,/monastyri/monastery/ababkovskiy-nikolaevskiy-georgievskiy-zhenskiy-monastyr-/,"{'eparhia': None, 'mitropolia': None, 'boss': None, 'type': 'Епархиальные монастыри Русской Православной Церкви', 'founded': ''}",,,,,
Абалацко-Знаменский  Петро-Павловский женский монастырь  Усть-Каменогорской и Семипалатинской епархии,50.39424479462,80.225857330688,/upload/iblock/9fb/monastir_1.jpg,2861,/monastyri/monastery/abalatsko-znamenskiy-petro-pavlovskiy-zhenskiy-monastyr-ust-kamenogorskoy-i-semipalatinskoy-eparkhii/,"{'eparhia': None, 'mitropolia': None, 'boss': None, 'type': 'Монастыри Митрополичьего округа Русской Православной Церкви в республике Казахстан', 'founded': '1997'}",,,,,
Авраамиев Богоявленский женский монастырь,57.196155699121,39.451153079407,/upload/iblock/dcb/2.jpg,196,/monastyri/monastery/avraamiev-bogoyavlenskiy-zhenskiy-monastyr/,"{'eparhia': None, 'mitropolia': None, 'boss': None, 'type': 'Епархиальные монастыри Русской Православной Церкви', 'founded': ''}",,,,,
Актайский скит Свято-Николаевского монастыря,58.866458602009,60.671204076601,/upload/iblock/06e/016.jpg,1420,/monastyri/monastery/aktayskiy-skit-svyato-nikolaevskogo-monastyrya/,"{'eparhia': None, 'mitropolia': None, 'boss': None, 'type': 'скит епархиального монастыря', 'founded': ''}",,,,,
Аланский Богоявленский женский монастырь,43.046735342968,44.22816079953,/upload/iblock/c72/c7235b6fa8cca6c3fb10c713eeb01750/58.JPG,1491,/monastyri/monastery/alanskiy-bogoyavlenskiy-zhenskiy-monastyr/,"{'eparhia': None, 'mitropolia': None, 'boss': None, 'type': 'Епархиальные монастыри Русской Православной Церкви', 'founded': '2002'}",,,,,
Аланский Успенский мужской монастырь,42.821846088356,44.274936103074,/upload/iblock/5d1/5d10f511866b2219edc1215451543900/a.jpg,1516,/monastyri/monastery/alanskiy-uspenskiy-muzhskoy-monastyr/,"{'eparhia': None, 'mitropolia': None, 'boss': None, 'type': 'Епархиальные монастыри Русской Православной Церкви', 'founded': '2000'}",,,,,
Мужской монастырь во имя Новомучеников и исповедников Церкви Русской г. Алапаевск  ,57.950439294477,61.704834187125,/upload/iblock/6af/1.jpg,1477,/monastyri/monastery/muzhskoy-monastyr-vo-imya-novomuchenikov-i-ispovednikov-tserkvi-russkoy-g-alapaevsk-/,"{'eparhia': None, 'mitropolia': None, 'boss': None, 'type': 'Епархиальные монастыри Русской Православной Церкви', 'founded': '1995'}",,,,,
Алатырский Киево-Николаевский Новодевичий монастырь,54.849697651902,46.601068424235,/upload/iblock/cd0/cd002e65d5563b7633814c3782c3f512/777.jpg,578,/monastyri/monastery/alatyrskiy-kievo-nikolaevskiy-novodevichiy-monastyr/,"{'eparhia': None, 'mitropolia': None, 'boss': None, 'type': 'Епархиальные монастыри Русской Православной Церкви', 'founded': '1639'}",,,,,
Алатырский Троицкий мужской монастырь,54.854775987938,46.594585855615,/upload/iblock/60c/60c6dcafd34fb86a4ef07f59f56d08ad/og.jpg,577,/monastyri/monastery/alatyrskiy-troitskiy-muzhskoy-monastyr/,"{'eparhia': None, 'mitropolia': None, 'boss': None, 'type': 'Епархиальные монастыри Русской Православной Церкви', 'founded': '1552'}",,,,,
Алейский Свято-Димитриевский мужской монастырь,52.484151671737,82.801828635582,/upload/iblock/187/1870bd0dad8d1788d3b527e4d325debd/dimitr_monast.jpg,2914,/monastyri/monastery/aleyskiy-svyato-dimitrievskiy-muzhskoy-monastyr/,"{'eparhia': None, 'mitropolia': None, 'boss': None, 'type': 'Епархиальные монастыри Русской Православной Церкви', 'founded': '1994'}",,,,,
Александро-Невский женский монастырь с. Маклаково,56.888703137467,37.578053577349,/upload/iblock/552/552ac6b19901b5b92accf8fe98f7191f/1.jpg,126,/monastyri/monastery/aleksandro-nevskiy-zhenskiy-monastyr-s-maklakovo/,"{'eparhia': None, 'mitropolia': None, 'boss': None, 'type': 'Епархиальные монастыри Русской Православной Церкви', 'founded': '1895'}",,,,,
Свято-Троицкий Александро-Невский ставропигиальный женский монастырь,56.108909087866,36.586687099774,/upload/iblock/da2/y56xmahcjxtarovhzkuwaxszhr7wd05p/monasterium_24_03_11.jpg,76,/monastyri/monastery/svyato-troitskiy-aleksandro-nevskiy-stavropigialnyy-zhenskiy-monastyr/,"{'eparhia': None, 'mitropolia': None, 'boss': None, 'type': 'Ставропигиальные монастыри Русской Православной Церкви', 'founded': '1899'}",,,,,
Александро-Невский монастырь в с.Кюрегаси Моргаушского района,56.093347,46.806457,/upload/iblock/99b/99b5ef4cf2eae5e757650c90ba15d960/monastur.jpg,574,/monastyri/monastery/aleksandro-nevskiy-monastyr-v-s-kyuregasi-morgaushskogo-rayona/,"{'eparhia': None, 'mitropolia': None, 'boss': None, 'type': 'Епархиальные монастыри Русской Православной Церкви', 'founded': '1903'}",,,,,
Александро-Невский мужской монстырь в деревне Кимляй,54.13562,43.775113,/upload/iblock/3b9/3b97a24c8e48ab8f8cee3defd67bb044/IMG_8088.jpg,433,/monastyri/monastery/aleksandro-nevskiy-muzhskoy-monstyr-v-derevne-kimlyay/,"{'eparhia': None, 'mitropolia': None, 'boss': None, 'type': 'Епархиальные монастыри Русской Православной Церкви', 'founded': ''}",,,,,
Александро-Невский Ново-Тихвинский женский монастырь города Екатеринбурга ,56.822779408162,60.598488838623,/upload/iblock/509/novo_tikhvinskiy_zhenskiy_monastyr_ekaterinburg_39.jpg,1417,/monastyri/monastery/aleksandro-nevskiy-novo-tikhvinskiy-zhenskiy-monastyr-g-ekaterinburga-/,"{'eparhia': None, 'mitropolia': None, 'boss': None, 'type': 'Епархиальные монастыри Русской Православной Церкви', 'founded': '1809'}",,,,,
Свято-Александро-Невский ставропигиальный женский монастырь Киевской епархии,51.272128064809,24.12268308278,/upload/iblock/6f6/o3sq84r6b2vzrt7qta16m8xrefiukgqn/00.jpg,1020,/monastyri/monastery/svyato-aleksandro-nevskiy-stavropigialnyy-zhenskiy-monastyr-kievskoy-eparkhii/,"{'eparhia': None, 'mitropolia': None, 'boss': None, 'type': 'Монастыри УПЦ МП', 'founded': '2012'}",,,,,
Александро-Ошевенский мужской монастырь,61.858539553007,38.781148231507,/upload/iblock/fd9/fd9e54f0505d316669668b3db7501ac5/oXWi6qwNwWw.jpg,682,/monastyri/monastery/aleksandro-oshevenskiy-muzhskoy-monastyr/,"{'eparhia': None, 'mitropolia': None, 'boss': None, 'type': 'Епархиальные монастыри Русской Православной Церкви', 'founded': ''}",,,,,
Свято-Александровский  мужской монастырь города Суздаля ,56.427049468359,40.440736708668,/upload/iblock/86c/86c0527bf8010da3e332458deeb8e255/vv.jpg,191,/monastyri/monastery/svyato-aleksandrovskiy-muzhskoy-monastyr-goroda-suzdalya-/,"{'eparhia': None, 'mitropolia': None, 'boss': None, 'type': 'Епархиальные монастыри Русской Православной Церкви', 'founded': '1240'}",,,,,
Алексеево-Акатов женский монастырь г. Воронежа ,51.674741509916,39.222568957672,/upload/iblock/657/65711e0fa0a052bf1df9d4b71f5e54fa/001.jpg,466,/monastyri/monastery/alekseevo-akatov-zhenskiy-monastyr-g-voronezha-/,"{'eparhia': None, 'mitropolia': None, 'boss': None, 'type': 'Епархиальные монастыри Русской Православной Церкви', 'founded': '1620'}",,,,,
Алексеевский женский монастырь в Угличе ,57.526590938707,38.330572982803,/upload/iblock/afb/afbed8f0804e498d7914bb5780e7926d/11.jpeg,202,/monastyri/monastery/alekseevskiy-zhenskiy-monastyr-v-ugliche-/,"{'eparhia': None, 'mitropolia': None, 'boss': None, 'type': 'Епархиальные монастыри Русской Православной Церкви', 'founded': '1371'}",,,,,
Алексеевский ставропигиальный женский монастырь,55.784009912285,37.667146766026,/upload/iblock/9f6/monasterium.ru_00.png,5,/monastyri/monastery/alekseevskiy-stavropigialnyy-zhenskiy-monastyr/,"{'eparhia': None, 'mitropolia': None, 'boss': None, 'type': 'Ставропигиальные монастыри Русской Православной Церкви', 'founded': '1358'}",,,,,
Свято-Анастасиевский ставропигиальный женский монастырь Киевской епархии,50.265833534271,28.617286465607,/upload/iblock/04e/oz5co093c35s3n2r68m2z7qh2fst42jo/05.jpg,857,/monastyri/monastery/svyato-anastasievskiy-stavropigialnyy-zhenskiy-monastyr-kievskoy-eparkhii/,"{'eparhia': None, 'mitropolia': None, 'boss': None, 'type': 'Монастыри УПЦ МП', 'founded': '1999'}",,,,,
Андреевский мужской монастырь в г. Мирный,62.542391111701,113.98835489815,/upload/iblock/066/06685dc7cd41772ecee146f8966bf3ea/IMG_4743_720x380.jpg,4157,/monastyri/monastery/andreevskiy-muzhskoy-monastyr-v-g-mirnyy/,"{'eparhia': None, 'mitropolia': None, 'boss': None, 'type': 'Епархиальные монастыри Русской Православной Церкви', 'founded': '2014'}",,,,,
Андреевский мужской монастырь с. Андреевка ,51.932888,56.6388,/upload/iblock/238/2384221c299698d3c6fd51a40ff2fce5/1.jpg,1314,/monastyri/monastery/andreevskiy-muzhskoy-monastyr-s-andreevka-/,"{'eparhia': None, 'mitropolia': None, 'boss': None, 'type': 'Епархиальные монастыри Русской Православной Церкви', 'founded': '1996'}",,,,,
"Свято-Андреевский мужской монастырь, с. Первозвановка ",48.340449764629,39.416718934358,/upload/iblock/648/qf864u2ttco0mje67bjprkq85gwoe5n5/00-_1_.jpg,834,/monastyri/monastery/svyato-andreevskiy-muzhskoy-monastyr-s-pervozvanovka-rovenkovskoy-eparkhii/,"{'eparhia': None, 'mitropolia': None, 'boss': None, 'type': 'Епархиальные монастыри Русской Православной Церкви', 'founded': '1997'}",,,,,
Андреевский скит Александро-Невской лавры ,59.929898843147,30.714869003373,/upload/iblock/6b3/1.jpg,618,/monastyri/monastery/skit-sv-ap-andreya-pervozvannogo/,"{'eparhia': None, 'mitropolia': None, 'boss': None, 'type': 'скит епархиального монастыря', 'founded': '1998'}",,,,,
Андреевский ставропигиальный мужской монастырь,55.711939679732,37.575220311674,/upload/iblock/ecf/4tn7xhlvoay3rn4j701za7xp3jdui2nt/HVM39151.JPG,6,/monastyri/monastery/andreevskiy-stavropigialnyy-muzhskoy-monastyr/,"{'eparhia': None, 'mitropolia': None, 'boss': None, 'type': 'Ставропигиальные монастыри Русской Православной Церкви', 'founded': ''}",,,,,
Антоние-Феодосиевский Потоцкий мужской монастырь Кременчугской епархии,49.123469607077,33.603625820786,/upload/iblock/4ae/t53ccdi9h0sq5df3seo1or4scga8f9e1/03.jpg,786,/monastyri/monastery/antonie-feodosievskiy-pototskiy-muzhskoy-monastyr-kremenchugskoy-eparkhii/,"{'eparhia': None, 'mitropolia': None, 'boss': None, 'type': 'Монастыри УПЦ МП', 'founded': '2003'}",,,,,
Антониево-Дымский мужской монастырь,59.574383321721,33.682040226464,/upload/iblock/249/249812c69d9e520e0ca171e109ecb9a1/1.jpg,485,/monastyri/monastery/antonievo-dymskiy-muzhskoy-monastyre/,"{'eparhia': None, 'mitropolia': None, 'boss': None, 'type': 'Епархиальные монастыри Русской Православной Церкви', 'founded': '1243'}",,,,,
Апостола и евангелиста Луки мужской монастырь в с. Лаки ,44.665452692771,33.95283312136,/upload/iblock/26d/26d82d875b44b1b57490c20dd37c0d60/0.jpg,1261,/monastyri/monastery/apostola-i-evangelista-luki-muzhskoy-monastyr-v-s-laki-/,"{'eparhia': None, 'mitropolia': None, 'boss': None, 'type': 'Епархиальные монастыри Русской Православной Церкви', 'founded': '2009'}",,,,,
Женский монастырь в честь иконы Божией Матери «Нерушимая Стена» г. Апшеронска,44.446165304238,39.764997652115,/upload/iblock/90d/90d8bd485734975d6f6282c30dcbb30d/35427538165_bb378d30b4_b.jpg,1267,/monastyri/monastery/zhenskiy-monastyr-v-chest-ikony-bozhiey-materi-nerushimaya-stena-g-apsheronska/,"{'eparhia': None, 'mitropolia': None, 'boss': None, 'type': 'Епархиальные монастыри Русской Православной Церкви', 'founded': '2002'}",,,,,
Арзамасский Спасо-Преображенский мужской монастырь,55.38443214351,43.818230175089,/upload/iblock/9ed/monast-1.jpg,392,/monastyri/monastery/arzamasskiy-spaso-preobrazhenskiy-muzhskoy-monastyr/,"{'eparhia': None, 'mitropolia': None, 'boss': None, 'type': 'Епархиальные монастыри Русской Православной Церкви', 'founded': '1555'}",,,,,
Арзамасское подворье Серафимо-Дивеевского монастыря,55.383025566452,43.823915722177,/upload/iblock/02e/pict2388.jpg,393,/monastyri/monastery/arzamasskoe-podvore-svyato-troitskogo-serafimo-diveevskogo-monastyrya/,"{'eparhia': None, 'mitropolia': None, 'boss': None, 'type': 'подворье епархиального монастыря', 'founded': ''}",,,,,
Свято-Артемиев Веркольский мужской монастырь,63.796969315744,45.160739835346,/upload/iblock/89d/artemiev.jpg,988,/monastyri/monastery/svyato-artemiev-verkolskiy-muzhskoy-monastyr/,"{'eparhia': None, 'mitropolia': None, 'boss': None, 'type': 'Епархиальные монастыри Русской Православной Церкви', 'founded': '1630'}",,,,,
Архангело-Михайловский женский монастырь Харьковской епархии,48.899729151995,36.310196120867,/upload/iblock/f76/3dmjg7fhodqngc9dv612vhtcr2fgtqd5/2.jpeg,768,/monastyri/monastery/arkhangelo-mikhaylovskiy-zhenskiy-monastyr-kharkovskoy-eparkhii/,"{'eparhia': None, 'mitropolia': None, 'boss': None, 'type': 'Монастыри УПЦ МП', 'founded': ''}",,,,,
Свято-Архангело-Михайловский Зверинецкий мужской монастырь Киевской епархии,50.421191,30.556042,/upload/iblock/0e0/pjea5su3w98znkj3k42wg3nj1igf679b/0.jpg,758,/monastyri/monastery/svyato-arkhangelo-mikhaylovskiy-zverinetskiy-muzhskoy-monastyr-kievskoy-eparkhii/,"{'eparhia': None, 'mitropolia': None, 'boss': None, 'type': 'Монастыри УПЦ МП', 'founded': ''}",,,,,
"Архангело-Михайловский мужской монастырь, с. Грушево Хустской епархии",48.004939650906,23.769416858536,/upload/iblock/aab/b9lxn5hviqn3j0j09sgrbsovgu09socm/2.jpg,1279,/monastyri/monastery/arkhangelo-mikhaylovskiy-muzhskoy-monastyr-s-grushevo-khustskoy-eparkhii/,"{'eparhia': None, 'mitropolia': None, 'boss': None, 'type': 'Монастыри УПЦ МП', 'founded': ''}",,,,,
Свято-Архангело-Михайловский Одесский женский монастырь Одесской епархии,46.475064075439,30.75143935631,/upload/iblock/8e7/pjem1i1w4br8863c93dq8l0qa8lii362/svyato_arhangelo_mihajlivskij_zhinochij_monastir_1024x577.jpg,1137,/monastyri/monastery/svyato-arkhangelo-mikhaylovskiy-odesskiy-zhenskiy-monastyr/,"{'eparhia': None, 'mitropolia': None, 'boss': None, 'type': 'Монастыри УПЦ МП', 'founded': '1835'}",,,,,
Архангельское подворье Артемиево-Веркольского мужского монастыря,64.507466479033,40.66430498941,/upload/iblock/290/29019c1c0f868d7fa3fb27bb7e6f7917/1.jpg,988,/monastyri/monastery/arkhangelskoe-podvore-artemievo-verkolskogo-muzhskogo-monastyrya/,"{'eparhia': None, 'mitropolia': None, 'boss': None, 'type': 'подворье епархиального монастыря', 'founded': '2001'}",,,,,
Архитектурный ансамбль приходских церквей - летняя Петропавловская и зимняя в честь святителя Николая Чудотворца,56.427885187399,40.436131165359,/upload/iblock/ac6/ac6d95c44666b967838f30decbae83fc/ll.jpg,191,/monastyri/monastery/arkhitekturnyy-ansambl-prikhodskikh-tserkvey-letnyaya-petropavlovskaya-i-zimnyaya-v-chest-svyatitelya/,"{'eparhia': None, 'mitropolia': None, 'boss': None, 'type': 'приписной храм епархиального монастыря', 'founded': ''}",,,,,
Астраханский Иоанно-Предтеченский монастырь,46.348976179279,48.058384304893,/upload/iblock/a4a/a4af1b4bbd5d0f511e4d4c5e30979673/PANORAMA-letom.JPG,1273,/monastyri/monastery/astrakhanskiy-ioanno-predtechenskiy-monastyr/,"{'eparhia': None, 'mitropolia': None, 'boss': None, 'type': 'Епархиальные монастыри Русской Православной Церкви', 'founded': '1688'}",,,,,
Ахтырский Свято-Троицкий мужской монастырь Сумской епархии,50.312178909363,34.834345035374,/upload/iblock/7c4/u50e17rgt7ujgvyyc3gd6b5wch9lh4ex/00.jpg,634,/monastyri/monastery/akhtyrskiy-svyato-troitskiy-muzhskoy-monastyr-sumskoy-eparkhii/,"{'eparhia': None, 'mitropolia': None, 'boss': None, 'type': 'Монастыри УПЦ МП', 'founded': '1654'}",,,,,
Ачаирский женский монастырь Честного Креста Господня,54.665998537071,73.809579899557,/upload/iblock/6ac/6ac90a332714e5dcf637f4beaf909540/1.jpg,2274,/monastyri/monastery/achairskiy-zhenskiy-monastyr-chestnogo-kresta-gospodnya/,"{'eparhia': None, 'mitropolia': None, 'boss': None, 'type': 'Епархиальные монастыри Русской Православной Церкви', 'founded': '1902'}",,,,,
Балашовский Покровский женский монастырь,51.537183685293,43.158942542861,/upload/iblock/86f/86f96e526ebac2d59d19cf9a8276c931/IMGM4933.jpg,595,/monastyri/monastery/balashovskiy-pokrovskiy-zhenskiy-monastyr/,"{'eparhia': None, 'mitropolia': None, 'boss': None, 'type': 'Епархиальные монастыри Русской Православной Церкви', 'founded': '1862'}",,,,,
Барнаульский Знаменский женский монастырь,53.327464165886,83.796664810224,/upload/iblock/d76/d76d69552704f6ca51ffc31cb0bf4a26/1.jpg,2936,/monastyri/monastery/barnaulskiy-znamenskiy-zhenskiy-monastyr/,"{'eparhia': None, 'mitropolia': None, 'boss': None, 'type': 'Епархиальные монастыри Русской Православной Церкви', 'founded': '1994'}",,,,,
Белевский Рождество-Богородичный женский  монастырь Ровенской епархии,50.683822,26.027108,/upload/iblock/2f6/rwuyvyjmzw8bx85ecjvvw8d05rlu22y7/00.jpg,954,/monastyri/monastery/belevskiy-rozhdestvo-bogorodichnyy-zhenskiy-monastyr-rovenskoy-eparkhii/,"{'eparhia': None, 'mitropolia': None, 'boss': None, 'type': 'Монастыри УПЦ МП', 'founded': '1928'}",,,,,
Белевский Спасо-Преображенский Крестовоздвиженский мужской монастырь,53.806624,36.142482,/upload/iblock/30a/30af4a407875434985521350ecf595d9/1.jpg,237,/monastyri/monastery/belevskiy-spaso-preobrazhenskiy-krestovozdvizhenskiy-muzhskoy-monastyr/,"{'eparhia': None, 'mitropolia': None, 'boss': None, 'type': 'Епархиальные монастыри Русской Православной Церкви', 'founded': '15'}",,,,,
Бело-Бережская Иоанно-Предтеченская мужская пустынь,53.236207736455,34.575223060569,/upload/iblock/776/776af5d10ba7dd427813844b9dab55b7/CISB62iTFj0.jpg,343,/monastyri/monastery/belo-berezhskaya-ioanno-predtechenskaya-muzhskaya-pustyn/,"{'eparhia': None, 'mitropolia': None, 'boss': None, 'type': 'Епархиальные монастыри Русской Православной Церкви', 'founded': '1721'}",,,,,
Белогорский Свято-Николаевский миссионерский мужской монастырь ,57.392161723842,56.230201669311,/upload/iblock/ede/ede6852d350b44aca5afeb1b7acea640/2.jpg,1151,/monastyri/monastery/belogorskiy-svyato-nikolaevskiy-missionerskiy-muzhskoy-monastyr-/,"{'eparhia': None, 'mitropolia': None, 'boss': None, 'type': 'Епархиальные монастыри Русской Православной Церкви', 'founded': '1891'}",,,,,
Белогорское подворье Троицкого мужского монастыря с. Троицкое,50.9156009973,128.51588614418,/upload/iblock/6fa/6faa0a78272ecf35258eed7acad4a438/KHram_ikony_Bozhiey_Materi_Skoroposlushnitsa_g._Belogorska.jpg,5616,/monastyri/monastery/belogorskoe-podvore-troitskogo-muzhskogo-monastyrya-s-troitskoe/,"{'eparhia': None, 'mitropolia': None, 'boss': None, 'type': 'подворье епархиального монастыря', 'founded': '2013'}",,,,,
Белопольский в честь Боголюбской иконы Божией Матери мужской монастырь  Сумской епархии,51.164170742344,34.315013065416,/upload/iblock/40e/cyplmrz6cn9l3oq24vgzkm63gx4j4gdh/24611_806_ht8o10.jpg,556,/monastyri/monastery/belopolskiy-v-chest-bogolyubskoy-ikony-bozhiey-materi-muzhskoy-monastyr-sumskoy-eparkhii/,"{'eparhia': None, 'mitropolia': None, 'boss': None, 'type': 'Монастыри УПЦ МП', 'founded': '1992'}",,,,,
Березвечский женский монастырь в честь Архистратига Божия Михаила в г. Глубокое Полоцкой епархии,55.158467997724,27.682293415344,/upload/iblock/0d9/0d958e9d55d7c11c021ac5e3991f1bcd/11.jpg,630,/monastyri/monastery/berezvechskiy-zhenskiy-monastyr-v-chest-arkhistratiga-bozhiya-mikhaila-v-g-glubokoe-polotskoy-eparkh/,"{'eparhia': None, 'mitropolia': None, 'boss': None, 'type': 'Монастыри Белорусской Православной Церкви', 'founded': '1643'}",,,,,
Святых бессребреников Космы и Дамиана мужской монастырь  ,44.664824015578,34.270151436982,/upload/iblock/05c/05cb354ba808d08233472d91207c45a9/1.jpg,1256,/monastyri/monastery/svyatykh-bessrebrenikov-kosmy-i-damiana-muzhskoy-monastyr-/,"{'eparhia': None, 'mitropolia': None, 'boss': None, 'type': 'Епархиальные монастыри Русской Православной Церкви', 'founded': '1856'}",,,,,
Бизюковский Григориевский мужской монастырь Новокаховской епархии ,46.956030984195,33.604066439777,/upload/iblock/367/lvnmgxjt711kk2ze4e0zntl5899t5r70/Bizjukov_2.jpg,1017,/monastyri/monastery/bizyukovskiy-grigorievskiy-muzhskoy-monastyr-novokakhovskoy-eparkhii-/,"{'eparhia': None, 'mitropolia': None, 'boss': None, 'type': 'Монастыри УПЦ МП', 'founded': '1782'}",,,,,
"Биробиджанский женский монастырь  во имя святителя Иннокентия, митрополита Московского в селе Раздольное",48.848563791199,132.83740923743,/upload/iblock/b03/b03273a88ee769808c1f6cf8b6a3ae66/monastyr_razdolnoe.jpg,5997,/monastyri/monastery/birobidzhanskiy-zhenskiy-monastyr-vo-imya-svyatitelya-innokentiya-mitropolita-moskovskogo-v-sele-raz/,"{'eparhia': None, 'mitropolia': None, 'boss': None, 'type': 'Епархиальные монастыри Русской Православной Церкви', 'founded': '2007'}",,,,,
Благовещенский Борисоглебский женский монастырь поселка Краснояр,56.583495994507,59.865629641494,/upload/iblock/7af/thhs78wjzp8wmywrq2upvpvh73mrxaox/GL203gLf48E.jpg,1375,/monastyri/monastery/blagoveshchenskiy-borisoglebskiy-zhenskiy-monastyr-poselka-krasnoyar/,"{'eparhia': None, 'mitropolia': None, 'boss': None, 'type': 'Епархиальные монастыри Русской Православной Церкви', 'founded': '2005'}",,,,,
Благовещенский женский монастырь  г.Бежецка,57.779849019719,36.700084559524,/upload/iblock/207/207f1e574ce3c8af20028a3ed963cf29/krestovozdvm1a.jpg,232,/monastyri/monastery/blagoveshchenskiy-zhenskiy-monastyr-g-bezhetska/,"{'eparhia': None, 'mitropolia': None, 'boss': None, 'type': 'Епархиальные монастыри Русской Православной Церкви', 'founded': '1879'}",,,,,
Свято-Благовещенский женский монастырь в г. Вязники,56.248344953482,42.145685095102,/upload/iblock/928/9287f34d6df8e4646de07458b8cdd521/1.jpg,287,/monastyri/monastery/svyato-blagoveshchenskiy-zhenskiy-monastyr-v-g-vyazniki/,"{'eparhia': None, 'mitropolia': None, 'boss': None, 'type': 'Епархиальные монастыри Русской Православной Церкви', 'founded': '1641'}",,,,,
Свято-Благовещенский женский монастырь г. Киржача ,56.161830910584,38.870014940475,/upload/iblock/506/5067891c8549c41051f0cbb579cbbee4/yuyu.jpg,91,/monastyri/monastery/svyato-blagoveshchenskiy-zhenskiy-monastyr-g-kirzhacha-/,"{'eparhia': None, 'mitropolia': None, 'boss': None, 'type': 'Епархиальные монастыри Русской Православной Церкви', 'founded': '1358'}",,,,,
Благовещенский женский монастырь г. Красноярска,56.014188538979,92.886221126984,/upload/iblock/683/i.jpg,3354,/monastyri/monastery/blagoveshchenskiy-zhenskiy-monastyr-g-krasnoyarska/,"{'eparhia': None, 'mitropolia': None, 'boss': None, 'type': 'Епархиальные монастыри Русской Православной Церкви', 'founded': '1995'}",,,,,
Благовещенский женский монастырь г. Стерлитамака,53.607351176742,55.929928350954,/upload/iblock/034/034f9e9879e3fccf0203ece5411f15c1/moi_foto_za_2010_god._110.jpg,1198,/monastyri/monastery/blagoveshchenskiy-zhenskiy-monastyr-g-sterlitamaka/,"{'eparhia': None, 'mitropolia': None, 'boss': None, 'type': 'Епархиальные монастыри Русской Православной Церкви', 'founded': '1826'}",,,,,
Благовещенский женский монастырь с. Ожога,52.037442288926,38.094392588955,/upload/iblock/b5b/014.jpg,415,/monastyri/monastery/blagoveshchenskiy-zhenskiy-monastyr-s-ozhoga/,"{'eparhia': None, 'mitropolia': None, 'boss': None, 'type': 'Епархиальные монастыри Русской Православной Церкви', 'founded': '2005'}",,,,,
Благовещенский женский монастырь села Сновицы  ,56.17686,40.37314,/upload/iblock/f89/2.jpg,178,/monastyri/monastery/blagoveshchenskiy-zhenskiy-monastyr-sela-snovitsy-/,"{'eparhia': None, 'mitropolia': None, 'boss': None, 'type': 'Епархиальные монастыри Русской Православной Церкви', 'founded': '2020'}",,,,,
Благовещенский женский монастырь Херсонской епархии,46.638755565369,32.458503724986,/upload/iblock/b15/rz14i5s0edhmfmfia9z25wkij28uwwxd/22.jpeg,1075,/monastyri/monastery/blagoveshchenskiy-zhenskiy-monastyr-khersonskoy-eparkhii/,"{'eparhia': None, 'mitropolia': None, 'boss': None, 'type': 'Монастыри УПЦ МП', 'founded': '1856'}",,,,,
Благовещенский Ионо-Яшезерский мужской монастырь,61.322222,34.940053,/upload/iblock/e73/e736beafd68f169f194af163f11d69f8/fot31_08.jpg,639,/monastyri/monastery/blagoveshchenskiy-iono-yashezerskiy-muzhskoy-monastyr/,"{'eparhia': None, 'mitropolia': None, 'boss': None, 'type': 'Епархиальные монастыри Русской Православной Церкви', 'founded': '1562'}",,,,,
Благовещенский мужской монастырь Киевской епархии,50.370133913397,30.701842552692,/upload/iblock/f72/njdpp04ia5c9p3zgg9isqee1ud2pp60g/00.jpg,756,/monastyri/monastery/blagoveshchenskiy-muzhskoy-monastyr-kievskoy-eparkhii/,"{'eparhia': None, 'mitropolia': None, 'boss': None, 'type': 'Монастыри УПЦ МП', 'founded': '2005'}",,,,,
"Благовещенский мужской монастырь, г. Нежин Нежинской епархии",51.048044212944,31.884692349703,/upload/iblock/4ec/rx9ucrge0dxpfw1mept0axe5zswf15sr/00-_1_.jpg,647,/monastyri/monastery/blagoveshchenskiy-muzhskoy-monastyr-g-nezhin-nezhinskoy-eparkhii/,"{'eparhia': None, 'mitropolia': None, 'boss': None, 'type': 'Монастыри УПЦ МП', 'founded': '1999'}",,,,,
Благовещенский Нижегородский мужской монастырь,56.323326500634,43.977619808874,/upload/iblock/905/905da48ac101c90edabcb019779c81c5/1300777294.jpg,400,/monastyri/monastery/blagoveshchenskiy-muzhskoy-monastyr/,"{'eparhia': None, 'mitropolia': None, 'boss': None, 'type': 'Епархиальные монастыри Русской Православной Церкви', 'founded': ''}",,,,,
Свято-Благовещенский Никандровский мужской монастырь с. Любовец,57.815907821734,29.285100997345,/upload/iblock/3da/3daa6442bbd15778022c6a7a3be0e3f4/11.jpg,557,/monastyri/monastery/svyato-blagoveshchenskiy-nikandrovskiy-muzhskoy-monastyr-s-lyubovets/,"{'eparhia': None, 'mitropolia': None, 'boss': None, 'type': 'Епархиальные монастыри Русской Православной Церкви', 'founded': '1584'}",,,,,
"Благовещенско-Казанское подворье Свято-Успенского женского монастыря, село Дунилово",57.00218267627,41.416439171936,/upload/iblock/c53/c53c685fc04a55dfbe96cacce86d68a4/Blagoveshchenskiy-KHram-m.jpg,272,/monastyri/monastery/blagoveshchensko-kazanskoe-podvore-svyato-uspenskogo-zhenskogo-monastyrya-selo-dunilovo/,"{'eparhia': None, 'mitropolia': None, 'boss': None, 'type': 'подворье ставропигиального монастыря', 'founded': '0'}",,,,,
Благовещенское подворье Троице-Сергиевой лавры,56.323269428555,38.08176466397,/upload/iblock/8a0/monasterium.rui_03.jpg,70,/monastyri/monastery/blagoveshchenskoe-podvore/,"{'eparhia': None, 'mitropolia': None, 'boss': None, 'type': 'подворье ставропигиального монастыря', 'founded': '14'}",,,,,
Благовещенское подворье Троицкого мужского монастыря с. Троицкое  ,50.26661950622,127.53512776323,/upload/iblock/a7b/a7bd9ec04725841904bddfd7d8619348/01_khram_Arkhangela_Gavriila_1.jpg,5615,/monastyri/monastery/blagoveshchenskoe-podvore-troitskogo-muzhskogo-monastyrya-s-troitskoe-/,"{'eparhia': None, 'mitropolia': None, 'boss': None, 'type': 'подворье епархиального монастыря', 'founded': '2013'}",,,,,
Ближняя пустынь Иоанно-Богословского Макаровского монастыря.,54.159738063822,45.256659248688,/upload/iblock/6e4/6e4715b1be6bc924eae9e02c4adaa234/blizh.jpg,519,/monastyri/monastery/blizhnyaya-pustyn-ioanno-bogoslovskogo-makarovskogo-monastyrya/,"{'eparhia': None, 'mitropolia': None, 'boss': None, 'type': 'скит епархиального монастыря', 'founded': '2007'}",,,,,
 Свято-Боголюбский Алексиевский мужской монастырь г. Владимира,56.159084820456,40.476960927612,/upload/iblock/0dc/0dcee2a5b130aec14fdb39c6fdd6a33f/upload_87056830_4867_11e8_85da_735255e068dc.jpg,184,/monastyri/monastery/svyato-bogolyubskiy-aleksievskiy-muzhskoy-monastyr-g-vladimira/,"{'eparhia': None, 'mitropolia': None, 'boss': None, 'type': 'Епархиальные монастыри Русской Православной Церкви', 'founded': '1300'}",,,,,
Боголюбский женский монастырь в поселке Боголюбово,56.1961434765,40.536094635582,/upload/iblock/4e7/4e7ef8c958a5590ebe98d04ec17324aa/0111.jpg,189,/monastyri/monastery/bogolyubskiy-zhenskiy-monastyr-v-poselke-bogolyubovo/,"{'eparhia': None, 'mitropolia': None, 'boss': None, 'type': 'Епархиальные монастыри Русской Православной Церкви', 'founded': '1155'}",,,,,
Богородице-Алексиевский мужской монастырь г. Томска,56.481723018327,84.954542457672,/upload/iblock/c0c/c0c8ee53af0ac105c9c9b9a5b3437b7a/1.jpg,2877,/monastyri/monastery/bogoroditse-aleksievskom-muzhskom-monastyre-g-tomska/,"{'eparhia': None, 'mitropolia': None, 'boss': None, 'type': 'Епархиальные монастыри Русской Православной Церкви', 'founded': '1605'}",,,,,
Свято-Богородице-Казанский Жадовский мужской монастырь,53.572161555068,46.901142106242,/upload/iblock/363/img_2509_.jpg,644,/monastyri/monastery/svyato-bogoroditse-kazanskiy-zhadovskiy-muzhskoy-monastyr/,"{'eparhia': None, 'mitropolia': None, 'boss': None, 'type': 'Епархиальные монастыри Русской Православной Церкви', 'founded': '1714'}",,,,,
Богородице-Казанский Коробейниковский мужской монастырь,52.184194890458,83.704231224537,/upload/iblock/006/006016a0349a06b04c7c114a07293197/8124939_9_s.jpg,2984,/monastyri/monastery/bogoroditse-kazanskiy-korobeynikovskiy-muzhskoy-monastyr/,"{'eparhia': None, 'mitropolia': None, 'boss': None, 'type': 'Епархиальные монастыри Русской Православной Церкви', 'founded': '1994'}",,,,,
Богородице-Рождественский  женский монастырь г. Караганды Карагандинской епархии,49.805650735186,73.052563017197,/upload/iblock/250/michail.jpg,2444,/monastyri/monastery/bogoroditse-rozhdestvenskiy-zhenskiy-monastyr-g-karagandy-karagandinskoy-eparkhii/,"{'eparhia': None, 'mitropolia': None, 'boss': None, 'type': 'Монастыри Митрополичьего округа Русской Православной Церкви в республике Казахстан', 'founded': '1998'}",,,,,
Богородице-Рождественский Вэрзэрештский женский монастырь Унгенской и Ниспоренской епархии,47.104645,28.20071,/upload/iblock/bc2/ovommb6jh5uw6hvp6w7bbtkzclhvygg2/IMG_8492.jpg,1161,/monastyri/monastery/bogoroditse-rozhdestvenskiy-verzereshtskiy-zhenskiy-monastyr-ungenskoy-i-nisporenskoy-eparkhii/,"{'eparhia': None, 'mitropolia': None, 'boss': None, 'type': 'Монастыри Православной Церкви Молдовы', 'founded': '1420'}",,,,,
Богородице-Рождественский женский монастырь г. Тулы,54.255966646417,37.616522657425,/upload/iblock/721/721f4476e53cdaa6f3b5ee4b2055d64d/25.jpg,167,/monastyri/monastery/bogoroditserozhdestvenskiy-zhenskiy-monastyr-pos-gorelki-g-tuly/,"{'eparhia': None, 'mitropolia': None, 'boss': None, 'type': 'Епархиальные монастыри Русской Православной Церкви', 'founded': '2001'}",,,,,
Богородице-Рождественский Куркиевский мужской монастырь Кишиневской епархии,47.335333,28.653503,/upload/iblock/a85/0.jpg,1121,/monastyri/monastery/bogoroditse-rozhdestvenskiy-kurkievskiy-muzhskoy-monastyr-kishinevskoy-eparkhii/,"{'eparhia': None, 'mitropolia': None, 'boss': None, 'type': 'Монастыри Православной Церкви Молдовы', 'founded': '1773'}",,,,,
Богородице-Рождественский мужской монастырь города Владимира ,56.131056725588,40.413815789688,/upload/iblock/e23/e230792d199a32f5441ae2b7a93915e0/zpeObG_UMWs.jpg,180,/monastyri/monastery/bogoroditse-rozhdestvenskiy-muzhskoy-monastyr-goroda-vladimira-/,"{'eparhia': None, 'mitropolia': None, 'boss': None, 'type': 'Епархиальные монастыри Русской Православной Церкви', 'founded': '1191'}",,,,,
Богородице-Рождественский ставропигиальный женский монастырь,55.765854251266,37.623707048442,/upload/iblock/35d/vyd3x3wwwxnh27w1lejg2lvo7okrmllg/obl-_2_.jpg,2,/monastyri/monastery/bogoroditse-rozhdestvenskiy-stavropigialnyy-zhenskiy-monastyr/,"{'eparhia': None, 'mitropolia': None, 'boss': None, 'type': 'Ставропигиальные монастыри Русской Православной Церкви', 'founded': '1386'}",,,,,
Богородице-Рождественский Ферапонтов Белоезерский мужской монастырь,59.956357581052,38.567534568123,/upload/iblock/ebe/ebe5749327eb3953a7d2fc6815d5a562/f65bfcd653077e9201bd7a9d3d7476e5_L.jpg,471,/monastyri/monastery/bogoroditse-rozhdestvenskiy-ferapontov-beloezerskiy-muzhskoy-monastyr/,"{'eparhia': None, 'mitropolia': None, 'boss': None, 'type': 'Епархиальные монастыри Русской Православной Церкви', 'founded': ''}",,,,,
Богородице-Рождественское подворье Свято-Успенского Космина мужского монастыря в селе Большелучинское,56.482117646578,39.299956503744,/upload/iblock/7c6/7c6b8f4d95c81a72d0f8c1ddef0ac682/002_Bogoroditserozhd.-podv.-v-s.-Bolsheluchinskoe.jpg,132,/monastyri/monastery/bogoroditse-rozhdestvenskoe-podvore-svyato-uspenskogo-kosmina-muzhskogo-monastyrya-v-sele-bolsheluch/,"{'eparhia': None, 'mitropolia': None, 'boss': None, 'type': 'подворье епархиального монастыря', 'founded': ''}",,,,,
Богородице-Рождественское подворье Свято-Успенского Космина мужского монастыря в селе Федосьино,56.555357856909,39.658951841278,/upload/iblock/f02/f0288a1ce3a6e80bf10fefda98b54479/007_Bogoroditserozhd.-podv.-v-s.-Fedosino.jpg,155,/monastyri/monastery/bogoroditse-rozhdestvenskoe-podvore-svyato-uspenskogo-kosmina-muzhskogo-monastyrya-v-sele-fedosino/,"{'eparhia': None, 'mitropolia': None, 'boss': None, 'type': 'подворье епархиального монастыря', 'founded': ''}",,,,,
Богородице-Тихвинский женский монастырь поселка Приютово,53.907468443494,53.936069226251,/upload/iblock/75a/75a403cb90b85177120c91493c2002a3/1.jpg,1063,/monastyri/monastery/bogoroditse-tikhvinskiy-zhenskiy-monastyr-poselka-priyutovo/,"{'eparhia': None, 'mitropolia': None, 'boss': None, 'type': 'Епархиальные монастыри Русской Православной Церкви', 'founded': '2004'}",,,,,
Богородице-Тихоновский (Тюнин) женский монастырь  г. Задонска  ,52.414819475688,38.926692308182,/upload/iblock/42f/1.jpg,382,/monastyri/monastery/bogoroditse-tikhonovskiy-tyunin-zhenskiy-monastyr-g-zadonska-/,"{'eparhia': None, 'mitropolia': None, 'boss': None, 'type': 'Епархиальные монастыри Русской Православной Церкви', 'founded': ''}",,,,,
Богородицерождественский Бобренев мужской монастырь,55.118865448975,38.759957632263,/upload/iblock/e92/e92e9dc65db9c615d609da38ce90df2e/6.jpg,102,/monastyri/monastery/bogoroditserozhdestvenskiy-bobrenev-muzhskoy-monastyr/,"{'eparhia': None, 'mitropolia': None, 'boss': None, 'type': 'Епархиальные монастыри Русской Православной Церкви', 'founded': '1381'}",,,,,
Богородицкий Горбаневский женский монастырь Полтавской епархии,49.546071,34.479472,/upload/iblock/6b9/8z6mp8wha990z3gqwm3yxthmvk348fc5/00-_1_.jpg,723,/monastyri/monastery/bogoroditskiy-gorbanevskiy-zhenskiy-monastyr-poltavskoy-eparkhii/,"{'eparhia': None, 'mitropolia': None, 'boss': None, 'type': 'Монастыри УПЦ МП', 'founded': '2018'}",,,,,
Богородицкий Житенный женский монастырь,57.167337769491,33.093198949738,/upload/iblock/ebf/ebfab2eb44140a322c9bc60914200c3a/1.jpg,320,/monastyri/monastery/bogoroditskiy-zhitennyy-zhenskiy-monastyr/,"{'eparhia': None, 'mitropolia': None, 'boss': None, 'type': 'Епархиальные монастыри Русской Православной Церкви', 'founded': '1716'}",,,,,
Богородицкий Пятогорский женский монастырь,59.427363999499,29.669567203786,/upload/iblock/aea/spb_18_.jpg,625,/monastyri/monastery/bogoroditskiy-pyatogorskiy-zhenskiy-monastyr/,"{'eparhia': None, 'mitropolia': None, 'boss': None, 'type': 'Епархиальные монастыри Русской Православной Церкви', 'founded': '1860'}",,,,,
Богородицкий скит Благовещенского мужского монастыря в честь иконы «Неупиваемая чаша»,56.266581223989,44.298856214249,/upload/iblock/b63/b633f32c400564233fbdc8a4632189d7/photo_3.jpg,420,/monastyri/monastery/bogoroditskiy-skit-blagoveshchenskogo-muzhskogo-monastyrya-v-chest-ikony-neupivaemaya-chasha/,"{'eparhia': None, 'mitropolia': None, 'boss': None, 'type': 'подворье ставропигиального монастыря', 'founded': ''}",,,,,
Богородично-Рождественская девичья пустынь в селе Барятино,54.844575120904,35.988877923296,/upload/iblock/da4/da4fca58baa1299297fe18a186edfa52/index42.jpg,145,/monastyri/monastery/bogorodichno-rozhdestvenskaya-devichya-pustyn-v-sele-baryatino/,"{'eparhia': None, 'mitropolia': None, 'boss': None, 'type': 'Епархиальные монастыри Русской Православной Церкви', 'founded': '1995'}",,,,,
Богородично-Рождественский Ильинский женский монастырь,57.160353813984,65.548430423279,/upload/iblock/b91/b91801582f7d9ddbf5be664bfeb6fdea/48744520996_289b556088_z.jpg,1712,/monastyri/monastery/bogorodichno-rozhdestvenskiy-ilinskiy-zhenskiy-monastyr/,"{'eparhia': None, 'mitropolia': None, 'boss': None, 'type': 'Епархиальные монастыри Русской Православной Церкви', 'founded': '1620'}",,,,,
Богородичный Щегловский мужской монастырь города Тулы,54.211885105417,37.67643,/upload/iblock/af4/2.jpg,172,/monastyri/monastery/bogorodichnyy-shcheglovskiy-muzhskoy-monastyr-goroda-tuly/,"{'eparhia': None, 'mitropolia': None, 'boss': None, 'type': 'Епархиальные монастыри Русской Православной Церкви', 'founded': '1859'}",,,,,
Богородское подворье Троице-Сергиевой лавры,56.505836820036,38.183846341247,/upload/iblock/a2a/monasterium.ru_01.jpg,91,/monastyri/monastery/bogorodskoe-podvore/,"{'eparhia': None, 'mitropolia': None, 'boss': None, 'type': 'подворье ставропигиального монастыря', 'founded': ''}",,,,,
Богоявленская пустынь (Скит Патриарха Никона),55.924115424013,36.841860559823,/upload/iblock/929/9297dfbf51e4db903d72eec5cea1b9e4/bogoyavl.jpg,52,/monastyri/monastery/bogoyavlenskaya-pustyn-skit-patriarkha-nikona/,"{'eparhia': None, 'mitropolia': None, 'boss': None, 'type': 'скит ставропигиального монастыря', 'founded': '1657'}",,,,,
Богоявленский женский монастырь города Углича ,57.522810910381,38.321135404091,/upload/iblock/16c/16cfb70bf6f7e8402a75110d1b70c156/022-Bogoyavlenskiy-Sobor.JPG,202,/monastyri/monastery/bogoyavlenskiy-zhenskiy-monastyr-goroda-uglicha-/,"{'eparhia': None, 'mitropolia': None, 'boss': None, 'type': 'Епархиальные монастыри Русской Православной Церкви', 'founded': '1295'}",,,,,
Свято-Богоявленский женский монастырь с. Диковка Александрийской епархии,48.773273,32.843725,/upload/iblock/2d5/v6uu4rttb4hly6sw04qcxwxv8bi0zijt/00.jpg,842,/monastyri/monastery/svyato-bogoyavlenskiy-zhenskiy-monastyr-s-dikovka-aleksandriyskoy-eparkhii/,"{'eparhia': None, 'mitropolia': None, 'boss': None, 'type': 'Монастыри УПЦ МП', 'founded': '1996'}",,,,,
Богоявленский Кожеезерский монастырь,63.180002155815,39.153082652843,/upload/iblock/4aa/4aa89561b038d82061f96db96f31eafa/3.jpg,831,/monastyri/monastery/bogoyavlenskiy-kozheezerskiy-muzhskoy-monastyr/,"{'eparhia': None, 'mitropolia': None, 'boss': None, 'type': 'Епархиальные монастыри Русской Православной Церкви', 'founded': '1560'}",,,,,
Свято-Богоявленский Кременецкий женский монастырь Тернопольской епархии ,50.103408,25.728274,/upload/iblock/0e9/afydbk1xwsvge0qxydsy2f5b1j7q529x/kremenets.jpg,1013,/monastyri/monastery/svyato-bogoyavlenskiy-kremenetskiy-zhenskiy-monastyr-ternopolskoy-eparkhii-/,"{'eparhia': None, 'mitropolia': None, 'boss': None, 'type': 'Монастыри УПЦ МП', 'founded': '1636'}",,,,,
Свято-Богоявленский мужской монастырь в поселке  Мстёра,56.375164,41.939042,/upload/iblock/420/420491772b8f40f291b6ae2907cad980/3333.JPG,277,/monastyri/monastery/svyato-bogoyavlenskiy-muzhskoy-monastyr-v-poselke-mstyera/,"{'eparhia': None, 'mitropolia': None, 'boss': None, 'type': 'Епархиальные монастыри Русской Православной Церкви', 'founded': '1687'}",,,,,
Богоявленский мужской монастырь г. Камень-на-Оби,53.783129625899,81.349063998132,/upload/iblock/697/697f9f3887371f0187df87a69ccab474/M7jxVKGkPG4.jpg,2767,/monastyri/monastery/bogoyavlenskiy-muzhskoy-monastyr-g-kamen-na-obi/,"{'eparhia': None, 'mitropolia': None, 'boss': None, 'type': 'Епархиальные монастыри Русской Православной Церкви', 'founded': '1902'}",,,,,
Богоявленский мужской монастырь г. Челябинска ,55.111323358651,61.425433218246,/upload/iblock/817/8173388e06a37d72281f4b475cab1198/DSC02355_0.JPG,1497,/monastyri/monastery/bogoyavlenskiy-muzhskoy-monastyr-g-chelyabinska-/,"{'eparhia': None, 'mitropolia': None, 'boss': None, 'type': 'Епархиальные монастыри Русской Православной Церкви', 'founded': '2017'}",,,,,
Богоявленский Старо-Голутвин мужской монастырь,55.079204494122,38.833044347885,/upload/iblock/196/1964ab354c00f6b77e3667e57d7afd65/27.jpg,108,/monastyri/monastery/bogoyavlenskiy-staro-golutvin-muzhskoy-monastyr/,"{'eparhia': None, 'mitropolia': None, 'boss': None, 'type': 'Епархиальные монастыри Русской Православной Церкви', 'founded': '1385'}",,,,,
Богоявленско-Анастасиин женский монастырь,57.772997491303,40.925148900947,/upload/iblock/7b9/qgvg7m6044vxmsyxr59vsfyjxjsa4i1g/Bogoyavlensko_Anastasiin-zhenskiy-monastyr-_-2.jpg,302,/monastyri/monastery/bogoyavlensko-anastasiin-zhenskiy-monastyr/,"{'eparhia': None, 'mitropolia': None, 'boss': None, 'type': 'Епархиальные монастыри Русской Православной Церкви', 'founded': '1426'}",,,,,
"Больничный храм в честь иконы Пресвятой Богородицы «Всецарица»,",57.983857327921,56.187344492393,,1152,/monastyri/monastery/bolnichnyy-khram-v-chest-ikony-presvyatoy-bogoroditsy-vsetsaritsa-/,"{'eparhia': None, 'mitropolia': None, 'boss': None, 'type': 'подворье епархиального монастыря', 'founded': '2004'}",,,,,
"Больничный храм в честь святителя Луки Крымского, подворье Пермского Троицкого монастыря",58.005825981462,56.23488950418,,1155,/monastyri/monastery/bolnichnyy-khram-v-chest-svyatitelya-luki-krymskogo-podvore-permskogo-troitskogo-monastyrya/,"{'eparhia': None, 'mitropolia': None, 'boss': None, 'type': 'подворье епархиального монастыря', 'founded': '2004'}",,,,,
Большегнеушевский женский монастырь Казанской иконы Божией Матери ,51.720577728431,34.549961107194,/upload/iblock/7e8/7e855179137e500824ff0bfa305c5929/1.JPG,492,/monastyri/monastery/bolshegneushevskiy-zhenskiy-monastyr-kazanskoy-ikony-bozhiey-materi-/,"{'eparhia': None, 'mitropolia': None, 'boss': None, 'type': 'Епархиальные монастыри Русской Православной Церкви', 'founded': '1997'}",,,,,
Борисо-Глебский женский монастырь Изюмской епархии,49.789683297998,36.349925560852,/upload/iblock/0f9/572bb2cj4ra4w1xogwan93x23nj6907v/00.jpg,669,/monastyri/monastery/boriso-glebskiy-zhenskiy-monastyr-izyumskoy-eparkhii/,"{'eparhia': None, 'mitropolia': None, 'boss': None, 'type': 'Монастыри УПЦ МП', 'founded': '1997'}",,,,,
Борисоглебский Аносин ставропигиальный женский монастырь,55.838658780043,37.007878297493,/upload/iblock/40e/1.jpg,40,/monastyri/monastery/borisoglebskiy-anosin-stavropigialnyy-zhenskiy-monastyr/,"{'eparhia': None, 'mitropolia': None, 'boss': None, 'type': 'Ставропигиальные монастыри Русской Православной Церкви', 'founded': '1823'}",,,,,
Борисоглебский мужской монастырь п. Борисоглебский ,57.258501922158,39.152255879875,/upload/iblock/b19/b19e7fb6f737cbfc3a23575af181c736/5.jpg,192,/monastyri/monastery/boriso-glebskiy-muzhskoy-monastyr-p-borisoglebskiy-/,"{'eparhia': None, 'mitropolia': None, 'boss': None, 'type': 'Епархиальные монастыри Русской Православной Церкви', 'founded': '1363'}",,,,,
"Борисоглебский мужской монастырь, г. Дмитров",56.343136415305,37.531020432634,/upload/iblock/278/2781817d136690916c953bbe51162631/61778.jpg,66,/monastyri/monastery/borisoglebskiy-muzhskoy-monastyr-g-dmitrov/,"{'eparhia': None, 'mitropolia': None, 'boss': None, 'type': 'Епархиальные монастыри Русской Православной Церкви', 'founded': '1160'}",,,,,
Борисоглебское подворье Свято-Успенского Космина мужского монастыря в селе Кубаево,56.542480515738,39.812818622296,/upload/iblock/e44/e449e27f2b519e05b6143b0006f61c40/003_Borisoglebskoe-podv.-v-s.-Kubaevo.jpg,162,/monastyri/monastery/borisoglebskoe-podvore-svyato-uspenskogo-kosmina-muzhskogo-monastyrya-v-sele-kubaevo/,"{'eparhia': None, 'mitropolia': None, 'boss': None, 'type': 'подворье епархиального монастыря', 'founded': ''}",,,,,
Брянский Горно-Никольский мужской монастырь,53.248087694692,34.375467085983,/upload/iblock/21b/21b15c9cf3a865109f370e5b2ccd9911/11.jpg,349,/monastyri/monastery/bryanskiy-gorno-nikolskiy-muzhskoy-monastyr/,"{'eparhia': None, 'mitropolia': None, 'boss': None, 'type': 'Епархиальные монастыри Русской Православной Церкви', 'founded': '2002'}",,,,,
Брянский Петро-Павловский женский монастырь,53.254813790674,34.378359619049,/upload/iblock/e6a/e6a7f1a869845d2a95ea8fc8fc94848c/1.jpg,348,/monastyri/monastery/bryanskiy-petro-pavlovskiy-zhenskiy-monastyr/,"{'eparhia': None, 'mitropolia': None, 'boss': None, 'type': 'Епархиальные монастыри Русской Православной Церкви', 'founded': '1275'}",,,,,
Бугабашский Богородице-Одигитриевский женский монастырь,55.061748319604,53.933789144844,/upload/iblock/d1b/d1b6d36d3e017fead7fb5291b573ec74/01.jpg,1031,/monastyri/monastery/bugabashskiy-bogoroditse-odigitrievskiy-zhenskiy-monastyr/,"{'eparhia': None, 'mitropolia': None, 'boss': None, 'type': 'Епархиальные монастыри Русской Православной Церкви', 'founded': '1915'}",,,,,
В честь Вознесения Господня женский скит Борисо-Глебского женского монастыря Изюмской епархии,49.79003,37.779858,,664,/monastyri/monastery/v-chest-vozneseniya-gospodnya-zhenskiy-skit-boriso-glebskogo-zhenskogo-monastyrya-izyumskoy-eparkhii/,"{'eparhia': None, 'mitropolia': None, 'boss': None, 'type': 'скит епархиального монастыря', 'founded': ''}",,,,,
В честь иконы Божией Матери «Утоли мои печали»  ставропигиальный женский монастырь Киевской епархии ,50.805982,27.314999,/upload/iblock/56e/upojlp31awd68up2wantmixrup7w96u3/11.jpg,878,/monastyri/monastery/v-chest-ikony-bozhiey-materi-utoli-moi-pechali-stavropigialnyy-zhenskiy-monastyr-kievskoy-eparkhii-/,"{'eparhia': None, 'mitropolia': None, 'boss': None, 'type': 'Монастыри УПЦ МП', 'founded': '2006'}",,,,,
В честь Казанской иконы Божией Матери мужской монастырь пгт. Чоповичи Овучской епархии,50.824130020661,28.949995032205,/upload/iblock/932/bv81mcqla4cjrhecbq28gaopukkb4cn3/4.jpg,795,/monastyri/monastery/v-chest-kazanskoy-ikony-bozhiey-materi-muzhskoy-monastyr-pgt-chopovichi-ovuchskoy-eparkhii/,"{'eparhia': None, 'mitropolia': None, 'boss': None, 'type': 'Монастыри УПЦ МП', 'founded': ''}",,,,,
В честь Рождества пророка и предтечи Крестителя Господня Иоанна скит мужского монастыря в честь иконы Божией Матери «Песчанская» Изюмской епархии ,49.276855,37.097819,/upload/iblock/009/4l3oyk7mm0lyjamqb0rea014sljho840/00-_1_.jpg,722,/monastyri/monastery/v-chest-rozhdestva-proroka-i-predtechi-krestitelya-gospodnya-ioanna-skit-muzhskogo-monastyrya-v-ches/,"{'eparhia': None, 'mitropolia': None, 'boss': None, 'type': 'скит епархиального монастыря', 'founded': ''}",,,,,
В честь святителя Иоанна Милостивого Загаецкий мужской монастырь Тернопольской епархии,50.008579859168,26.036203589241,/upload/iblock/87b/7y5jjzu2qgt0xz146mor7jjaippkeg9x/i_300x300.png,1004,/monastyri/monastery/v-chest-svyatitelya-ioanna-milostivogo-zagaetskiy-muzhskoy-monastyr-ternopolskoy-eparkhii/,"{'eparhia': None, 'mitropolia': None, 'boss': None, 'type': 'Монастыри УПЦ МП', 'founded': '1625'}",,,,,
Важеозерский Спасо-Преображенский мужской монастырь ,61.337834981067,33.436251134458,/upload/iblock/b9f/b9fcb44ff160542b5adaf25d8d71d920/2.jpg,667,/monastyri/monastery/vazheozerskiy-spaso-preobrazhenskiy-muzhskoy-monastyr-/,"{'eparhia': None, 'mitropolia': None, 'boss': None, 'type': 'Епархиальные монастыри Русской Православной Церкви', 'founded': '1520'}",,,,,
Важкурский Рождества Пресвятой Богородицы мужской  монастырь,61.859605734254,51.910979839902,/upload/iblock/c6f/c6fc9233bf7fea3cf0f5447adf9e6049/1.jpg,1063,/monastyri/monastery/vazhkurskiy-rozhdestva-presvyatoy-bogoroditsy-muzhskoy-monastyr/,"{'eparhia': None, 'mitropolia': None, 'boss': None, 'type': 'Епархиальные монастыри Русской Православной Церкви', 'founded': '1996'}",,,,,
Свято-Варсонофиевский женский монастырь в с. Покровские Селищи,54.003463569536,43.000864156558,/upload/iblock/838/838899eb9c3f52a1e90f0a3d9e76a9a3/unnamed578.jpg,396,/monastyri/monastery/svyato-varsonofievskiy-zhenskiy-monastyr-v-s-pokrovskie-selishchi/,"{'eparhia': None, 'mitropolia': None, 'boss': None, 'type': 'Епархиальные монастыри Русской Православной Церкви', 'founded': '1996'}",,,,,
Свято-Васильевский мужской монастырь г. Суздаля,56.418949174447,40.46180680521,/upload/iblock/021/02193360a8942b7d8f348ccc314de30e/elbwjlexp-q-czllkkug.-086.jpg,192,/monastyri/monastery/svyato-vasilevskiy-muzhskoy-monastyr-g-suzdalya/,"{'eparhia': None, 'mitropolia': None, 'boss': None, 'type': 'Епархиальные монастыри Русской Православной Церкви', 'founded': '1253'}",,,,,
Введено-Оятский женский монастырь ,60.461983,33.139417,/upload/iblock/899/8997b477991b87e2fc232efc045364c0/11.JPG,586,/monastyri/monastery/vvedeno-oyatskiy-zhenskiy-monastyr-/,"{'eparhia': None, 'mitropolia': None, 'boss': None, 'type': 'Епархиальные монастыри Русской Православной Церкви', 'founded': '1400'}",,,,,
Свято-Введенская Островная пустынь близ г. Покрова,55.925634591229,39.11988172615,/upload/iblock/858/858225925d9db847a7947a17d85f2e8d/zh.jpg,96,/monastyri/monastery/svyato-vvedenskaya-ostrovnaya-pustyn-bliz-g-pokrova/,"{'eparhia': None, 'mitropolia': None, 'boss': None, 'type': 'Епархиальные монастыри Русской Православной Церкви', 'founded': ''}",,,,,
Введенский женский монастырь г. Иваново,57.010827341544,40.98917657334,/upload/iblock/a58/a584b3c264e935142c0006698c5fbd50/ib2853.jpg,251,/monastyri/monastery/vvedenskiy-zhenskiy-monastyr-g-ivanovo/,"{'eparhia': None, 'mitropolia': None, 'boss': None, 'type': 'Епархиальные монастыри Русской Православной Церкви', 'founded': '1991'}",,,,,
Введенский женский монастырь г. Тихвина.,59.653186568808,33.508863542328,/upload/iblock/59f/59fee4744bc2e4d293ccb8a26aca9f51/004.jpg,498,/monastyri/monastery/vvedenskiy-zhenskiy-monastyr-g-tikhvina/,"{'eparhia': None, 'mitropolia': None, 'boss': None, 'type': 'Епархиальные монастыри Русской Православной Церкви', 'founded': '1560'}",,,,,
Свято-Введенский женский монастырь Мукачевской епархии,48.447162068379,23.245568632172,/upload/iblock/158/1n747i0jnls1mi98d0xjnfxgpweu80ws/01.jpg,1271,/monastyri/monastery/svyato-vvedenskiy-zhenskiy-monastyr-mukachevskoy-eparkhii/,"{'eparhia': None, 'mitropolia': None, 'boss': None, 'type': 'Монастыри УПЦ МП', 'founded': '2002'}",,,,,
Свято-Введенский женский монастырь Нежинской епархии,51.045556072951,31.869287628801,/upload/iblock/7c7/lbvegf7i1mfamm6szadgi1jr850yi704/00.jpg,648,/monastyri/monastery/svyato-vvedenskiy-zhenskiy-monastyr-nezhinskoy-eparkhii/,"{'eparhia': None, 'mitropolia': None, 'boss': None, 'type': 'Монастыри УПЦ МП', 'founded': '1660'}",,,,,
Свято-Введенский женский монастырь село Владимирец,57.381623699511,29.166747169311,/upload/iblock/2bf/2bffbdb862f7a1e1986e65a56c42fa2e/11.jpg,548,/monastyri/monastery/svyato-vvedenskiy-zhenskiy-monastyr-selo-vladimirets/,"{'eparhia': None, 'mitropolia': None, 'boss': None, 'type': 'Епархиальные монастыри Русской Православной Церкви', 'founded': '1790'}",,,,,
Введенский женский монастырь Черновицко-Буковинской епархии,48.28223137703,25.947171581838,/upload/iblock/c8b/u6yyggfcj2wq1b48t6bqjcub22o3nyxh/00.jpg,1150,/monastyri/monastery/vvedenskiy-zhenskiy-monastyr-chernovitsko-bukovinskoy-eparkhii/,"{'eparhia': None, 'mitropolia': None, 'boss': None, 'type': 'Монастыри УПЦ МП', 'founded': '1904'}",,,,,
Введенский Кизический мужской монастырь,55.822139506614,49.089083949074,/upload/iblock/113/1139e725c006ba250e12a8a3d663861a/9sAQgnEMmFU.jpg,717,/monastyri/monastery/vvedenskiy-kizicheskiy-muzhskoy-monastyr/,"{'eparhia': None, 'mitropolia': None, 'boss': None, 'type': 'Епархиальные монастыри Русской Православной Церкви', 'founded': '1691'}",,,,,
Свято-Введенский митрополичий женский монастырь дер. Богуши,54.354515185135,26.346415447113,/upload/iblock/e98/e9836f3896a3aed5eec10bd9c0ca8a48/33bebfa0332477829dceca8c22e3ecc6.jpg,734,/monastyri/monastery/svyato-vvedenskiy-stavropigialnyy-zhenskiy-monastyr-der-bogushi/,"{'eparhia': None, 'mitropolia': None, 'boss': None, 'type': 'Монастыри Белорусской Православной Церкви', 'founded': '2000'}",,,,,
Свято-Введенский Никоновский монастырь города Юрьев-Польский,56.501068681402,39.680306806885,/upload/iblock/e4c/e4c0f5cb67a1ea684d13343895ebe199/00021.jpg,153,/monastyri/monastery/svyato-vvedenskiy-nikonovskiy-monastyr-goroda-yurev-polskiy/,"{'eparhia': None, 'mitropolia': None, 'boss': None, 'type': 'Епархиальные монастыри Русской Православной Церкви', 'founded': '1613'}",,,,,
Введенский ставропигиальный мужской монастырь Оптина пустынь,54.05234042843,35.831883195532,/upload/iblock/5c3/5c3c055c7ee7cac0c6ce35c7b2421775/IMG_6157.jpg,222,/monastyri/monastery/vvedenskiy-stavropigialnyy-muzhskoy-monastyr-optina-pustyn/,"{'eparhia': None, 'mitropolia': None, 'boss': None, 'type': 'Ставропигиальные монастыри Русской Православной Церкви', 'founded': '0'}",,,,,
Введенский Толгский женский монастырь,57.696105558463,39.827247388855,/upload/iblock/d9e/-sevasyiyanov.jpg,255,/monastyri/monastery/svyato-vvedenskiy-tolgskiy-zhenskiy-monastyr/,"{'eparhia': None, 'mitropolia': None, 'boss': None, 'type': 'Епархиальные монастыри Русской Православной Церкви', 'founded': '1314'}",,,,,
Веверицкий мужской монастырь в честь иконы Божией Матери «Всех скорбящих Радость» Унгенской и Ниспоренской епархии,47.339801589737,28.104992153442,/upload/iblock/90d/cyqiy6ppwvim0ii3bn13rlpjgjgymk66/n.jpg,1142,/monastyri/monastery/veveritskiy-muzhskoy-monastyr-v-chest-ikony-bozhiey-materi-vsekh-skorbyashchikh-radost-ungenskoy-i-n/,"{'eparhia': None, 'mitropolia': None, 'boss': None, 'type': 'Монастыри Православной Церкви Молдовы', 'founded': '1923'}",,,,,
Великомученика Феодора Стратилата мужской монастырь  «Ай-Тодор» у с. Малое Садовое (Челтер-Коба)  ,44.630948,33.831031,/upload/iblock/968/9680442e37056adaee6ba3b8ae7bdd0e/1.jpg,1266,/monastyri/monastery/velikomuchenika-feodora-stratilata-muzhskoy-monastyr-ay-todor-u-s-maloe-sadovoe-chelter-koba-/,"{'eparhia': None, 'mitropolia': None, 'boss': None, 'type': 'Епархиальные монастыри Русской Православной Церкви', 'founded': ''}",,,,,
Верещагинский Свято-Лазаревский женский монастырь ,58.074449328759,54.656089711639,/upload/iblock/a63/a636921598d8927ffed9ca5496957885/44.jpg,1063,/monastyri/monastery/vereshchaginskiy-svyato-lazarevskiy-zhenskiy-monastyr-/,"{'eparhia': None, 'mitropolia': None, 'boss': None, 'type': 'Епархиальные монастыри Русской Православной Церкви', 'founded': '1999'}",,,,,
Верхне-Чусовская Казанская Трифонова женская пустынь,58.197832403445,57.139310038029,/upload/iblock/779/7792aee1e2a7980ac0cbe3c714004198/monasterium.JPG,1210,/monastyri/monastery/verkhne-chusovskaya-kazanskaya-trifonova-zhenskaya-pustyn/,"{'eparhia': None, 'mitropolia': None, 'boss': None, 'type': 'Епархиальные монастыри Русской Православной Церкви', 'founded': '1993'}",,,,,
Верхтеченский Свято-Троицкий женский монастырь,55.9171,62.58689,/upload/iblock/efd/efdf0e873be403daa89104e29027d978/3.jpg,1551,/monastyri/monastery/verkhtechenskiy-svyato-troitskiy-zhenskiy-monastyr/,"{'eparhia': None, 'mitropolia': None, 'boss': None, 'type': 'Епархиальные монастыри Русской Православной Церкви', 'founded': '1680'}",,,,,
Виленский Марие-Магдалининский женский монастырь,54.665751220557,25.286584015869,/upload/iblock/937/3013-_1_.jpg,791,/monastyri/monastery/vilenskiy-marie-magdalininskiy-zhenskiy-monastyr/,"{'eparhia': None, 'mitropolia': None, 'boss': None, 'type': 'Епархиальные монастыри Русской Православной Церкви', 'founded': '1864'}",,,,,
Владимирский женский монастырь в г. Вольске Саратовской обл.,52.042730859502,47.35303703733,/upload/iblock/1c6/1c667c2573e95f7a5513e4c33eecd386/001.jpg,759,/monastyri/monastery/vladimirskiy-zhenskiy-monastyr-v-g-volske-saratovskoy-obl/,"{'eparhia': None, 'mitropolia': None, 'boss': None, 'type': 'Епархиальные монастыри Русской Православной Церкви', 'founded': '1858'}",,,,,
Свято-Владимирский Херсонесский мужской монастырь в городе Севастополе,44.611369218424,33.492473841104,/upload/iblock/949/6g1975hheqwsg9zcb09166jku27g7hwk/Vladimirskiy_sobor_KHersones.jpg,1273,/monastyri/monastery/svyato-vladimirskiy-khersonesskiy-muzhskoy-monastyr-v-gorode-sevastopole/,"{'eparhia': None, 'mitropolia': None, 'boss': None, 'type': 'Епархиальные монастыри Русской Православной Церкви', 'founded': '1861'}",,,,,
Владимирское подворье Приволжского Никольского женского монастыря с. Оделево,57.248323109314,41.475196241449,/upload/iblock/e8b/e8bd4ba876bb3aab749f88ab654fd277/1.jpg,290,/monastyri/monastery/vladimirskoe-podvore-privolzhskogo-nikolskogo-zhenskogo-monastyrya-s-odelevo/,"{'eparhia': None, 'mitropolia': None, 'boss': None, 'type': 'подворье епархиального монастыря', 'founded': ''}",,,,,
Вознесенская Давидова пустынь,55.063286203993,37.611352564835,/upload/iblock/891/891983c89fbc6e64c9f8d72754e1454d/20.JPG,78,/monastyri/monastery/voznesenskaya-davidova-pustyn/,"{'eparhia': None, 'mitropolia': None, 'boss': None, 'type': 'Епархиальные монастыри Русской Православной Церкви', 'founded': '1515'}",,,,,
Свято-Вознесенский женский монастырь в д. Барколабово Бобруйской епархии,53.602091882331,30.265649324081,/upload/iblock/e8f/e8f3937ae39c8850d9b6ea990255a504/4eefd523a8912da055c2eb428c42d43c.jpg,530,/monastyri/monastery/svyato-voznesenskiy-zhenskiy-monastyr-v-d-barkolabovo/,"{'eparhia': None, 'mitropolia': None, 'boss': None, 'type': 'Монастыри Белорусской Православной Церкви', 'founded': '1641'}",,,,,
Свято-Вознесенский женский монастырь г. Дубовка,49.056539418408,44.785450219235,/upload/iblock/1b2/1b29cca2fac36cc02cc299875845d096/100_7394_JPG.jpg,889,/monastyri/monastery/svyato-voznesenskiy-zhenskiy-monastyr-g-dubovka/,"{'eparhia': None, 'mitropolia': None, 'boss': None, 'type': 'Епархиальные монастыри Русской Православной Церкви', 'founded': '1865'}",,,,,
Вознесенский женский монастырь города Тамбова,52.731104361212,41.461701287033,/upload/iblock/daf/dafe18a634bb9260060eb224f8aa16cb/3.jpg,419,/monastyri/monastery/voznesenskiy-zhenskiy-monastyr-goroda-tambova/,"{'eparhia': None, 'mitropolia': None, 'boss': None, 'type': 'Епархиальные монастыри Русской Православной Церкви', 'founded': '1690'}",,,,,
Свято-Вознесенский женский монастырь Днепропетровской епархии ,48.521615,36.104974,/upload/iblock/08a/tabne02i02o0h92z14uhxbc5c89gn3u6/ternovskij_svyato_voznesenskij_zhenskij_monastyr_640x480.jpeg,811,/monastyri/monastery/svyato-voznesenskiy-zhenskiy-monastyr-dnepropetrovskoy-eparkhii-/,"{'eparhia': None, 'mitropolia': None, 'boss': None, 'type': 'Монастыри УПЦ МП', 'founded': '1998'}",,,,,
"Свято-Вознесенский женский монастырь, с. Чумалево Хустской епархии",48.183053,23.538498,/upload/iblock/e2f/5ehgtxaxvnrwhcbgjezsq3xgyl783ljh/00.jpg,1277,/monastyri/monastery/svyato-voznesenskiy-zhenskiy-monastyr-s-chumalevo-khustskoy-eparkhii/,"{'eparhia': None, 'mitropolia': None, 'boss': None, 'type': 'Монастыри УПЦ МП', 'founded': '1925'}",,,,,
Вознесенский Макарьевский мужской монастырь,55.782139,48.701522,/upload/iblock/eb2/eb2fd324756ff3baa22e5e0f4ba8b4cb/1.jpg,693,/monastyri/monastery/voznesenskiy-makarevskiy-muzhskoy-monastyr/,"{'eparhia': None, 'mitropolia': None, 'boss': None, 'type': 'Епархиальные монастыри Русской Православной Церкви', 'founded': '1603'}",,,,,
Свято-Вознесенский мужской монастырь «Банчены» Черновицко-Буковинской епархии,48.202266941221,26.203931163399,/upload/iblock/397/u3wpgxcqbmp0691o7b45eipspa32a5rm/00.jpg,1145,/monastyri/monastery/svyato-voznesenskiy-muzhskoy-monastyr-bancheny-chernovitsko-bukovinskoy-eparkhii/,"{'eparhia': None, 'mitropolia': None, 'boss': None, 'type': 'Монастыри УПЦ МП', 'founded': '1994'}",,,,,
Свято-Вознесенский мужской монастырь Бориспольской епархии,50.072439464884,31.461629330688,/upload/iblock/2bb/5h0zbzd3pty5ya1u8wavlt03spuax63m/01.jpg,755,/monastyri/monastery/svyato-voznesenskiy-muzhskoy-monastyr-borispolskoy-eparkhii/,"{'eparhia': None, 'mitropolia': None, 'boss': None, 'type': 'Монастыри УПЦ МП', 'founded': '2011'}",,,,,
Вознесенский мужской монастырь г. Сызрань,53.147104354199,48.437748365939,/upload/iblock/e1c/lzo0dw46wzxtvql1eqa3x3br1cx1v1dc/1.JPG,757,/monastyri/monastery/voznesenskiy-muzhskoy-monastyr-g-syzran/,"{'eparhia': None, 'mitropolia': None, 'boss': None, 'type': 'Епархиальные монастыри Русской Православной Церкви', 'founded': '1691'}",,,,,
Свято-Вознесенский мужской монастырь Луганской епархии,48.626524947864,38.837751818097,/upload/iblock/cc7/drkj4dx23nwkd594odj5op62vx805nm0/00-_1_.jpg,798,/monastyri/monastery/svyato-voznesenskiy-muzhskoy-monastyr-luganskoy-eparkhii/,"{'eparhia': None, 'mitropolia': None, 'boss': None, 'type': 'Монастыри УПЦ МП', 'founded': '2013'}",,,,,
Свято-Вознесенский Ново-Нямецкий Кицканский мужской монастырь Кишиневской епархии,46.787007,29.599497,/upload/iblock/e1f/t2ibdtm40ugmrsfu9zyiilqlj89bgkas/nyam.jpg,1141,/monastyri/monastery/svyato-voznesenskiy-novo-nyametskiy-kitskanskiy-muzhskoy-monastyr-kishinevskoy-eparkhii/,"{'eparhia': None, 'mitropolia': None, 'boss': None, 'type': 'Монастыри Православной Церкви Молдовы', 'founded': '1864'}",,,,,
Вознесенский Оршин женский монастырь,56.799697930055,36.183291588669,/upload/iblock/130/130cd66022ab5f8bd622a455705320d8/23_history09.jpg,146,/monastyri/monastery/voznesenskiy-orshin-zhenskiy-monastyr/,"{'eparhia': None, 'mitropolia': None, 'boss': None, 'type': 'Епархиальные монастыри Русской Православной Церкви', 'founded': '1400'}",,,,,
Вознесенский Печерский мужской монастырь,56.323376589206,44.049033312164,/upload/iblock/b58/b584714fc4474b4f4eb2016c71054a43/Voznesenskij_Pecherskij_muzhskoj_monastyr.jpg,405,/monastyri/monastery/voznesenskiy-pecherskiy-muzhskoy-monastyr/,"{'eparhia': None, 'mitropolia': None, 'boss': None, 'type': 'Епархиальные монастыри Русской Православной Церкви', 'founded': ''}",,,,,
Вознесенский Скрябинский женский монастырь ,52.763105769001,44.69331300531,/upload/iblock/784/784173cb664d74e008af1c1f337987f3/d.jpg,567,/monastyri/monastery/voznesenskiy-skryabinskiy-zhenskiy-monastyr-/,"{'eparhia': None, 'mitropolia': None, 'boss': None, 'type': 'Епархиальные монастыри Русской Православной Церкви', 'founded': '1885'}",,,,,
Вознесенский Флоровский женский монастырь Киевской епархии,50.462533729203,30.512884039673,/upload/iblock/660/7d6msw3wqxop87wci0yti7meyfhkl0cm/02.jpg,756,/monastyri/monastery/voznesenskiy-florovskiy-zhenskiy-monastyr-kievskoy-eparkhii/,"{'eparhia': None, 'mitropolia': None, 'boss': None, 'type': 'Монастыри УПЦ МП', 'founded': ''}",,,,,
Вознесенское подворье Николаевского Городокского  женского монастыря Ровенской епархии,50.504152822926,25.621229524543,/upload/iblock/238/ceujt69sypw7061ie2dl5i235hz42q6a/mlynov3.jpg,989,/monastyri/monastery/voznesenskoe-podvore-nikolaevskogo-gorodokskogo-zhenskogo-monastyrya-rovenskoy-eparkhii/,"{'eparhia': None, 'mitropolia': None, 'boss': None, 'type': 'подворье епархиального монастыря', 'founded': ''}",,,,,
Волгоградский  Свято-Духовский мужской монастырь,48.718292345036,44.504277441139,/upload/iblock/0a6/0a6e6f36249827b46a81b76c833d6927/1.jpg,912,/monastyri/monastery/volgogradskiy-svyato-dukhovskiy-muzhskoy-monastyr/,"{'eparhia': None, 'mitropolia': None, 'boss': None, 'type': 'Епархиальные монастыри Русской Православной Церкви', 'founded': '1912'}",,,,,
Волгоградское подворье Вознесенского женского монастыря г Дубовка,48.701207640513,44.514820728836,/upload/iblock/6d5/6d53df90ab108d25d35eab140a5bd6e4/3.jpg,914,/monastyri/monastery/volgogradskoe-podvore-voznesenskogo-zhenskogo-monastyrya-g-dubovka/,"{'eparhia': None, 'mitropolia': None, 'boss': None, 'type': 'подворье епархиального монастыря', 'founded': ''}",,,,,
"Волынской иконы Божией Матери женский монастырь, с. Серники Сарненской епархии",51.815221,26.230806,/upload/iblock/630/vum6uc9uwofapigd2yaej9rvyoeayxmj/00.jpg,866,/monastyri/monastery/volynskoy-ikony-bozhiey-materi-zhenskiy-monastyr-s-serniki-sarnenskoy-eparkhii/,"{'eparhia': None, 'mitropolia': None, 'boss': None, 'type': 'Монастыри УПЦ МП', 'founded': '1996'}",,,,,
Воскресенский Белогорский мужской монастырь,50.47129574939,40.036550559525,/upload/iblock/91a/91ab8ccd9ec3a763a8dceb1521b166d7/dsc04136.jpg,610,/monastyri/monastery/voskresenskiy-belogorskiy-monastyr/,"{'eparhia': None, 'mitropolia': None, 'boss': None, 'type': 'Епархиальные монастыри Русской Православной Церкви', 'founded': '1882'}",,,,,
Свято - Воскресенский Бричанский женский монастырь Единецко-Бричанской епархии ,48.357929788776,27.026844460327,/upload/iblock/2de/1.jpg,1094,/monastyri/monastery/svyato-voskresenskiy-brichanskiy-zhenskiy-monastyr-edinetsko-brichanskoy-eparkhii-/,"{'eparhia': None, 'mitropolia': None, 'boss': None, 'type': 'Монастыри Православной Церкви Молдовы', 'founded': '2000'}",,,,,
Воскресенский Горицкий женский монастырь ,59.864351615025,38.260250930916,/upload/iblock/e7d/e7dfe7930966c488090fd6d4841fe107/6H65jAnwZ98.jpg,459,/monastyri/monastery/voskresenskiy-goritskiy-zhenskiy-monastyr-/,"{'eparhia': None, 'mitropolia': None, 'boss': None, 'type': 'Епархиальные монастыри Русской Православной Церкви', 'founded': '1544'}",,,,,
Воскресенский женский монастырь в с. Зимовенька,50.483528810588,37.179413288391,/upload/iblock/b08/b0847392d2452ebfb84f202a7eed66e0/1BbmtMxGKrg.jpg,587,/monastyri/monastery/voskresenskiy-zhenskiy-monastyr-v-s-zimovenka/,"{'eparhia': None, 'mitropolia': None, 'boss': None, 'type': 'Епархиальные монастыри Русской Православной Церкви', 'founded': '1999'}",,,,,
Воскресенский женский монастырь города Мурома,55.585858889798,42.055277519852,/upload/iblock/4ca/4ca8faec91d6de06937e51aa7d9c8665/01.jpg,279,/monastyri/monastery/voskresenskiy-zhenskiy-monastyr-goroda-muroma/,"{'eparhia': None, 'mitropolia': None, 'boss': None, 'type': 'Епархиальные монастыри Русской Православной Церкви', 'founded': '1566'}",,,,,
Воскресенский монастырь с. Ермолино,57.126678358559,41.268300836632,/upload/iblock/9da/9da52ca77aad7bf30671ce1c7d4ab68b/06.jpg,272,/monastyri/monastery/voskresenskiy-monastyr-s-ermolino/,"{'eparhia': None, 'mitropolia': None, 'boss': None, 'type': 'Епархиальные монастыри Русской Православной Церкви', 'founded': '1998'}",,,,,
Свято-Воскресенский мужской монастырь в поселке Иструть ,55.243396,58.971943,/upload/iblock/bcf/bcf84e393291b1349cb5cf3b9688cfa3/nn.jpg,1341,/monastyri/monastery/svyato-voskresenskiy-muzhskoy-monastyr-v-poselke-istrut-/,"{'eparhia': None, 'mitropolia': None, 'boss': None, 'type': 'Епархиальные монастыри Русской Православной Церкви', 'founded': '1849'}",,,,,
Воскресенский мужской монастырь г. Тольятти ,53.472342389012,49.36460764418,/upload/iblock/a5d/a5dced5e3ba5876a7480e9d1201e8ee4/LOSGINJBwDU.jpg,797,/monastyri/monastery/voskresenskiy-muzhskoy-monastyr-g-tolyatti-/,"{'eparhia': None, 'mitropolia': None, 'boss': None, 'type': 'Епархиальные монастыри Русской Православной Церкви', 'founded': '1997'}",,,,,
Воскресенский мужской монастырь г.Углич,57.525738895255,38.308237642853,/upload/iblock/0b0/1.jpg,202,/monastyri/monastery/voskresenskiy-muzhskoy-monastyr-g-uglich/,"{'eparhia': None, 'mitropolia': None, 'boss': None, 'type': 'Епархиальные монастыри Русской Православной Церкви', 'founded': ''}",,,,,
Воскресенский мужской монастырь Мукачевской епархии,48.63908243744,22.288589048238,/upload/iblock/f96/urw14jhq7562b950ksvwu4qqokic6j7p/00.jpg,1306,/monastyri/monastery/voskresenskiy-muzhskoy-monastyr-mukachevskoy-eparkhii/,"{'eparhia': None, 'mitropolia': None, 'boss': None, 'type': 'Монастыри УПЦ МП', 'founded': '2002'}",,,,,
Воскресенский Ново-Иерусалимский ставропигиальный мужской монастырь,55.921266055443,36.847533130501,/upload/iblock/a1b/000.jpg,52,/monastyri/monastery/voskresenskiy-novo-ierusalimskiy-stavropigialnyy-muzhskoy-monastyr/,"{'eparhia': None, 'mitropolia': None, 'boss': None, 'type': 'Ставропигиальные монастыри Русской Православной Церкви', 'founded': '1666'}",,,,,
Свято-Воскресенский Новоафонский мужской монастырь Львовской епархии,49.837278858447,24.045661611896,/upload/iblock/cf6/1xbtsin4b0omkjmm7kle73ytlqpgxial/00-_1_.jpg,1122,/monastyri/monastery/svyato-voskresenskiy-novoafonskiy-muzhskoy-monastyr-lvovskoy-eparkhii/,"{'eparhia': None, 'mitropolia': None, 'boss': None, 'type': 'Монастыри УПЦ МП', 'founded': '2021'}",,,,,
Воскресенский Новодевичий монастырь,59.898576528798,30.322507415315,/upload/iblock/423/spb_13_.jpg,631,/monastyri/monastery/voskresenskiy-novodevichiy-monastyr/,"{'eparhia': None, 'mitropolia': None, 'boss': None, 'type': 'Епархиальные монастыри Русской Православной Церкви', 'founded': ''}",,,,,
Свято-Воскресенский Теплодарский женский монастырь Одесской епархии,46.506321872327,30.325308053471,/upload/iblock/87e/n37cb10369lc10l4bfs0p1u4gwicj1vm/svyato_voskresnenskij_teplodarskij_zhinochij_monastir.jpg,1147,/monastyri/monastery/svyato-voskresenskiy-teplodarskiy-zhenskiy-monastyr-odesskoy-eparkhii/,"{'eparhia': None, 'mitropolia': None, 'boss': None, 'type': 'Монастыри УПЦ МП', 'founded': '2005'}",,,,,
"Воскресенско-Мироносицкий женский монастырь,подворье Христорождественского женского монастыря п. Красный Яр",48.143627454026,46.04154393055,/upload/iblock/bde/bde9c6ec0773ad8f20a3496c45230b24/Monastyr_Zubovka3.JPG,1023,/monastyri/monastery/voskresensko-mironositskiy-zhenskiy-monastyr-podvore-khristorozhdestvenskogo-zhenskogo-monastyrya-p-/,"{'eparhia': None, 'mitropolia': None, 'boss': None, 'type': 'подворье епархиального монастыря', 'founded': '2015'}",,,,,
Воскресенско-Феодоровский мужской монастырь в с. Сергеево,56.760457407018,41.408519094582,/upload/iblock/9b0/9b03bd0c1c894d8e4b23cd0ae1c0032d/IMG_1751.JPG,260,/monastyri/monastery/voskresensko-feodorovskiy-monastyr-v-s-sergeevo/,"{'eparhia': None, 'mitropolia': None, 'boss': None, 'type': 'Епархиальные монастыри Русской Православной Церкви', 'founded': '1889'}",,,,,
Воскресенское подворье Приволжского Никольского женского монастыряв г.Плёс,57.457262468653,41.526524685181,/upload/iblock/1e6/1e6b41a225cf3da42ca565f8efe9d535/IMG_5060.JPG,305,/monastyri/monastery/voskresenskoe-podvore-privolzhskogo-nikolskogo-zhenskogo-monastyryav-g-plyes/,"{'eparhia': None, 'mitropolia': None, 'boss': None, 'type': 'подворье епархиального монастыря', 'founded': ''}",,,,,
Всеxсвятское подворье Троице-Сергиевой лавры,56.320400286187,38.123016083328,/upload/iblock/c34/monasterium.ru_01.jpg,71,/monastyri/monastery/vsexsvyatskoe-podvore/,"{'eparhia': None, 'mitropolia': None, 'boss': None, 'type': 'подворье ставропигиального монастыря', 'founded': '1834'}",,,,,
Всехсвятский скит Свято-Успенской Святогорской Лавры Донецкой епархии,49,37,/upload/iblock/0dd/s6q9or8tiy0j0xxpzn2jd3i35km2qa3f/07.jpg,753,/monastyri/monastery/vsekhsvyatskiy-skit-svyato-uspenskoy-svyatogorskoy-lavry-donetskoy-eparkhii/,"{'eparhia': None, 'mitropolia': None, 'boss': None, 'type': 'скит епархиального монастыря', 'founded': '2000'}",,,,,
Всехсвятское подворье Свято-Успенского Космина мужского монастыря в селе Малолучинское,56.517774518291,39.854997142853,/upload/iblock/3ab/3abad7e412cec4c94ac5539dccac9b5c/006_Vsekhsvyatskoe-podv.-v-s.-Maloluchinskoe.jpg,163,/monastyri/monastery/vsekhsvyatskoe-podvore-svyato-uspenskogo-kosmina-muzhskogo-monastyrya-v-sele-maloluchinskoe/,"{'eparhia': None, 'mitropolia': None, 'boss': None, 'type': 'подворье епархиального монастыря', 'founded': ''}",,,,,
Выксунский Иверский женский монастырь,55.324859801955,42.20829626572,/upload/iblock/e54/seychas.jpg,293,/monastyri/monastery/vyksunskiy-iverskiy-zhenskiy-monastyr/,"{'eparhia': None, 'mitropolia': None, 'boss': None, 'type': 'Епархиальные монастыри Русской Православной Церкви', 'founded': '1864'}",,,,,
Высоко-Петровский ставропигиальный мужской монастырь,55.767882088168,37.61413431793,/upload/iblock/740/7409d82b411c29a6b8d125f19d235e9e/xaK_r6WUfHo.jpg,2,/monastyri/monastery/vysoko-petrovskiy-stavropigialnyy-muzhskoy-monastyr/,"{'eparhia': None, 'mitropolia': None, 'boss': None, 'type': 'Ставропигиальные монастыри Русской Православной Церкви', 'founded': '1315'}",,,,,
Высоковский Успенский мужской монастырь,57.395972371932,43.917388399443,/upload/iblock/751/751aa64975140ede73b0fad7ebe92d08/Vysokovo.jpg,427,/monastyri/monastery/vysokovskiy-uspenskiy-muzhskoy-monastyr/,"{'eparhia': None, 'mitropolia': None, 'boss': None, 'type': 'Епархиальные монастыри Русской Православной Церкви', 'founded': '1784'}",,,,,
Вятский Преображенский женский монастырь,58.606035273196,49.688687101852,/upload/iblock/e2e/e2e4e3555a793a8ef2b9a8eca0a85c51/1.jpg,793,/monastyri/monastery/vyatskiy-preobrazhenskiy-zhenskiy-monastyr/,"{'eparhia': None, 'mitropolia': None, 'boss': None, 'type': 'Епархиальные монастыри Русской Православной Церкви', 'founded': '1624'}",,,,,
Гавриило-Архангельский мужской монастырь хутора Барбаши ,48.518968278281,44.745774887241,/upload/iblock/332/332def6733d6d178802861808cd80a47/apzfcykj4qz7w75pmbbb4.jpg,940,/monastyri/monastery/gavriilo-arkhangelskiy-muzhskoy-monastyr-khutora-barbashi-/,"{'eparhia': None, 'mitropolia': None, 'boss': None, 'type': 'Епархиальные монастыри Русской Православной Церкви', 'founded': '1998'}",,,,,
Свято-Георгиевский Данивский женский монастырь Черниговской епархии,50.875666199779,31.177705689763,/upload/iblock/b3d/h70p4x0grnav1fwsn0a518auu37833j6/00-_1_.jpg,691,/monastyri/monastery/svyato-georgievskiy-danivskiy-zhenskiy-monastyr-chernigovskoy-eparkhii/,"{'eparhia': None, 'mitropolia': None, 'boss': None, 'type': 'Монастыри УПЦ МП', 'founded': '1654'}",,,,,
Свято-Георгиевский Мещовский мужской монастырь,54.331411995575,35.269199318281,/upload/iblock/356/35699294726d79951b4d60a2231ede58/0_d0bbb.jpg,218,/monastyri/monastery/svyato-georgievskiy-meshchovskiy-muzhskoy-monastyr/,"{'eparhia': None, 'mitropolia': None, 'boss': None, 'type': 'Епархиальные монастыри Русской Православной Церкви', 'founded': '1450'}",,,,,
Свято-Георгиевский мужской монастырь г. Чирчик Ташкентской и Узбекистанской епархии,41.436782951713,69.54501835582,/upload/iblock/f02/f022bb83cc4c24857a2384b207cf1bb2/11.jpg,2798,/monastyri/monastery/svyato-georgievskiy-muzhskoy-monastyr-g-chirchik-tashkentskoy-i-uzbekistanskoy-eparkhii/,"{'eparhia': None, 'mitropolia': None, 'boss': None, 'type': 'Монастыри Среднеазиатского митрополичьего округа Русской Православной Церкви', 'founded': '1996'}",,,,,
Свято-Георгиевский мужской монастырь Мукачевской епархии,48.235593614056,23.11188092535,/upload/iblock/b49/qhxpp4l6c3nj1b6mxowxxrnnpe37cy1i/00-_1_.jpg,1294,/monastyri/monastery/svyato-georgievskiy-muzhskoy-monastyr-mukachevskoy-eparkhii/,"{'eparhia': None, 'mitropolia': None, 'boss': None, 'type': 'Монастыри УПЦ МП', 'founded': '2010'}",,,,,
Свято-Георгиевский мужской монастырь Хустской епархии,48.031142,23.731999,/upload/iblock/4a2/33pekz78zdiz07jfmuglt8puuw66qs9u/00.jpg,1279,/monastyri/monastery/svyato-georgievskiy-muzhskoy-monastyr-khustskoy-eparkhii/,"{'eparhia': None, 'mitropolia': None, 'boss': None, 'type': 'Монастыри УПЦ МП', 'founded': '1999'}",,,,,
Свято-Георгиевский мужской скит Введенского мужского монастыря  Киевской епархии,50.169791,29.815771,/upload/iblock/a8b/ku9br88ig5e5lh2ztrvrmsk1yqd72n1z/00-_1_.jpg,811,/monastyri/monastery/svyato-georgievskiy-muzhskoy-skit-vvedenskogo-muzhskogo-monastyrya-kievskoy-eparkhii/,"{'eparhia': None, 'mitropolia': None, 'boss': None, 'type': 'скит епархиального монастыря', 'founded': ''}",,,,,
Георгиевский скит Гороховецкого Свято-Троице Никольского монастыря на Клязьме,56.219175,42.465064,/upload/iblock/432/432d0399cc3c788e3b46989e6e9a1c1f/2.jpg,306,/monastyri/monastery/georgievskiy-skit-gorokhovetskogo-svyato-troitse-nikolskogo-monastyrya-na-klyazme/,"{'eparhia': None, 'mitropolia': None, 'boss': None, 'type': 'скит епархиального монастыря', 'founded': '1365'}",,,,,
Свято-Георгиевский скит Свято-Успенской Святогорской Лавры Донецкой епархии,49.992499,37.444517,/upload/iblock/ee9/3wypuwsgrzlp4k50w6f3ckcqgag4r74b/00-_1_.jpg,641,/monastyri/monastery/svyato-georgievskiy-skit-svyato-uspenskoy-svyatogorskoy-lavry-donetskoy-eparkhii/,"{'eparhia': None, 'mitropolia': None, 'boss': None, 'type': 'скит епархиального монастыря', 'founded': ''}",,,,,
Георгиевское  подворье Николаевского Городокского  женского монастыря Ровенской епархии,50.62485,26.224462,/upload/iblock/9e3/bkd8lfronjtiwvrgo20rb2j4s4dnd1b7/georg.jpg,948,/monastyri/monastery/georgievskoe-podvore-nikolaevskogo-gorodokskogo-zhenskogo-monastyrya-rovenskoy-eparkhii/,"{'eparhia': None, 'mitropolia': None, 'boss': None, 'type': 'подворье епархиального монастыря', 'founded': '2001'}",,,,,
Гербовецкий мужской монастырь в честь Успения Пресвятой Богородицы  Унгенской и Ниспоренской епархии,47.33394,28.311371,/upload/iblock/e38/b0hxqovhshaqf7xoh8j620qmjkebqmx6/1.jpg,1135,/monastyri/monastery/gyrbovetskiy-muzhskoy-monastyr-v-chest-uspeniya-presvyatoy-bogoroditsy-ungenskoy-i-nisporenskoy-epar/,"{'eparhia': None, 'mitropolia': None, 'boss': None, 'type': 'Монастыри Православной Церкви Молдовы', 'founded': '1730'}",,,,,
Гефсиманский Черниговский скит Троице-Сергиевой лавры,56.306576149023,38.179370187836,/upload/iblock/8a0/huge.jpeg,71,/monastyri/monastery/gefsimanskiy-chernigovskiy-skit/,"{'eparhia': None, 'mitropolia': None, 'boss': None, 'type': 'скит ставропигиального монастыря', 'founded': '1844'}",,,,,
Гиржавский мужской монастырь Вознесения Господня Унгенской и Ниспоренской епархии ,47.319369,28.238168,/upload/iblock/914/fmjcm85qxqlj1rtajcc1l48yiqwqyrlq/2.jpg,1139,/monastyri/monastery/girzhavskiy-muzhskoy-monastyr-vozneseniya-gospodnya-ungenskoy-i-nisporenskoy-eparkhii-/,"{'eparhia': None, 'mitropolia': None, 'boss': None, 'type': 'Монастыри Православной Церкви Молдовы', 'founded': '1740'}",,,,,
Горнальский Свято-Николаевский Белогорский мужской монастырь,51.06626597423,35.232358623348,/upload/iblock/935/935136599e93ba853058ca7d816a1755/8.jpg,545,/monastyri/monastery/gornalskiy-svyato-nikolaevskiy-belogorskiy-muzhskoy-monastyr/,"{'eparhia': None, 'mitropolia': None, 'boss': None, 'type': 'Епархиальные монастыри Русской Православной Церкви', 'founded': '1671'}",,,,,
Горне-Успенский женский монастырь г. Вологды ,59.231505591655,39.871518873016,/upload/iblock/ba0/ba0434ebdfdbe58e0949fd0da43745c0/1.jpg,410,/monastyri/monastery/gorne-uspenskiy-zhenskiy-monastyr-g-vologdy-/,"{'eparhia': None, 'mitropolia': None, 'boss': None, 'type': 'Епархиальные монастыри Русской Православной Церкви', 'founded': '1590'}",,,,,
Горненский женский монастырь Русской Духовной Миссии в Иерусалиме. ,31.762766557072,35.157601538874,/upload/iblock/dac/ualpti9r519uty14vp8ilwj6w2je6hj2/cec21287bb6a6ffb0fee0e88fabe9059_mv_2022_08_16_10.jpg,2675,/monastyri/monastery/gornenskiy-zhenskiy-monastyr-russkoy-dukhovnoy-missii-v-ierusalime-/,"{'eparhia': None, 'mitropolia': None, 'boss': None, 'type': 'Русская духовная миссия в Иерусалиме', 'founded': '1898'}",,,,,
Городецкий Феодоровский мужской монастырь,56.646660582473,43.477927542241,/upload/iblock/00d/00de6d1ea751bbfd9e15cf70807ac592/054_IMG_3517_768x512.jpg,376,/monastyri/monastery/gorodetskiy-feodorovskiy-muzhskoy-monastyr/,"{'eparhia': None, 'mitropolia': None, 'boss': None, 'type': 'Епархиальные монастыри Русской Православной Церкви', 'founded': '1154'}",,,,,
Городницкий Георгиевский ставропигиальный мужской монастырь Киевской епархии ,50.805355,27.314301,/upload/iblock/c32/4uu2mzs782irbkye84x80kxwoqaetgci/00.jpg,878,/monastyri/monastery/gorodnitskiy-georgievskiy-stavropigialnyy-muzhskoy-monastyr-kievskoy-eparkhii-/,"{'eparhia': None, 'mitropolia': None, 'boss': None, 'type': 'Монастыри УПЦ МП', 'founded': ''}",,,,,
Гусевский женский монастырь  в честь иконы Божией Матери «Ахтырской»  ,49.910222783033,44.688819695106,/upload/iblock/617/617ff68bf0454baa353fe2603b6c02bc/oo.jpg,805,/monastyri/monastery/gusevskiy-zhenskiy-monastyr-v-chest-ikony-bozhiey-materi-akhtyrskoy-/,"{'eparhia': None, 'mitropolia': None, 'boss': None, 'type': 'Епархиальные монастыри Русской Православной Церкви', 'founded': '1860'}",,,,,
Гуслицкий Спасо-Преображенский мужской монастырь,55.582679919845,38.881561777771,/upload/iblock/d63/d635a2acb5869bc25922bfdb236c0769/1.jpg,82,/monastyri/monastery/guslitskiy-spaso-preobrazhenskiy-muzhskoy-monastyr/,"{'eparhia': None, 'mitropolia': None, 'boss': None, 'type': 'Епархиальные монастыри Русской Православной Церкви', 'founded': '1858'}",,,,,
Дальне-Давыдовский женский монастырь в честь иконы Божией Матери  «Утоли моя печали»,55.6892898918,42.627748894182,/upload/iblock/8cd/8cd39028146d90cf75dd6416dedc5304/70a2164ced70aa654bb3f7f514df74f3_wd6.jpg,314,/monastyri/monastery/dalne-davydovskiy-zhenskiy-monastyr-v-chest-ikony-bozhiey-materi-utoli-moya-pechali/,"{'eparhia': None, 'mitropolia': None, 'boss': None, 'type': 'Епархиальные монастыри Русской Православной Церкви', 'founded': '1858'}",,,,,
Дальняя пустынь Иоанно-Богословского Макаровского монастыря.,54.159677019859,45.254812194065,/upload/iblock/1b7/1b749aa52fd91a0fb3c36bf9f0ff5508/dalnyaya.jpg,519,/monastyri/monastery/dalnyaya-pustyn-ioanno-bogoslovskogo-makarovskogo-monastyrya/,"{'eparhia': None, 'mitropolia': None, 'boss': None, 'type': 'скит епархиального монастыря', 'founded': '2010'}",,,,,
Данилов ставропигиальный мужской монастырь,55.710606778853,37.62909119805,/upload/iblock/aaf/monasterium.ru_12.jpg,6,/monastyri/monastery/danilov-stavropigialnyy-muzhskoy-monastyr/,"{'eparhia': None, 'mitropolia': None, 'boss': None, 'type': 'Ставропигиальные монастыри Русской Православной Церкви', 'founded': '1282'}",,,,,
Деулинское подворье Троице-Сергиевой лавры. Храм Нерукотворного Спаса в селе Деулино,56.354033333715,38.115111584625,/upload/iblock/959/013.jpg,74,/monastyri/monastery/deulinskoe-podvore-khram-nerukotvornogo-spasa-v-sele-deulino/,"{'eparhia': None, 'mitropolia': None, 'boss': None, 'type': 'подворье ставропигиального монастыря', 'founded': '1617'}",,,,,
Димитриевский мужской монастырь с. Дмитриево ,53.748411150502,39.60559567344,/upload/iblock/603/6035dab15314aca9e218b941ab5d5a46/1.jpg,258,/monastyri/monastery/dimitrievskiy-muzhskoy-monastyr-s-dmitrievo-/,"{'eparhia': None, 'mitropolia': None, 'boss': None, 'type': 'Епархиальные монастыри Русской Православной Церкви', 'founded': '1380'}",,,,,
"Димитриевский мужской монастырь, г. Оренбург",51.779532163845,55.097934711639,/upload/iblock/287/287488647aa5279a155076c534f6a0a0/monastyr.png,1227,/monastyri/monastery/dimitrievskiy-muzhskoy-monastyr-g-orenburg/,"{'eparhia': None, 'mitropolia': None, 'boss': None, 'type': 'Епархиальные монастыри Русской Православной Церкви', 'founded': '2016'}",,,,,
Свято-Димитриевский Троекуровский Иларионовский  женский монастырь,52.978373698872,38.973356899792,/upload/iblock/825/82583d379bad1be1e8db53e140aa1860/orp.jpg,322,/monastyri/monastery/svyato-dimitrievskiy-troekurovskiy-ilarionovskiy-zhenskiy-monastyr/,"{'eparhia': None, 'mitropolia': None, 'boss': None, 'type': 'Епархиальные монастыри Русской Православной Церкви', 'founded': '1857'}",,,,,
Дионисиевский мужской монастырь Восточно-Американской епархии,40.879038228167,-73.153693857147,/upload/iblock/fc0/8x9geofn6ust3ubcin9xo8gh7699t2yz/ed2hp485p3dtmzqj8biva59uuforqqjj.jpg,7455,/monastyri/monastery/dionisievskiy-muzhskoy-monastyr-vostochno-amerikanskoy-eparkhii/,"{'eparhia': None, 'mitropolia': None, 'boss': None, 'type': 'Монастыри РПЦЗ', 'founded': '2018'}",,,,,
Дмитриевский Припичень-Куркиевский женский монастырь Кишиневской епархии,47.682402,28.78291,/upload/iblock/4cb/1.jpg,1083,/monastyri/monastery/dmitrievskiy-pripichen-kurkievskiy-zhenskiy-monastyr-kishinevskoy-eparkhii/,"{'eparhia': None, 'mitropolia': None, 'boss': None, 'type': 'Монастыри Православной Церкви Молдовы', 'founded': '1817'}",,,,,
Домнинский женский монастырь во имя святых Царственных страстотерпцев,58.1649577018,41.691928444489,/upload/iblock/d5c/d5c114f7ce4b785d7d63677e5c6c06d7/1.jpg,365,/monastyri/monastery/domninskiy-zhenskiy-monastyr-vo-imya-svyatykh-tsarstvennykh-strastoterptsev/,"{'eparhia': None, 'mitropolia': None, 'boss': None, 'type': 'Епархиальные монастыри Русской Православной Церкви', 'founded': '2004'}",,,,,
Домницкий мужской монастырь Свято-Рождества Богородицы Черниговской епархии,51.487165,31.785797,/upload/iblock/70f/zxemaz15xcmuzup9cdh41fneyj5qp9r7/00.jpg,611,/monastyri/monastery/domnitskiy-muzhskoy-monastyr-svyato-rozhdestva-bogoroditsy-chernigovskoy-eparkhii/,"{'eparhia': None, 'mitropolia': None, 'boss': None, 'type': 'Монастыри УПЦ МП', 'founded': ''}",,,,,
"Домовой храм-часовня святого Иоанна Предтечи , подворье Пермского Троицкого монастыря",57.981789027172,56.189897771164,/upload/iblock/f4d/f4d4a7c1eb3ec015f02f23b55846a3d5/y_4fa2cc9f.jpg,1152,/monastyri/monastery/domovoy-khram-chasovnya-svyatogo-ioanna-predtechi/,"{'eparhia': None, 'mitropolia': None, 'boss': None, 'type': 'подворье епархиального монастыря', 'founded': ''}",,,,,
Домовый храм в честь великомученика и целителя Пантелеимона подворья Свято- Андреевского мужского монастыря в г. Оренбурге,51.785556667345,55.126329367964,/upload/iblock/b00/b00d27db3190c8ffc330660c715c4075/i_300x300.png,1229,/monastyri/monastery/domovyy-khram-v-chest-velikomuchenika-i-tselitelya-panteleimona-podvorya-svyato-andreevskogo-muzhsko/,"{'eparhia': None, 'mitropolia': None, 'boss': None, 'type': 'подворье епархиального монастыря', 'founded': ''}",,,,,
Донской ставропигиальный мужской монастырь,55.714341862741,37.601310155722,/upload/iblock/b07/donskoy.jpg,5,/monastyri/monastery/donskoy-stavropigialnyy-muzhskoy-monastyr/,"{'eparhia': None, 'mitropolia': None, 'boss': None, 'type': 'Ставропигиальные монастыри Русской Православной Церкви', 'founded': '1591'}",,,,,
Екабпилсский в честь Сошествия Святого Духа на апостолов мужской монастырь Даугавпилсской епархии,56.500182454546,25.861181751937,/upload/iblock/228/1.jpg,733,/monastyri/monastery/ekabpilsskiy-v-chest-soshestviya-svyatogo-dukha-na-apostolov-muzhskoy-monastyr/,"{'eparhia': None, 'mitropolia': None, 'boss': None, 'type': 'Монастыри Латвийской Православной Церкви ', 'founded': '1670'}",,,,,
Храм в честь великомученицы Екатерины Подворье Алапаевского мужского монастыря во имя Новомучеников и исповедников Церкви Русской.,57.864529,61.716605,/upload/iblock/cad/TSerkov-sv.-Ekateriny.-Podvore-monastyrya.jpg,1478,/monastyri/monastery/khram-v-chest-velikomuchenitsy-ekaterinv-podvore-alapaevskogo-muzhskogo-monastyrya-vo-imya-novomuche/,"{'eparhia': None, 'mitropolia': None, 'boss': None, 'type': 'подворье епархиального монастыря', 'founded': '1910'}",,,,,
Екатерининский скит Успенского Второ-Афонского Бештаугорского мужского монастыря,44.02081038943,42.904860932541,/upload/iblock/296/296a4613a80a89b82c4cc134b16db3c0/1234.jpg,1358,/monastyri/monastery/ekaterininskiy-skit-uspenskogo-vtoro-afonskogo-beshtaugorskogo-muzhskogo-monastyrya/,"{'eparhia': None, 'mitropolia': None, 'boss': None, 'type': 'скит епархиального монастыря', 'founded': '2012'}",,,,,
"Екатерининский ставропигиальный мужской монастырь, г. Видное",55.536417550847,37.666049763229,/upload/iblock/048/04851926e3c1ee071b28879a26a28954/22.png,25,/monastyri/monastery/ekaterininskiy-muzhskoy-monastyr/,"{'eparhia': None, 'mitropolia': None, 'boss': None, 'type': 'Ставропигиальные монастыри Русской Православной Церкви', 'founded': '1658'}",,,,,
Екатерино-Лебяжский Николаевский мужской монастырь п. Лебяжий Остров ,45.88522305323,38.914349789024,/upload/iblock/194/1945a0ea2281d625bc4a0e9f4d4b64f2/0_1aa6f4_89540ee3_L.jpg,1102,/monastyri/monastery/ekaterino-lebyazhskiy-nikolaevskiy-muzhskoy-monastyr-p-lebyazhiy-ostrov-/,"{'eparhia': None, 'mitropolia': None, 'boss': None, 'type': 'Епархиальные монастыри Русской Православной Церкви', 'founded': '1794'}",,,,,
Елецкий Знаменский женский монастырь,52.6379,38.49782,/upload/iblock/1b3/1b3dba9c21238ca90c054f5183d3be30/elets_znamensky2.jpg,352,/monastyri/monastery/eletskiy-znamenskiy-zhenskiy-monastyr/,"{'eparhia': None, 'mitropolia': None, 'boss': None, 'type': 'Епархиальные монастыри Русской Православной Церкви', 'founded': '1629'}",,,,,
Свято-Елисаветинский женский монастырь в г. Минске Минской епархии,53.955781144863,27.53901544313,/upload/iblock/f59/f595e507cb59638c8c6af8ce1f97381d/c365ccff87cf83551698c4160ed547e5.jpg,675,/monastyri/monastery/svyato-elisavetinskiy-zhenskiy-monastyr-v-g-minske-minskoy-eparkhii/,"{'eparhia': None, 'mitropolia': None, 'boss': None, 'type': 'Монастыри Белорусской Православной Церкви', 'founded': '1999'}",,,,,
Свято-Елисаветинский женский монастырь Запорожской епархии,47.725595901402,35.516316796295,/upload/iblock/5f3/ui4rwphoohgw1afkdrtbghcuqzjtxkct/01.jpg,905,/monastyri/monastery/svyato-elisavetinskiy-zhenskiy-monastyr-zaporozhskoy-eparkhii/,"{'eparhia': None, 'mitropolia': None, 'boss': None, 'type': 'Монастыри УПЦ МП', 'founded': '1998'}",,,,,
Свято-Елисеевский Лавришевский мужской монастырь Новогрудской епархии,53.703461,26.179308,/upload/iblock/921/921f17669399e01eb603124b0536c573/d939a6ca7c33ee660504b156a8f2669a.jpg,769,/monastyri/monastery/svyato-eliseevskiy-lavrishevskiy-muzhskoy-monastyr-novogrudskoy-eparkhii/,"{'eparhia': None, 'mitropolia': None, 'boss': None, 'type': 'Монастыри Белорусской Православной Церкви', 'founded': '1225'}",,,,,
Енисейский Спасо-Преображенский мужской монастырь,58.452633126079,92.169444753967,/upload/iblock/6f6/6f66faf10169dfc63c82e5dda4d44178/4.jpg,3217,/monastyri/monastery/eniseyskiy-spaso-preobrazhenskiy-muzhskoy-monastyr/,"{'eparhia': None, 'mitropolia': None, 'boss': None, 'type': 'Епархиальные монастыри Русской Православной Церкви', 'founded': '1642'}",,,,,
Жапский Свято-Вознесенский женский монастырь Кишиневской епархии,47.988056,28.711667,/upload/iblock/e0c/Manastirea_Japca.jpg,1057,/monastyri/monastery/zhapskiy-svyato-voznesenskiy-zhenskiy-monastyr-kishinevskoy-eparkhii/,"{'eparhia': None, 'mitropolia': None, 'boss': None, 'type': 'Монастыри Православной Церкви Молдовы', 'founded': '1764'}",,,,,
Женский монастырь во имя Архистратига Божия Михаила с. Малоирменка,54.535629111161,81.898299789247,/upload/iblock/649/64989e20d9775b5a35bd57866c670e03/1SfItqVTVNU.jpg,2770,/monastyri/monastery/zhenskiy-zhenskiy-monastyr-vo-imya-arkhistratiga-bozhiya-mikhaila-s-maloirmenka/,"{'eparhia': None, 'mitropolia': None, 'boss': None, 'type': 'Епархиальные монастыри Русской Православной Церкви', 'founded': '1996'}",,,,,
Женский  монастырь в честь Барской иконы Божьей Матери  Винницкой епархии ,49.086301,27.654646,/upload/iblock/cd6/19qhjv2gtrcn85j53m75ozqmssxc17yi/08.jpg,1002,/monastyri/monastery/zhenskiy-monastyr-v-chest-barskoy-ikony-bozhey-materi-vinnitskoy-eparkhii-/,"{'eparhia': None, 'mitropolia': None, 'boss': None, 'type': 'Монастыри УПЦ МП', 'founded': ''}",,,,,
Женский ставропигиальный монастырь в честь иконы Божией Матери «Всецарица»,45.016395111908,39.028043276271,/upload/iblock/2e3/vsetsaritsa1.jpg,1199,/monastyri/monastery/zhenskiy-monastyr-v-chest-ikony-bozhiey-materi-vsetsaritsa/,"{'eparhia': None, 'mitropolia': None, 'boss': None, 'type': 'Ставропигиальные монастыри Русской Православной Церкви', 'founded': '2005'}",,,,,
Женский во имя святых и праведных Богоотец Иоакима и Анны скит  Иоанно-Златоустовского женского монастыря ,47.975968,27.799525,,1095,/monastyri/monastery/zhenskiy-vo-imya-svyatykh-i-pravednykh-bogootets-ioakima-i-anny-skit-ioanno-zlatoustovskogo-zhenskog/,"{'eparhia': None, 'mitropolia': None, 'boss': None, 'type': 'скит епархиального монастыря', 'founded': ''}",,,,,
Женский монастырь святой блаженной Ксении Петербургской с. Долбенкино,52.392454806025,35.352387905697,/upload/iblock/b58/b58d170c52d3a322c1cdcabcb1bca05e/rr.jpg,403,/monastyri/monastery/zhenskiy-monastyr-svyatoy-blazhennoy-ksenii-peterburgskoy-s-dolbenkino/,"{'eparhia': None, 'mitropolia': None, 'boss': None, 'type': 'Епархиальные монастыри Русской Православной Церкви', 'founded': '2010'}",,,,,
Женский монастырь  в честь   равноапостольной Марии Магдалины Белоцерковской епархии,49.785681774917,30.114124312164,/upload/iblock/9d3/dlp19v4i0vl63wcrh0qav5hdw9ullvq2/06.jpg,833,/monastyri/monastery/zhenskiy-monastyr-v-chest-ravnoapostolnoy-marii-magdaliny-belotserkovskoy-eparkhii/,"{'eparhia': None, 'mitropolia': None, 'boss': None, 'type': 'Монастыри УПЦ МП', 'founded': '1997'}",,,,,
Женский монастырь   первоверховных апостолов Петра и Павла в г. Бендерах Тираспольской епархии,46.818276,29.484661,/upload/iblock/575/knbbowhs372cftmlbd7800y00i8p8b9x/bend.jpg,1142,/monastyri/monastery/zhenskiy-monastyr-pervoverkhovnykh-apostolov-petra-i-pavla-v-g-benderakh-tiraspolskoy-eparkhii/,"{'eparhia': None, 'mitropolia': None, 'boss': None, 'type': 'Монастыри Православной Церкви Молдовы', 'founded': '2006'}",,,,,
Женский монастырь «Пустынь преподобного Сергия Радонежского» Белоцерковской епархии,49.834205,30.06016,,831,/monastyri/monastery/zhenskiy-monastyr-pustyn-prepodobnogo-sergiya-radonezhskogo-belotserkovskoy-eparkhii/,"{'eparhia': None, 'mitropolia': None, 'boss': None, 'type': 'Монастыри УПЦ МП', 'founded': '2019'}",,,,,
Женский монастырь апостола Иоанна Богослова Запорожской епархии ,47.832327491903,36.12693171135,/upload/iblock/031/0i0pqwuw8y0ixc25f14wdvrp8w195xh0/00.jpg,887,/monastyri/monastery/zhenskiy-monastyr-apostola-ioanna-bogoslova-zaporozhskoy-eparkhii-/,"{'eparhia': None, 'mitropolia': None, 'boss': None, 'type': 'Монастыри УПЦ МП', 'founded': '2011'}",,,,,
Женский монастырь Божией Матери «Скоропослушница» Восточно-Американской епархии,42.857851207716,-74.987300825409,/upload/iblock/97b/c6yeffcre0s23wrruealycdofu20cqac/118.jpg,7360,/monastyri/monastery/zhenskiy-monastyr-bozhiey-materi-skoroposlushnitsa-vostochno-amerikanskoy-eparkhii/,"{'eparhia': None, 'mitropolia': None, 'boss': None, 'type': 'Монастыри РПЦЗ', 'founded': ''}",,,,,
Женский монастырь Боянской иконы Божией Матери Черновицко-Буковинской епархии,48.26907945971,26.12910780966,/upload/iblock/474/v8s1jtsndec06o35z012gvt1w96skfxc/15.jpg,1143,/monastyri/monastery/zhenskiy-monastyr-boyanskoy-ikony-bozhiey-materi-chernovitsko-bukovinskoy-eparkhii/,"{'eparhia': None, 'mitropolia': None, 'boss': None, 'type': 'Монастыри УПЦ МП', 'founded': '1995'}",,,,,
Женский монастырь в честь Албазинской иконы Божией Матери с.Среднебелая,50.653257493709,128.01375912174,/upload/iblock/b3a/b3af560e684881601a2a5a7d956c1c19/JDPP_00130.jpg,5610,/monastyri/monastery/zhenskiy-monastyr-v-chest-albazinskoy-ikony-bozhiey-materi-s-srednebelaya/,"{'eparhia': None, 'mitropolia': None, 'boss': None, 'type': 'Епархиальные монастыри Русской Православной Церкви', 'founded': '2002'}",,,,,
Женский монастырь в честь Архангела Михаила в селе Комаровка,54.591907511288,48.321015034363,/upload/iblock/27e/27e3240dc1feedf9cd2a3b1788ac39ba/1f282849a1981c90138f28584461a458.jpg,692,/monastyri/monastery/zhenskiy-monastyr-v-chest-arkhangela-mikhaila-v-sele-komarovka/,"{'eparhia': None, 'mitropolia': None, 'boss': None, 'type': 'Епархиальные монастыри Русской Православной Церкви', 'founded': '1994'}",,,,,
Женский монастырь в честь  Архистратига  Божия Михаила Тульчинской епархии,48.214565,29.372485,/upload/iblock/a25/7tcwwwadecd3lpj92l0owq52l1bsxgng/1.jpg,1010,/monastyri/monastery/zhenskiy-monastyr-v-chest-arkhistratiga-bozhiya-mikhaila-tulchinskoy-eparkhii/,"{'eparhia': None, 'mitropolia': None, 'boss': None, 'type': 'Монастыри УПЦ МП', 'founded': '2015'}",,,,,
Женский монастырь в честь Благовещения Пресвятой Богородицы Ровенской епархии,50.660274127802,26.778334597298,/upload/iblock/3ed/vnvjwzf3bp4y80dn5r1c0lmsrl9i1b99/00.jpg,916,/monastyri/monastery/zhenskiy-monastyr-v-chest-blagoveshcheniya-presvyatoy-bogoroditsy-rovenskoy-eparkhii/,"{'eparhia': None, 'mitropolia': None, 'boss': None, 'type': 'Монастыри УПЦ МП', 'founded': '2016'}",,,,,
Женский монастырь в честь блаженной Ксении Петербургской Черновицко-Буковинской епархии,48.176635,26.209715,/upload/iblock/2e7/8r4xubkjyp31009r3echd4jvit1xvuof/00.jpg,1147,/monastyri/monastery/zhenskiy-monastyr-v-chest-blazhennoy-ksenii-peterburgskoy-chernovitsko-bukovinskoy-eparkhii/,"{'eparhia': None, 'mitropolia': None, 'boss': None, 'type': 'Монастыри УПЦ МП', 'founded': '2017'}",,,,,
Женский монастырь в честь великомученика Димитрия Солунского г. Дорогобуж,54.913450708167,33.305044686508,/upload/iblock/524/524bbc28abfa67e0581e3aebd07fb849/2.jpg,289,/monastyri/monastery/zhenskiy-monastyr-v-chest-velikomuchenika-dimitriya-solunskogo-g-dorogobuzh/,"{'eparhia': None, 'mitropolia': None, 'boss': None, 'type': 'Епархиальные монастыри Русской Православной Церкви', 'founded': '1737'}",,,,,
Женский монастырь в честь великомученицы Варвары Белоцерковской епархии ,49.877610114497,30.82684944313,/upload/iblock/c3a/ovf1lwnwc0mxd7ua72m1fo22507ouum3/07.jpg,797,/monastyri/monastery/zhenskiy-monastyr-v-chest-velikomuchenitsy-varvary-belotserkovskoy-eparkhii-/,"{'eparhia': None, 'mitropolia': None, 'boss': None, 'type': 'Монастыри УПЦ МП', 'founded': ''}",,,,,
Женский монастырь в честь великомученицы Екатерины п. Родники,54.700623417168,20.66752792029,/upload/iblock/69f/69fd041c5642f4ffd2739234a2eea74c/file.jpg,1079,/monastyri/monastery/zhenskiy-monastyr-v-chest-velikomuchenitsy-ekateriny-p-rodniki/,"{'eparhia': None, 'mitropolia': None, 'boss': None, 'type': 'Епархиальные монастыри Русской Православной Церкви', 'founded': '2019'}",,,,,
Женский монастырь в честь Воскресения Христова в городе Чердыни,60.40204362042,56.486696296295,/upload/iblock/1b4/b3v2da3dth7sbkbhj7viedae08r9igrz/44.jpg,1219,/monastyri/monastery/zhenskiy-monastyr-v-chest-voskreseniya-khristova-v-gorode-cherdyni/,"{'eparhia': None, 'mitropolia': None, 'boss': None, 'type': 'Епархиальные монастыри Русской Православной Церкви', 'founded': '2021'}",,,,,
"Женский монастырь в честь Всех святых, в земле Русской просиявших в пгт. Атамановка",51.947267511683,113.61945116931,/upload/iblock/957/957acc27fd10ebd5ffdaf03a5f0d0b7a/8.JPG,4749,/monastyri/monastery/zhenskiy-monastyr-v-chest-vsekh-svyatykh-v-zemle-russkoy-prosiyavshikh-v-pgt-atamanovka/,"{'eparhia': None, 'mitropolia': None, 'boss': None, 'type': 'Епархиальные монастыри Русской Православной Церкви', 'founded': '2001'}",,,,,
Женский монастырь в честь Иверской иконы Божией Матери  в Тразеньи Бельгийской епархии,50.463115826829,4.3324645244674,/upload/iblock/1cc/i666h9zvylthghpx3ceiuvgz0278qnes/couvent_m.jpg,2275,/monastyri/monastery/zhenskiy-monastyr-v-chest-iverskoy-ikony-bozhiey-materi-v-trazeni-belgiyskoy-eparkhii/,"{'eparhia': None, 'mitropolia': None, 'boss': None, 'type': 'Монастыри Патриаршего экзархата Зарубежной Европы', 'founded': '1999'}",,,,,
"Женский монастырь в честь иконы Божией Матери «Взыскание погибших» г. Астаны, Астанайской и Алма-Атинской епархии ",51.161471,71.431374,/upload/iblock/d7d/d7d4bd15df0eeb3caacdfa025ec373ae/0419.jpg,2272,/monastyri/monastery/zhenskiy-monastyr-v-chest-ikony-bozhiey-materi-vzyskanie-pogibshikh-g-astany-astanayskoy-i-alma-atin/,"{'eparhia': None, 'mitropolia': None, 'boss': None, 'type': 'Монастыри Митрополичьего округа Русской Православной Церкви в республике Казахстан', 'founded': '1990'}",,,,,
Женский монастырь в честь иконы Божией Матери «Всех скорбящих Радость» с. Белка Балтской епархии,46.895780748097,30.428800239198,/upload/iblock/931/kbxqb0u1dpgeeew33rhebhxpz2rrdaro/IMG_3192.jpg,1104,/monastyri/monastery/zhenskiy-monastyr-v-chest-ikony-bozhiey-materi-vsekh-skorbyashchikh-radost-s-belka-baltskoy-eparkhii/,"{'eparhia': None, 'mitropolia': None, 'boss': None, 'type': 'Монастыри УПЦ МП', 'founded': '2011'}",,,,,
Женский монастырь в честь иконы Божией Матери «Знамение» с. Ляховка,54.110455093406,47.800833552887,/upload/iblock/78a/52fjstp5z0s74cspb6xs8p9kk1uwdn8h/11.jpg,676,/monastyri/monastery/zhenskiy-monastyr-v-chest-ikony-bozhiey-materi-znamenie-s-lyakhovka/,"{'eparhia': None, 'mitropolia': None, 'boss': None, 'type': 'Епархиальные монастыри Русской Православной Церкви', 'founded': '2022'}",,,,,
Женский монастырь в честь иконы Божией Матери «Игумения Афонской Горы» Уманской епархии,48.88784066657,30.450309067052,/upload/iblock/045/tlarh3k15xblf5fp27sr4i7l2mcisy9q/1.jpg,905,/monastyri/monastery/zhenskiy-monastyr-v-chest-ikony-bozhiey-materi-igumeniya-afonskoy-gory-umanskoy-eparkhii/,"{'eparhia': None, 'mitropolia': None, 'boss': None, 'type': 'Монастыри УПЦ МП', 'founded': '2005'}",,,,,
Женский монастырь в честь иконы Божией матери «Казанская» п. Мутной,53.201189702097,158.46276917903,/upload/iblock/f2d/f2d9739c6e6ebd82f2d4421fb1571229/317_1024x733.jpg,6752,/monastyri/monastery/zhenskiy-monastyr-v-chest-ikony-bozhiey-materi-kazanskaya-p-mutnoy/,"{'eparhia': None, 'mitropolia': None, 'boss': None, 'type': 'Епархиальные монастыри Русской Православной Церкви', 'founded': '2000'}",,,,,
Женский монастырь в честь иконы Божией Матери «Киево-Братская» Киевской епархии,50.55321,30.323653,/upload/iblock/efe/p7ke9n6wssunbh38yvtrhcflkhxlw1xr/00.jpg,755,/monastyri/monastery/zhenskiy-monastyr-v-chest-ikony-bozhiey-materi-kievo-bratskaya-kievskoy-eparkhii/,"{'eparhia': None, 'mitropolia': None, 'boss': None, 'type': 'Монастыри УПЦ МП', 'founded': '2013'}",,,,,
Женский монастырь в честь иконы Божией Матери «Корсунская»  в Грассак,45.585433152459,0.40276121417229,/upload/iblock/4f4/2okx3lcm35ng6nc3obcursnu3xlmqlme/glise_du_sauveur_puyloubard.1000x800.jpg,2814,/monastyri/monastery/zhenskiy-monastyr-v-chest-ikony-bozhiey-materi-korsunskaya-v-grassak/,"{'eparhia': None, 'mitropolia': None, 'boss': None, 'type': 'Монастыри Патриаршего экзархата Зарубежной Европы', 'founded': '1987'}",,,,,
Женский монастырь в честь иконы Божией Матери «Корсунская» Новокаховской епархии,46.762376241568,33.185938711309,/upload/iblock/f76/l859h8yeoy7lfwg1ogx83nd4ts49n67d/00-_1_.jpg,1046,/monastyri/monastery/zhenskiy-monastyr-v-chest-ikony-bozhiey-materi-korsunskaya-novokakhovskoy-eparkhii/,"{'eparhia': None, 'mitropolia': None, 'boss': None, 'type': 'Монастыри УПЦ МП', 'founded': '1797'}",,,,,
Женский монастырь в честь иконы Божией Матери «Отрада и Утешение» Киевской епархии,50.06648,30.418847,/upload/iblock/24f/t1r87xvbnyf1p3i44437go460tko70k5/00-_1_.jpg,795,/monastyri/monastery/zhenskiy-monastyr-v-chest-ikony-bozhiey-materi-otrada-i-uteshenie-kievskoy-eparkhii/,"{'eparhia': None, 'mitropolia': None, 'boss': None, 'type': 'Монастыри УПЦ МП', 'founded': '2008'}",,,,,
Женский монастырь в честь иконы Божией Матери «Умиление» г. Сургута ,61.283988093268,73.339442527786,/upload/iblock/959/9590bf476f405d235e47984444380073/IMG_2732_11_05_18_08_25.JPG,2133,/monastyri/monastery/zhenskiy-monastyr-v-chest-ikony-bozhiey-materi-umilenie-g-surguta-/,"{'eparhia': None, 'mitropolia': None, 'boss': None, 'type': 'Епархиальные монастыри Русской Православной Церкви', 'founded': '2015'}",,,,,
Женский монастырь в честь иконы Божией Матери «Услышательница» Киевской епархии,50.381644,29.813341,/upload/iblock/d0f/e0kgn1h491j81i5icm6xnduu2wytougg/O8H3ct_5f7b1f654fb886_42966674.jpg,793,/monastyri/monastery/zhenskiy-monastyr-v-chest-ikony-bozhiey-materi-uslyshatelnitsa-kievskoy-eparkhii/,"{'eparhia': None, 'mitropolia': None, 'boss': None, 'type': 'Монастыри УПЦ МП', 'founded': '2015'}",,,,,
Женский монастырь  в честь Казанской иконы Божией Матери п.Раздольное,43.520081682111,131.90829684743,/upload/iblock/fec/fec1b96923edef458e47fcd93dc3773d/20170809_Kazansky_Monastyr_Razdolnoe_003.jpg,6384,/monastyri/monastery/monastyr-v-chest-kazanskoy-ikony-bozhiey-materi-p-razdolnoe/,"{'eparhia': None, 'mitropolia': None, 'boss': None, 'type': 'Епархиальные монастыри Русской Православной Церкви', 'founded': '1998'}",,,,,
Женский монастырь в честь Калужского образа Божией Матери,54.515825808119,36.381160767537,/upload/iblock/e8d/e8d86fdd47cc412b08e5caaaa7f71b1c/02572_20170810_192338.jpg,159,/monastyri/monastery/monastyr-v-chest-kaluzhskogo-obraza-bozhiey-materi/,"{'eparhia': None, 'mitropolia': None, 'boss': None, 'type': 'Епархиальные монастыри Русской Православной Церкви', 'founded': '2017'}",,,,,
Женский монастырь в честь Корсунской иконы Божией Матери на Сапун-Горе,44.541629270676,33.578164563507,/upload/iblock/297/q0bgheqpb6qwztjyd2z5gx7c7u726j0t/1.jpg,1280,/monastyri/monastery/zhenskiy-monastyr-v-chest-korsunskoy-ikony-bozhiey-materi-na-sapun-gore/,"{'eparhia': None, 'mitropolia': None, 'boss': None, 'type': 'Епархиальные монастыри Русской Православной Церкви', 'founded': '2009'}",,,,,
Женский монастырь в честь первоверховных апостолов Петра и Павла с. Петропавловка,48.681616,135.525611,/upload/iblock/2c7/2c78b3979eb906db326274b70eb8ac58/1.jpg,6146,/monastyri/monastery/zhenskiy-monastyr-v-chest-pervoverkhovnykh-apostolov-petra-i-pavla-s-petropavlovka/,"{'eparhia': None, 'mitropolia': None, 'boss': None, 'type': 'Епархиальные монастыри Русской Православной Церкви', 'founded': '2002'}",,,,,
Женский монастырь в честь Похвалы Божией Матери с. Боровское ,56.2634654553,62.655481123502,/upload/iblock/40d/40d14e9651c67e8c119701248fe5e0b9/QUsHrAmb_5g.jpg,1549,/monastyri/monastery/zhenskiy-monastyr-v-chest-pokhvaly-bozhiey-materi-s-borovskoe-/,"{'eparhia': None, 'mitropolia': None, 'boss': None, 'type': 'Епархиальные монастыри Русской Православной Церкви', 'founded': '2000'}",,,,,
Женский монастырь в честь праведных Симеона Богоприимца и пророчицы Анны в селе Кизильское,52.720932195729,58.890468830688,/upload/iblock/6d0/6d0fc810e1b429bb6251415f577f1d76/Kizil_monastery_46.jpg,1417,/monastyri/monastery/zhenskiy-monastyr-v-chest-pravednykh-simeona-bogopriimtsa-i-prorochitsy-anny-v-sele-kizilskoe/,"{'eparhia': None, 'mitropolia': None, 'boss': None, 'type': 'Епархиальные монастыри Русской Православной Церкви', 'founded': '1999'}",,,,,
Женский монастырь в честь преподобного Амвросия Оптинского в деревне Русаково Новогрудской епархии,52.981498099515,25.401866838623,/upload/iblock/223/e0x24fn7h5qllhan8lvwps4eitcl3gg7/2_7.jpg,848,/monastyri/monastery/zhenskiy-monastyr-v-chest-prepodobnogo-amvrosiya-optinskogo-v-derevne-rusakovo-novogrudskoy-eparkhii/,"{'eparhia': None, 'mitropolia': None, 'boss': None, 'type': 'Монастыри Белорусской Православной Церкви', 'founded': '2021'}",,,,,
Женский монастырь в честь преподобного Лаврентия Черниговского Черниговской епархии,51.31396,31.807995,/upload/iblock/12b/k2c0wbqvodz1gtamrgkpqfpt6c2ejser/00.jpg,626,/monastyri/monastery/zhenskiy-monastyr-v-chest-prepodobnogo-lavrentiya-chernigovskogo-chernigovskoy-eparkhii/,"{'eparhia': None, 'mitropolia': None, 'boss': None, 'type': 'Монастыри УПЦ МП', 'founded': '2002'}",,,,,
Женский монастырь в честь преподобного Паисия Величковского Западно-Американской епархии,32.829136248358,-109.71912976012,/upload/iblock/860/uxdmb77wism5izw2mfbe6388jzd19op8/panoramic.jpg,9689,/monastyri/monastery/zhenskiy-monastyr-v-chest-prepodobnogo-paisiya-velichkovskogo-zapadno-amerikanskoy-eparkhii/,"{'eparhia': None, 'mitropolia': None, 'boss': None, 'type': 'Монастыри РПЦЗ', 'founded': ''}",,,,,
Женский монастырь в честь преподобного Сергия Радонежского Горловской епархии ,48.670480669758,37.375624264672,/upload/iblock/98d/qih6kgwcl3jxyf4e002f3t90o8xzeyww/00-_1_.jpg,789,/monastyri/monastery/zhenskiy-monastyr-v-chest-prepodobnogo-sergiya-radonezhskogo-gorlovskoy-eparkhii-/,"{'eparhia': None, 'mitropolia': None, 'boss': None, 'type': 'Монастыри УПЦ МП', 'founded': '2002'}",,,,,
Женский монастырь в честь преподобной Анастасии Киевской Киевской епархии ,49.978024175475,30.00533502314,/upload/iblock/657/phzwfcu5mdm3s0ki230haaebl2mhv3jt/00.jpg,820,/monastyri/monastery/zhenskiy-monastyr-v-chest-prepodobnoy-anastasii-kievskoy-kievskoy-eparkhii-/,"{'eparhia': None, 'mitropolia': None, 'boss': None, 'type': 'Монастыри УПЦ МП', 'founded': '2010'}",,,,,
Женский монастырь в честь преподобномученицы великой княгини Елисаветы Бориспольской епархии ,50.593145,30.647533,/upload/iblock/010/8gb50d42kt90q1siuuw62hegw0nqzo8t/06.jpg,738,/monastyri/monastery/zhenskiy-monastyr-v-chest-prepodobnomuchenitsy-velikoy-knyagini-elisavety-borispolskoy-eparkhii-/,"{'eparhia': None, 'mitropolia': None, 'boss': None, 'type': 'Монастыри УПЦ МП', 'founded': '2017'}",,,,,
Женский монастырь в честь преподобномученицы Елизаветы  Германской епархии ,48.056146422097,11.402288028258,/upload/iblock/1b8/wxe8666m2crdwkxnmmx4pf16fm514cjr/2022_06_02_09_51_37.png,1976,/monastyri/monastery/zhenskiy-monastyr-v-chest-prepodobnomuchenitsy-elizavety-germanskoy-eparkhii-rpzts/,"{'eparhia': None, 'mitropolia': None, 'boss': None, 'type': 'Монастыри РПЦЗ', 'founded': '2005'}",,,,,
"Женский монастырь в честь Пророка, Предтечи и Крестителя Господня Иоанна (Orthodox Klooster van de Heilige Profeet, Voorloper en Doper Johannes)",52.086928,4.312103,/upload/iblock/f90/n2sdk1jgykj87ac33lxijcz1n4t2ghk9/121018_dHk_foto_1.jpg,2197,/monastyri/monastery/zhenskiy-monastyr-v-chest-proroka-predtechi-i-krestitelya-gospodnya-ioanna-orthodox-klooster-van-de-/,"{'eparhia': None, 'mitropolia': None, 'boss': None, 'type': 'Монастыри Патриаршего экзархата Зарубежной Европы', 'founded': '1954'}",,,,,
Женский монастырь в честь равноапостольной великой княгини Ольги Киевской епархии,50.201908,29.825523,/upload/iblock/1b2/jnhh5ebppz1r710gel09qu9l7y509me5/00.jpg,808,/monastyri/monastery/zhenskiy-monastyr-v-chest-ravnoapostolnoy-velikoy-knyagini-olgi-kievskoy-eparkhii/,"{'eparhia': None, 'mitropolia': None, 'boss': None, 'type': 'Монастыри УПЦ МП', 'founded': '2016'}",,,,,
Женский монастырь в честь равноапостольной Марии Магдалины Мукачевской епархии,48.778433845808,22.524992253967,/upload/iblock/389/41daqgaqfrfv2xfqvqwn62qm20mxnftl/01.jpg,1283,/monastyri/monastery/zhenskiy-monastyr-v-chest-ravnoapostolnoy-marii-magdaliny-mukachevskoy-eparkhii/,"{'eparhia': None, 'mitropolia': None, 'boss': None, 'type': 'Монастыри УПЦ МП', 'founded': '2010'}",,,,,
Женский монастырь в честь святой царственной страстотерпицы великой княжны Ольги Луганской епархии ,48.5416940706,39.340276025131,/upload/iblock/cf3/yfcptj292i1ok1c5c9vzosftjjcpg5vm/00-_1_.jpg,811,/monastyri/monastery/zhenskiy-monastyr-v-chest-svyatoy-tsarstvennoy-strastoterpitsy-velikoy-knyazhny-olgi-luganskoy-eparkh/,"{'eparhia': None, 'mitropolia': None, 'boss': None, 'type': 'Монастыри УПЦ МП', 'founded': '2013'}",,,,,
Женский монастырь в честь святых Жен-мироносиц в селе Клыково ,54.150441379706,35.80986566143,/upload/iblock/f3e/f3e35c69f054183bfa911b24913f0122/2019_05_12-14_31_24_1.jpg,213,/monastyri/monastery/zhenskiy-monastyr-v-chest-svyatykh-zhen-mironosits-v-sele-klykovo-/,"{'eparhia': None, 'mitropolia': None, 'boss': None, 'type': 'Епархиальные монастыри Русской Православной Церкви', 'founded': '2023'}",,,,,
Женский монастырь в честь священномученика Харалампия Конотопской епархии,51.843562,33.574239,/upload/iblock/371/ska5l70rzruaui3ugzz83yzxcl82ltfz/00.jpg,510,/monastyri/monastery/zhenskiy-monastyr-v-chest-svyashchennomuchenika-kharalampiya-konotopskoy-eparkhii/,"{'eparhia': None, 'mitropolia': None, 'boss': None, 'type': 'Монастыри УПЦ МП', 'founded': '1702'}",,,,,
Женский монастырь в честь Тихвинской иконы Божией Матери в пос. Борисовка,50.612405,36.007356,/upload/iblock/d96/d961e0f9bfa98b4c338dffa1d67b2325/YuDqq_9QPk.jpg,582,/monastyri/monastery/zhenskiy-monastyr-v-chest-tikhvinskoy-ikony-bozhiey-materi-v-pos-borisovka/,"{'eparhia': None, 'mitropolia': None, 'boss': None, 'type': 'Епархиальные монастыри Русской Православной Церкви', 'founded': '1814'}",,,,,
Женский монастырь Владимирской иконы Божией Матери села Пиксур,58.914905573297,48.008224852053,/upload/iblock/2a7/tg1chccoaaxzl6eomrln0vziym18n16u/Monastyr-v-s.-Piksur.jpg,715,/monastyri/monastery/zhenskiy-monastyr-vladimirskoy-ikony-bozhiey-materi-sela-piksur/,"{'eparhia': None, 'mitropolia': None, 'boss': None, 'type': 'Епархиальные монастыри Русской Православной Церкви', 'founded': '1994'}",,,,,
Женском монастыре вмч. Иоанна Сочавского Черновицко-Буковинской епархии,47.987851,25.572245,/upload/iblock/872/yztqdf5kqz8gv6udq2s8ufppi3rl1bcw/03.jpg,1193,/monastyri/monastery/zhenskom-monastyre-vmch-ioanna-sochavskogo-chernovitsko-bukovinskoy-eparkhii/,"{'eparhia': None, 'mitropolia': None, 'boss': None, 'type': 'Монастыри УПЦ МП', 'founded': '1996'}",,,,,
Женский монастырь во имя великомученика Георгия в Унгенах  Унгенской и Ниспоренской епархии,47.214534,27.792729,/upload/iblock/9b3/8iizm06in7wvs18eohhuhwntihx8v0l4/5.jpg,1166,/monastyri/monastery/zhenskiy-monastyr-vo-imya-velikomuchenika-georgiya-v-ungenakh-ungenskoy-i-nisporenskoy-eparkhii/,"{'eparhia': None, 'mitropolia': None, 'boss': None, 'type': 'Монастыри Православной Церкви Молдовы', 'founded': '2008'}",,,,,
Женский монастырь во имя Иоанна Предтечи г. Вязьмы ,55.206778308317,34.272045965607,/upload/iblock/bd5/bd5fda3fe4a7398ff184c0b6e1c96948/1.jpg,220,/monastyri/monastery/zhenskiy-monastyr-vo-imya-ioanna-predtechi-g-vyazmy-/,"{'eparhia': None, 'mitropolia': None, 'boss': None, 'type': 'Епархиальные монастыри Русской Православной Церкви', 'founded': '1542'}",,,,,
Женский монастырь во имя преподобномученицы великой княгини Елисаветы Феодоровны г. Алапаевск,57.866484133439,61.703177786433,/upload/iblock/9dc/11.jpg,1477,/monastyri/monastery/zhenskiy-monastyr-vo-imya-prepodobnomuchenitsy-velikoy-knyagini-elisavety-feodorovny-g-alapaevsk/,"{'eparhia': None, 'mitropolia': None, 'boss': None, 'type': 'Епархиальные монастыри Русской Православной Церкви', 'founded': ''}",,,,,
Женский монастырь Иверской иконы Божией Матери   Луганской епархии,48.564063,39.217318,/upload/iblock/e4d/3mwkqn64j4ykz3clowiklmxeyqd2m1zx/00.jpg,808,/monastyri/monastery/iverskoy-ikony-bozhiey-materi-zhenskaya-obshchina-luganskoy-eparkhii/,"{'eparhia': None, 'mitropolia': None, 'boss': None, 'type': 'Монастыри УПЦ МП', 'founded': '2008'}",,,,,
Женский монастырь Иверской иконы Божией Матери Сарненской епархии,51.552616,27.378724,/upload/iblock/3b2/lc0glqw20x276fkvhjir4f9fpnfltt0n/00.jpg,820,/monastyri/monastery/zhenskiy-monastyr-iverskoy-ikony-bozhiey-materi-sarnenskoy-eparkhii/,"{'eparhia': None, 'mitropolia': None, 'boss': None, 'type': 'Монастыри УПЦ МП', 'founded': '1997'}",,,,,
Женский монастырь праведной Анны Черновицко-Буковинской епархии,48.36123,25.503115,/upload/iblock/f2d/swgaxc1mri1yei7bsj7rm1l74e03sqxb/00.jpg,1164,/monastyri/monastery/zhenskiy-monastyr-pravednoy-anny-chernovitsko-bukovinskoy-eparkhii/,"{'eparhia': None, 'mitropolia': None, 'boss': None, 'type': 'Монастыри УПЦ МП', 'founded': '1994'}",,,,,
Женский монастырь преподобного Афанасия Афонского Черновицко-Буковинской епархии,48.320478,26.551959,/upload/iblock/c2d/8ej02llfinv34opkg25bptdee29tc5k7/01.jpg,1119,/monastyri/monastery/zhenskiy-monastyr-prepodobnogo-afanasiya-afonskogo-chernovitsko-bukovinskoy-eparkhii/,"{'eparhia': None, 'mitropolia': None, 'boss': None, 'type': 'Монастыри УПЦ МП', 'founded': '2001'}",,,,,
Женский монастырь  Рождества Пресвятой Богородицы Восточно-Американской епархии,38.217960468637,-82.435577433807,/upload/iblock/fc0/8x9geofn6ust3ubcin9xo8gh7699t2yz/ed2hp485p3dtmzqj8biva59uuforqqjj.jpg,8134,/monastyri/monastery/zhenskiy-monastyr-rozhdestva-presvyatoy-bogoroditsy-vostochno-amerikanskoy-eparkhii/,"{'eparhia': None, 'mitropolia': None, 'boss': None, 'type': 'Монастыри РПЦЗ', 'founded': ''}",,,,,
Женский монастырь святого апостола и евангелиста Иоанна Богослова в с. Корсунь,52.719356831424,36.993508244215,/upload/iblock/fe5/fe5dc31365cbf46062119be3a8ad12d7/001.JPG,341,/monastyri/monastery/zhenskiy-monastyr-svyatogo-apostola-i-evangelista-ioanna-bogoslova-v-s-korsun/,"{'eparhia': None, 'mitropolia': None, 'boss': None, 'type': 'Епархиальные монастыри Русской Православной Церкви', 'founded': ''}",,,,,
Женский монастырь Святого Великого Благоверного Князя Александра Невского Шепетовской епархии,49.895917392336,27.558894770255,/upload/iblock/f9e/ldmd5p1ehgln2acff6ewr8e4xg1j1res/00.jpg,938,/monastyri/monastery/zhenskiy-monastyr-svyatogo-velikogo-blagovernogo-knyazya-aleksandra-nevskogo-shepetovskoy-eparkhii/,"{'eparhia': None, 'mitropolia': None, 'boss': None, 'type': 'Монастыри УПЦ МП', 'founded': '2004'}",,,,,
Женский монастырь святой равноапостольной  Марии Магдалины с. Никольское,52.114608120641,37.512872038217,/upload/iblock/580/5803162938314ab9fafdb5b037f03a51/mmm_13_1.jpg,405,/monastyri/monastery/zhenskiy-monastyr-svyatoy-marii-magdaliny-s-nikolskoe/,"{'eparhia': None, 'mitropolia': None, 'boss': None, 'type': 'Епархиальные монастыри Русской Православной Церкви', 'founded': '1884'}",,,,,
Женский монастырь Святых архангелов Чикагской и Среднеамериканской епархии,38.406106744246,-90.567181452362,/upload/iblock/772/ai9fmfya8j2gugr09vmn3pgeimks9d7a/IMG_3331.jpg,8458,/monastyri/monastery/zhenskiy-monastyr-svyatykh-arkhangelov-chikagskoy-i-sredneamerikanskoy-eparkhii/,"{'eparhia': None, 'mitropolia': None, 'boss': None, 'type': 'Монастыри РПЦЗ', 'founded': ''}",,,,,
"Женский монастырь Святых Жен-Мироносиц, г. Бобруйск  Бобруйской епархии",53.138163395232,29.246783473541,/upload/iblock/915/915454522b46929c8109373f4f242a22/13_Territoriya_monastyrya_v_nastoyashchee_vremya.jpg,614,/monastyri/monastery/zhenskiy-monastyr-svyatykh-zhen-mironosits-g-bobruysk-bobruyskoy-eparkhii/,"{'eparhia': None, 'mitropolia': None, 'boss': None, 'type': 'Монастыри Белорусской Православной Церкви', 'founded': '2008'}",,,,,
Женский монастырь Серафимо-Знаменский скит,55.38700638168,37.750248336688,/upload/iblock/aae/aaeb7a14d5a8036375d7b5d5655357c8/5.jpg,42,/monastyri/monastery/zhenskiy-monastyr-serafimo-znamenskiy-skit/,"{'eparhia': None, 'mitropolia': None, 'boss': None, 'type': 'Епархиальные монастыри Русской Православной Церкви', 'founded': '1910'}",,,,,
Заволжский мужской монастырь в честь Честного и Животворящего Креста Господня с. Подгоры ,53.325389487493,50.094362066795,/upload/iblock/02c/02cb9a947d5e0cfc91370329da110434/959d89ad7d936abff0d12cf18fc6ef5d.jpg,848,/monastyri/monastery/zavolzhskiy-muzhskoy-monastyr-v-chest-chestnogo-i-zhivotvoryashchego-kresta-gospodnya-s-podgory-/,"{'eparhia': None, 'mitropolia': None, 'boss': None, 'type': 'Епархиальные монастыри Русской Православной Церкви', 'founded': '2007'}",,,,,
Заволжский Свято-Ильинский женский монастырь с. Подгоры,53.319419506138,50.114403527786,/upload/iblock/56f/56f0134fc9b4517bd80bfa443af402be/4504393e60a6f96b356167a386c595fb.jpg,850,/monastyri/monastery/zavolzhskiy-svyato-ilinskiy-zhenskiy-monastyr-s-podgory/,"{'eparhia': None, 'mitropolia': None, 'boss': None, 'type': 'Епархиальные монастыри Русской Православной Церкви', 'founded': '2006'}",,,,,
Задонский Рождество-Богородицкий мужской монастырь,52.392037390963,38.9187371706,/upload/iblock/406/6.JPG,384,/monastyri/monastery/zadonskiy-rozhdestvo-bogoroditskiy-muzhskoy-monastyr/,"{'eparhia': None, 'mitropolia': None, 'boss': None, 'type': 'Епархиальные монастыри Русской Православной Церкви', 'founded': ''}",,,,,
Тихоновский Преображенский женский монастырь г. Задонска,52.440453,38.96238,/upload/iblock/aa1/002_2_.jpg,379,/monastyri/monastery/tikhonovskiy-preobrazhenskiy-zhenskiy-monastyr-g-zadonska/,"{'eparhia': None, 'mitropolia': None, 'boss': None, 'type': 'Епархиальные монастыри Русской Православной Церкви', 'founded': '1865'}",,,,,
Заиконоспасский ставропигиальный мужской монастырь,55.756465465998,37.620768309709,/upload/iblock/69d/monasterium.ru_00.jpg,1,/monastyri/monastery/zaikonospasskiy-stavropigialnyy-muzhskoy-monastyr/,"{'eparhia': None, 'mitropolia': None, 'boss': None, 'type': 'Ставропигиальные монастыри Русской Православной Церкви', 'founded': '1600'}",,,,,
Зачатьевский ставропигиальный женский монастырь,55.739673119695,37.599456007559,/upload/iblock/bc6/zachatyevsky1.jpg,3,/monastyri/monastery/zachatevskiy-stavropigialnyy-zhenskiy-monastyr/,"{'eparhia': None, 'mitropolia': None, 'boss': None, 'type': 'Ставропигиальные монастыри Русской Православной Церкви', 'founded': '1360'}",,,,,
Злоцкий во имя вмч. Георгия Победоносца мужской монастырь  Кагульской и Комратской епархии,46.65716,28.915077,/upload/iblock/494/dsc00667.jpg,1178,/monastyri/monastery/zlotskiy-vo-imya-vmch-georgiya-pobedonostsa-muzhskoy-monastyr-kagulskoy-i-komratskoy-eparkhii/,"{'eparhia': None, 'mitropolia': None, 'boss': None, 'type': 'Монастыри Православной Церкви Молдовы', 'founded': '1941'}",,,,,
Свято-Знаменский Абалакский мужской монастырь,58.129402629673,68.590553099197,/upload/iblock/3b1/3b1d55b80c1a4a0551afac1a9b892b2b/DJI02015.jpg,1881,/monastyri/monastery/svyato-znamenskiy-abalakskiy-muzhskoy-monastyr/,"{'eparhia': None, 'mitropolia': None, 'boss': None, 'type': 'Епархиальные монастыри Русской Православной Церкви', 'founded': '1783'}",,,,,
Свято-Знаменский женский монастырь г. Гороховца,56.211890064172,42.675826476679,/upload/iblock/96d/96d867284f89b9c978439f565e711c03/7.jpg,319,/monastyri/monastery/svyato-znamenskiy-zhenskiy-monastyr-g-gorokhovtsa/,"{'eparhia': None, 'mitropolia': None, 'boss': None, 'type': 'Епархиальные монастыри Русской Православной Церкви', 'founded': '1598'}",,,,,
Знаменский женский монастырь Днепропетровской епархии,48.13058419306,35.741621851807,/upload/iblock/dff/s5q9kg12emal6wmonx3azqy7fw7enuab/05.jpg,858,/monastyri/monastery/znamenskiy-zhenskiy-monastyr-dnepropetrovskoy-eparkhii/,"{'eparhia': None, 'mitropolia': None, 'boss': None, 'type': 'Монастыри УПЦ МП', 'founded': '1881'}",,,,,
Свято-Знаменский монастырь в г. Коврове,56.362891018191,41.318111801097,/upload/iblock/992/9924b39ed047dc5b373225ed609ba547/R8bJUfOIE6w.jpg,240,/monastyri/monastery/svyato-znamenskiy-monastyr-v-g-kovrove/,"{'eparhia': None, 'mitropolia': None, 'boss': None, 'type': 'Епархиальные монастыри Русской Православной Церкви', 'founded': '1899'}",,,,,
Знаменский мужской монастырь г. Курска ,51.72769655947,36.192528194771,/upload/iblock/091/09152fddfe35a3b0ffb106a1c2ce8766/ed7b17da6cf518a8c679fcad36d4a22c_XL.jpg,458,/monastyri/monastery/znamenskiy-muzhskoy-monastyr-g-kurska-/,"{'eparhia': None, 'mitropolia': None, 'boss': None, 'type': 'Епархиальные монастыри Русской Православной Церкви', 'founded': '1613'}",,,,,
Знаменский скит Серафимо-Дивеевского монастыря,55.177661069389,43.192661870021,/upload/iblock/6fd/zn.jpg,358,/monastyri/monastery/znamenskiy-skit-serafimo-diveevskogo-monastyrya/,"{'eparhia': None, 'mitropolia': None, 'boss': None, 'type': 'скит епархиального монастыря', 'founded': ''}",,,,,
"Знаменский скит, подворье Успенского мужского монастыря г.Иваново",57.064095232536,40.704268587265,,240,/monastyri/monastery/znamenskiy-skit-podvore-uspenskogo-muzhskogo-monastyrya-g-ivanovo/,"{'eparhia': None, 'mitropolia': None, 'boss': None, 'type': 'подворье епархиального монастыря', 'founded': '1998'}",,,,,
Золотухинский женский монастырь во имя преподобного Алексия человека Божия ,52.077843772079,36.368984626984,/upload/iblock/3b6/3b6e840fd63c2f0b2680a9900955384c/d5b2b4dec95dad0b7d23564051dfea04_monasterium_2018_10_22_08.JPG,418,/monastyri/monastery/zolotukhinskiy-zhenskiy-monastyr-vo-imya-prepodobnogo-aleksiya-cheloveka-bozhiya-/,"{'eparhia': None, 'mitropolia': None, 'boss': None, 'type': 'Епархиальные монастыри Русской Православной Церкви', 'founded': '1997'}",,,,,
Зосимо-Ворбозомский скит Воскресенского Горицкого женского монастыря,59.488194884619,39.592816967443,/upload/iblock/ff4/ff406a3680bbed899fda2905c2aaf7a3/index_img.png,432,/monastyri/monastery/zosimo-vorbozomskiy-skit-voskresenskogo-goritskogo-zhenskogo-monastyrya/,"{'eparhia': None, 'mitropolia': None, 'boss': None, 'type': 'скит епархиального монастыря', 'founded': ''}",,,,,
Свято-Зосимо-Савватиевский Велико-Кракотский мужской монастырь Новогрудской епархии,53.021588716646,24.96893364418,/upload/iblock/bab/bab3348b6afd594cbb403fad38d86892/0.JPG,873,/monastyri/monastery/svyato-zosimo-savvatievskiy-veliko-krakotskiy-muzhskoy-monastyr-novogrudskoy-eparkhii/,"{'eparhia': None, 'mitropolia': None, 'boss': None, 'type': 'Монастыри Белорусской Православной Церкви', 'founded': '2009'}",,,,,
Иверский Богородицкий монастырь села Шерауты,55.134209710767,47.357764475544,/upload/iblock/20f/20f4a4724694245e2a7ef19d2d7a412d/FQzOLZ81DUw.jpg,618,/monastyri/monastery/iverskiy-bogoroditskiy-monastyr-sela-sherauty/,"{'eparhia': None, 'mitropolia': None, 'boss': None, 'type': 'Епархиальные монастыри Русской Православной Церкви', 'founded': '1903'}",,,,,
Иверский женский монастырь г. Уфы,5446564384,5675547,/upload/iblock/be7/be7a5d5ee319a3a95ecf2229faf4c53b/cd7fb023a92b9f559510e405d23fdecb.JPG,9186,/monastyri/monastery/iverskiy-zhenskiy-monastyr-g-ufy/,"{'eparhia': None, 'mitropolia': None, 'boss': None, 'type': 'Епархиальные монастыри Русской Православной Церкви', 'founded': ''}",,,,,
Иверский женский монастырь г. Самары,53.200505628928,50.099871728836,/upload/iblock/b9b/b9b04ad749acc0a2f5b464141d898871/111.jpg,854,/monastyri/monastery/iverskiy-zhenskiy-monastyr-g-samary/,"{'eparhia': None, 'mitropolia': None, 'boss': None, 'type': 'Епархиальные монастыри Русской Православной Церкви', 'founded': '1850'}",,,,,
Иверский женский монастырь Донецкой епархии ,48.065470866007,37.732378517197,/upload/iblock/ffb/8pzyjxesgcdttjarfy4z5gwxdxvo1u1l/00.jpg,856,/monastyri/monastery/iverskiy-zhenskiy-monastyr-donetskoy-eparkhii-/,"{'eparhia': None, 'mitropolia': None, 'boss': None, 'type': 'Монастыри УПЦ МП', 'founded': '2001'}",,,,,
Свято-Иверский женский монастырь Ровенской епархии,50.183632,25.773596,/upload/iblock/9ad/zovebetxe8bmgv2bzxwbhy85zszkua54/00-_1_.jpg,1005,/monastyri/monastery/svyato-iverskiy-zhenskiy-monastyr-rovenskoy-eparkhii/,"{'eparhia': None, 'mitropolia': None, 'boss': None, 'type': 'Монастыри УПЦ МП', 'founded': '2010'}",,,,,
Иверский монастырь г. Енисейск,58.45368344691,92.188331866905,/upload/iblock/b45/b4535ceb89fa47aae0027d588810e255/4.JPG,3218,/monastyri/monastery/iverskiy-monastyr-g-eniseysk/,"{'eparhia': None, 'mitropolia': None, 'boss': None, 'type': 'Епархиальные монастыри Русской Православной Церкви', 'founded': '1623'}",,,,,
Иверский мужской монастырь г. Ленинск-Кузнецкий,54.654165817556,86.195687,/upload/iblock/e9c/e9c3db53d09ddd2e3ad7a6fb6503a3a9/2.jpg,3022,/monastyri/monastery/iverskiy-muzhskoy-monastyr-g-leninsk-kuznetskiy/,"{'eparhia': None, 'mitropolia': None, 'boss': None, 'type': 'Епархиальные монастыри Русской Православной Церкви', 'founded': ''}",,,,,
Свято-Иверский мужской монастырь Одесской епархии,46.41035287887,30.699575001818,/upload/iblock/646/6yjyjj1sxqq8hcxo05kh46vraoewfsgu/00-_1_.jpg,1145,/monastyri/monastery/svyato-iverskiy-muzhskoy-monastyr-odesskoy-eparkhii/,"{'eparhia': None, 'mitropolia': None, 'boss': None, 'type': 'Монастыри УПЦ МП', 'founded': '1998'}",,,,,
Иверско-Петропавловский женский монастырь,53.213780265546,63.874319705522,/upload/iblock/8d4/t7gbcctr1l5mm5ny7pxwwx2ydr3iy8p7/004_2_2.jpg,1709,/monastyri/monastery/iversko-petropavlovskiy-zhenskiy-monastyr/,"{'eparhia': None, 'mitropolia': None, 'boss': None, 'type': 'Монастыри Митрополичьего округа Русской Православной Церкви в республике Казахстан', 'founded': '1894'}",,,,,
"Иверско-Серафимовский женский монастырь г. Алма-Ата, Астанайской и Алма-Атинской епархии ",43.26934591503,76.959654273155,/upload/iblock/108/1.jpg,3107,/monastyri/monastery/iversko-serafimovskiy-zhenskiy-monastyr-g-alma-ata-astanayskoy-i-alma-atinskoy-eparkhii-/,"{'eparhia': None, 'mitropolia': None, 'boss': None, 'type': 'Монастыри Митрополичьего округа Русской Православной Церкви в республике Казахстан', 'founded': '1908'}",,,,,
Иконы Божией Матери «Живоносный источник» женский монастырь Хмельницкой епархии,49.458642052714,26.35131722666,/upload/iblock/078/ozf0wqb5t79e5h0e06z20ynva2xd3dgt/3.jpg,1032,/monastyri/monastery/ikony-bozhiey-materi-zhivonosnyy-istochnik-zhenskiy-monastyr-khmelnitskoy-eparkhii/,"{'eparhia': None, 'mitropolia': None, 'boss': None, 'type': 'Монастыри УПЦ МП', 'founded': '2007'}",,,,,
Свято-Ильинский мужской монастырь Одесской епархии,46.470257004302,30.741389297022,/upload/iblock/a57/cmmbnxgna31ani2gs1f7dlbkcfr8iey0/00.jpg,1138,/monastyri/monastery/svyato-ilinskiy-muzhskoy-monastyr-odesskoy-eparkhii/,"{'eparhia': None, 'mitropolia': None, 'boss': None, 'type': 'Монастыри УПЦ МП', 'founded': '1884'}",,,,,
Ильинский мужской монастырь Северодонецкой епархии,49.072107326861,38.411280150759,/upload/iblock/d4c/skmxl5ap7mf7sgnnffxchv9xw74o0qvg/00.jpg,746,/monastyri/monastery/ilinskiy-muzhskoy-monastyr-severodonetskoy-eparkhii/,"{'eparhia': None, 'mitropolia': None, 'boss': None, 'type': 'Монастыри УПЦ МП', 'founded': '2005'}",,,,,
Свято-Ильинский мужской монастырь Хустской епархии,48.048422,23.766008,,1276,/monastyri/monastery/svyato-ilinskiy-muzhskoy-monastyr-khustskoy-eparkhii/,"{'eparhia': None, 'mitropolia': None, 'boss': None, 'type': 'Монастыри УПЦ МП', 'founded': '2002'}",,,,,
Ильинский Никоренский мужской монастырь Кишиневской епархии,47.956133215358,27.682116347217,/upload/iblock/f32/w87s147va9l3u4nla2mi32p5j4znocq0/nie.jpg,1102,/monastyri/monastery/ilinskiy-nikorenskiy-muzhskoy-monastyr-kishinevskoy-eparkhii/,"{'eparhia': None, 'mitropolia': None, 'boss': None, 'type': 'Монастыри Православной Церкви Молдовы', 'founded': '1990'}",,,,,
Ильинский скит Архангело-Михайловского мужского монастыря Хустской епархии,48.177665,23.908323,,1258,/monastyri/monastery/ilinskiy-skit-arkhangelo-mikhaylovskogo-muzhskogo-monastyrya-khustskoy-eparkhii/,"{'eparhia': None, 'mitropolia': None, 'boss': None, 'type': 'скит епархиального монастыря', 'founded': '1905'}",,,,,
Ильинское подворье Николо-Шартомского монастыря в Гавриловом Посаде,56.556743692237,40.116350915344,/upload/iblock/4d7/4d7808f2d50fb126c6ea1ea697f2998a/ilin.jpg,179,/monastyri/monastery/ilinskoe-podvore-nikolo-shartomskogo-monastyrya-v-gavrilovom-posade/,"{'eparhia': None, 'mitropolia': None, 'boss': None, 'type': 'подворье епархиального монастыря', 'founded': ''}",,,,,
Инкерманский Свято-Климентовский мужской монастырь  ,44.604077540044,33.607615236771,/upload/iblock/8e2/8e2ba7cdc1405a5d42a7410516ae5f8b/1.jpg,1272,/monastyri/monastery/inkermanskiy-svyato-klimentovskiy-muzhskoy-monastyr-/,"{'eparhia': None, 'mitropolia': None, 'boss': None, 'type': 'Епархиальные монастыри Русской Православной Церкви', 'founded': '1852'}",,,,,
Инсарский Свято-Ольгинский женский монастырь,53.869434987356,44.370161025795,/upload/iblock/39d/39d9d5020addf5ce45b2916d62c55666/vK6cGsWMtKU.jpg,481,/monastyri/monastery/insarskiy-svyato-olginskiy-zhenskiy-monastyr/,"{'eparhia': None, 'mitropolia': None, 'boss': None, 'type': 'Епархиальные монастыри Русской Православной Церкви', 'founded': '1909'}",,,,,
Иоанно-Богословский женский монастырь,64.39290476063,41.010495112095,/upload/iblock/98e/98ee831fdf8ddf82990dd63fe756717a/10.jpg,979,/monastyri/monastery/ioanno-bogoslovskiy-zhenskiy-monastyr/,"{'eparhia': None, 'mitropolia': None, 'boss': None, 'type': 'Епархиальные монастыри Русской Православной Церкви', 'founded': '1994'}",,,,,
Свято-Иоанно-Богословский женский монастырь Хустской епархии,48.274975,23.524464,/upload/iblock/035/xli9wjp0ga753yhedt1y8pz04czppphj/1.jpg,1270,/monastyri/monastery/svyato-ioanno-bogoslovskiy-zhenskiy-monastyr-khustskoy-eparkhii/,"{'eparhia': None, 'mitropolia': None, 'boss': None, 'type': 'Монастыри УПЦ МП', 'founded': ''}",,,,,
"Свято-Иоанно-Богословский женский монастырь, д. Домашаны Борисовской епархии",54.018780673709,27.945588677307,/upload/iblock/8fa/8fa033fc538c6e977ad76981366930d6/c225ad3ccbaaaff52d881c9260010e73.jpg,648,/monastyri/monastery/svyato-ioanno-bogoslovskiy-zhenskiy-monastyr-d-domashany-borisovskoy-eparkhii/,"{'eparhia': None, 'mitropolia': None, 'boss': None, 'type': 'Монастыри Белорусской Православной Церкви', 'founded': '1997'}",,,,,
Свято-Иоанно-Богословский женский скит Покровского  Красногорского женского монастыря Черкасской епархии,49.700102,32.060336,/upload/iblock/c34/rk4dmp0de1z31ujbphqu2korbdfag3ap/00-_1_.jpg,770,/monastyri/monastery/svyato-ioanno-bogoslovskiy-zhenskiy-skit-pokrovskogo-krasnogorskogo-zhenskogo-monastyrya-cherkasskoy/,"{'eparhia': None, 'mitropolia': None, 'boss': None, 'type': 'скит епархиального монастыря', 'founded': '1871'}",,,,,
Свято-Иоанно-Богословский Лемешевский мужской монастырь Винницкой епархии,49.659686,28.453086,/upload/iblock/ad8/2ohz6h8hks2scmg88fx8rv40n57jqgpo/04.jpg,916,/monastyri/monastery/svyato-ioanno-bogoslovskiy-lemeshevskiy-muzhskoy-monastyr-vinnitskoy-eparkhii/,"{'eparhia': None, 'mitropolia': None, 'boss': None, 'type': 'Монастыри УПЦ МП', 'founded': ''}",,,,,
Иоанно-Богословский Макаровский мужской монастырь,54.16141305381,45.255428703737,/upload/iblock/afc/afc553e9ff9bfa01dc0cfdc6b95ced8f/14_Daa2WeoyS44.jpg,519,/monastyri/monastery/ioanno-bogoslovskiy-makarovskiy-muzhskoy-monastyr/,"{'eparhia': None, 'mitropolia': None, 'boss': None, 'type': 'Епархиальные монастыри Русской Православной Церкви', 'founded': '1994'}",,,,,
Иоанно-Богословский монастырь в с. Пощупово,54.816979627349,39.715444166626,/upload/iblock/8c3/8c386e0634b7c97edf23f21ef3c472db/1.jpg,169,/monastyri/monastery/ioanno-bogoslovskiy-monastyr-v-s-poshchupovo/,"{'eparhia': None, 'mitropolia': None, 'boss': None, 'type': 'Епархиальные монастыри Русской Православной Церкви', 'founded': ''}",,,,,
Свято-Иоанно-Богословский мужской монастырь Мукачевской епархии,48.289915905781,22.991545737273,/upload/iblock/df7/gt2ijicm98f8ycqz1ctojfbh9a0aeowi/00.jpg,1296,/monastyri/monastery/svyato-ioanno-bogoslovskiy-muzhskoy-monastyr-mukachevskoy-eparkhii/,"{'eparhia': None, 'mitropolia': None, 'boss': None, 'type': 'Монастыри УПЦ МП', 'founded': '2010'}",,,,,
Свято-Иоанно-Богословский мужской монастырь Черновицко-Буковинской епархии,48.637732001752,25.749505652605,/upload/iblock/2ba/11zfx9v24u7ayhj0ivvn3yviino10u9m/00.jpg,1129,/monastyri/monastery/svyato-ioanno-bogoslovskiy-muzhskoy-monastyr-chernovitsko-bukovinskoy-eparkhii/,"{'eparhia': None, 'mitropolia': None, 'boss': None, 'type': 'Монастыри УПЦ МП', 'founded': ''}",,,,,
Иоанно-Богословский Савво-Крыпецкий мужской монастырь,57.989907626007,28.493087664032,/upload/iblock/c80/c8081e1f32b7359d7d7c9aac60bd3fcf/11.JPG,607,/monastyri/monastery/ioanno-bogoslovskiy-savvo-krypetskiy-muzhskoy-monastyr/,"{'eparhia': None, 'mitropolia': None, 'boss': None, 'type': 'Епархиальные монастыри Русской Православной Церкви', 'founded': '1487'}",,,,,
"Иоанно-Богословский храм села Плахино, подворье Рязанского Троицкого монастыря",54.463437144962,39.340884820129,/upload/iblock/ecb/ecb974cf67c8c00460e37e84ab23ae1e/62640021301.jpg,181,/monastyri/monastery/ioanno-bogoslovskiy-khram-sela-plakhino-podvore-ryazanskogo-troitskogo-monastyrya/,"{'eparhia': None, 'mitropolia': None, 'boss': None, 'type': 'подворье епархиального монастыря', 'founded': ''}",,,,,
Иоанно-Введенский женский монастырь пос. Прииртышский,58.166031642196,68.350190196976,/upload/iblock/99e/99e510197864c866694e1857bd91b9e3/vved08.jpg,1866,/monastyri/monastery/ioanno-vvedenskiy-zhenskiy-monastyr-pos-priirtyshskiy/,"{'eparhia': None, 'mitropolia': None, 'boss': None, 'type': 'Епархиальные монастыри Русской Православной Церкви', 'founded': '1653'}",,,,,
Иоанно-Златоустовский женский монастырь  Кишинеской епархии,48.094559,27.835892,,1083,/monastyri/monastery/ioanno-zlatoustovskiy-zhenskiy-monastyr-kishineskoy-eparkhii/,"{'eparhia': None, 'mitropolia': None, 'boss': None, 'type': 'Монастыри Православной Церкви Молдовы', 'founded': '2007'}",,,,,
Свято-Иоанно-Кормянский женский монастырь Гомельской епархии,52.343589868136,31.512618847885,/upload/iblock/5d0/5d0e8f57f83e622b90bbc795cc38ee80/93c16d299a6152a4ca32242d1fe13593.jpg,550,/monastyri/monastery/svyato-ioanno-kormyanskiy-zhenskiy-monastyr-gomelskoy-eparkhii/,"{'eparhia': None, 'mitropolia': None, 'boss': None, 'type': 'Монастыри Белорусской Православной Церкви', 'founded': '2000'}",,,,,
Иоанно-Кронштадский женский монастырь с. Кислуха,53.495429,83.705253,/upload/iblock/2a6/2a6565140a560839f2058b3c7ca89f73/rr.png,2923,/monastyri/monastery/ioanno-kronshtadskiy-zhenskiy-monastyr-s-kislukha-/,"{'eparhia': None, 'mitropolia': None, 'boss': None, 'type': 'Епархиальные монастыри Русской Православной Церкви', 'founded': '1996'}",,,,,
Свято-Иоанно-Предтеченский женский монастырь Мукачевской епархии,48.300906959219,23.072600172947,/upload/iblock/95c/rrdd2a86a7m7c79z2n8nsj7dqlibha1b/16.jpg,1291,/monastyri/monastery/svyato-ioanno-predtechenskiy-zhenskiy-monastyr-mukachevskoy-eparkhii/,"{'eparhia': None, 'mitropolia': None, 'boss': None, 'type': 'Монастыри УПЦ МП', 'founded': '1925'}",,,,,
Иоанно-Предтеченский женский монастырь на Остров-граде Свияжск,55.769529888187,48.65876348941,/upload/iblock/892/t4rgfiurigpfx2nuetzyu2v3p30yiw7j/Bez-nazvaniya.png,691,/monastyri/monastery/ioanno-predtechenskiy-zhenskiy-monastyr-na-ostrov-grade-sviyazhsk/,"{'eparhia': None, 'mitropolia': None, 'boss': None, 'type': 'Епархиальные монастыри Русской Православной Церкви', 'founded': '1701'}",,,,,
Иоанно-Предтеченский мужской монастырь с. Ростоки Хустской епархии,48.065769849273,24.293750784439,/upload/iblock/262/1flbxmcx7h74y42m5nem4xobi8rvvghp/1.jpg,1248,/monastyri/monastery/ioanno-predtechenskiy-muzhskoy-monastyr-s-rostoki-khustskoy-eparkhii/,"{'eparhia': None, 'mitropolia': None, 'boss': None, 'type': 'Монастыри УПЦ МП', 'founded': '2016'}",,,,,
Свято-Иоанно-Предтеченский мужской монастырь Хустской епархии ,48.018718665483,23.646582277014,/upload/iblock/08e/0ua4ash5ix5htg73tecy1vgw035k588u/19.jpg,1284,/monastyri/monastery/svyato-ioanno-predtechenskiy-muzhskoy-monastyr-khustskoy-eparkhii-/,"{'eparhia': None, 'mitropolia': None, 'boss': None, 'type': 'Монастыри УПЦ МП', 'founded': '1925'}",,,,,
Иоанно-Предтеченский скит Барнаульского Знаменского женского монастыряв селе Сорочий лог,53.580420029509,84.146189976146,/upload/iblock/ee4/ee41142decc25d367c7e91e1219796dd/log1.jpg,2946,/monastyri/monastery/ioanno-predtechenskiy-skit-barnaulskogo-znamenskogo-zhenskogo-monastyryav-sele-sorochiy-log/,"{'eparhia': None, 'mitropolia': None, 'boss': None, 'type': 'скит епархиального монастыря', 'founded': ''}",,,,,
Иоанно-Предтеченский скит Николаевского мужского монастыря Владимир-Волынской епархии,51.239,24.731994,/upload/iblock/80b/xdqs47mpckpp69zwzpbudjho965jja53/05.jpg,988,/monastyri/monastery/ioanno-predtechenskiy-skit-nikolaevskogo-muzhskogo-monastyrya-vladimir-volynskoy-eparkhii/,"{'eparhia': None, 'mitropolia': None, 'boss': None, 'type': 'скит епархиального монастыря', 'founded': '1997'}",,,,,
Иоанно-Предтеченский скит Оптиной пустыни,54.052528787353,35.838356671616,/upload/iblock/a85/monasterium.ru_optina_sk-_00.jpg,221,/monastyri/monastery/ioanno-predtechenskiy-skit-optinoy-pustyni/,"{'eparhia': None, 'mitropolia': None, 'boss': None, 'type': 'скит ставропигиального монастыря', 'founded': '1821'}",,,,,
Иоанно-Предтеченский ставропигиальный женский монастырь,55.754536262298,37.639778261527,/upload/iblock/cb5/o73n3qtzqoie6zctt1a102du0uy3z0uq/Foto-monastyrya-1.JPG,2,/monastyri/monastery/ioanno-predtechenskiy-stavropigialnyy-zhenskiy-monastyr/,"{'eparhia': None, 'mitropolia': None, 'boss': None, 'type': 'Ставропигиальные монастыри Русской Православной Церкви', 'founded': ''}",,,,,
Иоанно-Предтеченский Трегуляевский мужской монастырь,52.661633777367,41.514348173484,/upload/iblock/c51/c516c951456d1d228d96d1eb223e17e7/36.jpg,428,/monastyri/monastery/ioanno-predtechenskiy-tregulyaevskiy-muzhskoy-monastyr/,"{'eparhia': None, 'mitropolia': None, 'boss': None, 'type': 'Епархиальные монастыри Русской Православной Церкви', 'founded': '1688'}",,,,,
Иоанно-Предтеченское подворье Новоспасского монастыря  в Сумарокове,55.762340089173,35.912502689144,/upload/iblock/de3/podvore_novospasskogo_monastyrya_khrama_ioanna_predtechi_v_s.sumarokovo.jpg,107,/monastyri/monastery/ioanno-predtechenskoe-podvore-novospasskogo-monastyrya/,"{'eparhia': None, 'mitropolia': None, 'boss': None, 'type': 'подворье ставропигиального монастыря', 'founded': '2013'}",,,,,
Иоанновский женский монастырь в честь праведного Иоанна Кронштадтского  в пос. Алексеевка,52.294909672163,48.01564090903,/upload/iblock/ea6/ea6c1f5eed85d7caa1d05bf7f5993cd1/f.jpeg,780,/monastyri/monastery/ioannovskiy-zhenskiy-monastyr-v-chest-pravednogo-ioanna-kronshtadtskogo-v-pos-alekseevka/,"{'eparhia': None, 'mitropolia': None, 'boss': None, 'type': 'Епархиальные монастыри Русской Православной Церкви', 'founded': '2006'}",,,,,
Иоанновский ставропигиальный женский монастырь,59.970780463098,30.300622102805,/upload/iblock/867/001.jpg,638,/monastyri/monastery/ioannovskiy-stavropigialnyy-zhenskiy-monastyr/,"{'eparhia': None, 'mitropolia': None, 'boss': None, 'type': 'Ставропигиальные монастыри Русской Православной Церкви', 'founded': '1900'}",,,,,
Свято-Иосифовский женский монастырь Каменской епархии,48.938692397732,35.203556638346,/upload/iblock/05a/2pfyj03cx14e00ntb6dd4xb94mi8wr8d/h2zPGWl_DAY.jpg,776,/monastyri/monastery/svyato-iosifovskiy-zhenskiy-monastyr-kamenskoy-eparkhii/,"{'eparhia': None, 'mitropolia': None, 'boss': None, 'type': 'Монастыри УПЦ МП', 'founded': '1873'}",,,,,
Иргизский Воскресенский мужской монастырь села Криволучье,51.82622210117,48.123714157425,/upload/iblock/eda/eda4744d266b65da7d950d2d7564da36/11111.jpg,816,/monastyri/monastery/irgizskiy-voskresenskiy-muzhskoy-monastyr-sela-krivoluche/,"{'eparhia': None, 'mitropolia': None, 'boss': None, 'type': 'Епархиальные монастыри Русской Православной Церкви', 'founded': '1762'}",,,,,
Иркутский Знаменский женский монастырь,52.300988575059,104.29418855026,/upload/iblock/f96/f961849f64c2f729179cc1b8e0a849aa/1.jpg,4202,/monastyri/monastery/irkutskiy-znamenskiy-zhenskiy-monastyr/,"{'eparhia': None, 'mitropolia': None, 'boss': None, 'type': 'Епархиальные монастыри Русской Православной Церкви', 'founded': '1689'}",,,,,
Кагульский Свято-Владимирский мужской монастырь Кагульской  и Комратской епархии,45.902173793308,28.187488764557,,1278,/monastyri/monastery/kagulskiy-svyato-vladimirskiy-muzhskoy-monastyr-kagulskoy-i-komratskoy-eparkhii/,"{'eparhia': None, 'mitropolia': None, 'boss': None, 'type': 'Монастыри Православной Церкви Молдовы', 'founded': '2002'}",,,,,
Казанская Амвросиевская ставропигиальная женская пустынь,54.16111168642,35.866250014357,/upload/iblock/dbc/monasterium.ru_sh_01.jpg,210,/monastyri/monastery/kazanskaya-amvrosievskaya-zhenskaya-pustyn/,"{'eparhia': None, 'mitropolia': None, 'boss': None, 'type': 'Ставропигиальные монастыри Русской Православной Церкви', 'founded': '1884'}",,,,,
Казанский Богородицкий мужской монастырь ,55.798674283762,49.113540834211,/upload/iblock/982/982bfbe55d2174d50bcb19f26e411676/5_312043_b.jpg,719,/monastyri/monastery/kazanskiy-bogoroditskiy-muzhskoy-monastyr-/,"{'eparhia': None, 'mitropolia': None, 'boss': None, 'type': 'Епархиальные монастыри Русской Православной Церкви', 'founded': '1580'}",,,,,
Казанский девичий монастырь в г. Калуге,54.503664339292,36.255798055097,/upload/iblock/4f3/4f35de3b866d8bd925dcd97ce37c77fa/kazan_tod1.jpg,164,/monastyri/monastery/kazanskiy-devichiy-monastyr-v-g-kaluge/,"{'eparhia': None, 'mitropolia': None, 'boss': None, 'type': 'Епархиальные монастыри Русской Православной Церкви', 'founded': '1629'}",,,,,
Казанский женский монастырь в поселке Горушка,58.179926172392,40.1470279801,/upload/iblock/cd3/2.jpg,311,/monastyri/monastery/kazanskiy-zhenskiy-monastyr-v-poselke-gorushka/,"{'eparhia': None, 'mitropolia': None, 'boss': None, 'type': 'Епархиальные монастыри Русской Православной Церкви', 'founded': '1894'}",,,,,
Свято-Казанский женский монастырь г. Балыкчи Бишкекской епархии,42.452626,76.182982,/upload/iblock/d34/9fca16ce_6842_440b_b0e3_34f9296fc7c9.jpg,3119,/monastyri/monastery/svyato-kazanskiy-zhenskiy-monastyr-g-balykchi-bishkekskoy-eparkhii/,"{'eparhia': None, 'mitropolia': None, 'boss': None, 'type': 'Монастыри Среднеазиатского митрополичьего округа Русской Православной Церкви', 'founded': ''}",,,,,
Казанский женский монастырь г. Вышний Волочек,57.584258,34.597192,/upload/iblock/efa/efa309ba6fa4138f3e3d08fa09663873/1-Titul.jpg,275,/monastyri/monastery/kazanskiy-zhenskiy-monastyr-g-vyshniy-volochok/,"{'eparhia': None, 'mitropolia': None, 'boss': None, 'type': 'Епархиальные монастыри Русской Православной Церкви', 'founded': '1872'}",,,,,
Казанский женский монастырь г. Радужный ,56.008808301051,40.326891741734,/upload/iblock/d74/fcvrjcoy2nr5vuemnjuzpht61qkzxiz9/56558_20210819_1622340.jpg,172,/monastyri/monastery/kazanskiy-zhenskiy-monastyr-g-raduzhnyy-/,"{'eparhia': None, 'mitropolia': None, 'boss': None, 'type': 'Епархиальные монастыри Русской Православной Церкви', 'founded': '2016'}",,,,,
Казанский женский монастырь г. Ярославля,57.628195891826,39.887151831402,/upload/iblock/286/phpcjlati_448_388.jpg,251,/monastyri/monastery/kazanskiy-zhenskiy-monastyr-g-yaroslavlya/,"{'eparhia': None, 'mitropolia': None, 'boss': None, 'type': 'Епархиальные монастыри Русской Православной Церкви', 'founded': '1609'}",,,,,
Свято-Казанский женский монастырь города Троицка ,54.084376784874,61.536652059524,/upload/iblock/116/1163d01609cacec15e3f392183d22c04/1.jpg,1533,/monastyri/monastery/svyato-kazanskiy-zhenskiy-monastyr-goroda-troitska-/,"{'eparhia': None, 'mitropolia': None, 'boss': None, 'type': 'Епархиальные монастыри Русской Православной Церкви', 'founded': '1862'}",,,,,
Казанский Иоанно-Предтеченский мужской  монастырь,55.79541753753,49.108387253967,/upload/iblock/6d4/6d4b57c898cee1a491c0da5e13950f81/ivkiymonr_b_88207523148.jpg,718,/monastyri/monastery/kazanskiy-ioanno-predtechenskiy-muzhskoy-monastyr/,"{'eparhia': None, 'mitropolia': None, 'boss': None, 'type': 'Епархиальные монастыри Русской Православной Церкви', 'founded': '1564'}",,,,,
Казанский мужской монастырь в с. Кузнецово ,56.897980358001,41.503827313492,/upload/iblock/d70/d702fa2c88952d4de3e981438a135949/4.jpg,272,/monastyri/monastery/kazanskiy-muzhskoy-monastyr-v-s-kuznetsovo-/,"{'eparhia': None, 'mitropolia': None, 'boss': None, 'type': 'Епархиальные монастыри Русской Православной Церкви', 'founded': '1998'}",,,,,
Казанский мужской монастырь г. Нижний Тагил,57.924120567239,59.932674415344,/upload/iblock/ee5/ee5b89b964797a960539767ef8474274/66.jpg,1372,/monastyri/monastery/kazanskiy-muzhskoy-monastyr-g-nizhniy-tagil/,"{'eparhia': None, 'mitropolia': None, 'boss': None, 'type': 'Епархиальные монастыри Русской Православной Церкви', 'founded': '1998'}",,,,,
Казанский мужской монастырь города Тамбова,52.720627,41.460123,/upload/iblock/fd6/fd66b1eedf7bf743e5f428c941f9046d/12.jpg,420,/monastyri/monastery/kazanskiy-muzhskoy-monastyr-goroda-tambova/,"{'eparhia': None, 'mitropolia': None, 'boss': None, 'type': 'Епархиальные монастыри Русской Православной Церкви', 'founded': '1677'}",,,,,
Казанский скит Коневского мужского монастыря ,60.84429470125,30.605358238586,/upload/iblock/ea3/kazan.skit.jpg,698,/monastyri/monastery/kazanskiy-skit/,"{'eparhia': None, 'mitropolia': None, 'boss': None, 'type': 'скит епархиального монастыря', 'founded': '1796'}",,,,,
Казанский Успенский Зилантов женский монастырь,55.807279602272,49.056379584656,/upload/iblock/88d/88d8d18c2ffc0a57fe21ac96ae5a8852/2.jpg,715,/monastyri/monastery/kazanskiy-uspenskiy-zilantov-zhenskiy-monastyr/,"{'eparhia': None, 'mitropolia': None, 'boss': None, 'type': 'Епархиальные монастыри Русской Православной Церкви', 'founded': '1552'}",,,,,
Казанский Чимеевский мужской монастырь в селе Чимеево ,56.094511105715,65.13402014418,/upload/iblock/0c9/0c9d67317c66ca4393cd0943bb8d4b6e/IC91_XrwJR4_cr1.jpg,1704,/monastyri/monastery/kazanskiy-chimeevskiy-muzhskoy-monastyr-v-sele-chimeevo-/,"{'eparhia': None, 'mitropolia': None, 'boss': None, 'type': 'Епархиальные монастыри Русской Православной Церкви', 'founded': ''}",,,,,
Казанское подворье одворье Раифского мужского монастыря,55.788529425557,49.108974220269,/upload/iblock/068/068950d76b7b7ff598b1a8c4bb279042/IMG_8452_16696180556.jpg,718,/monastyri/monastery/kazanskoe-podvore-odvore-raifskogo-muzhskogo-monastyrya/,"{'eparhia': None, 'mitropolia': None, 'boss': None, 'type': 'подворье епархиального монастыря', 'founded': ''}",,,,,
Казанское подворье Свято-Успенского Космина мужского монастыря в местечке Лучки,56.764341033175,39.529493605819,/upload/iblock/017/017fca563d3a3bac2eb621b223344de5/005_Kazanskoe-podv.-v-m.-Luchki.jpg,163,/monastyri/monastery/kazanskoe-podvore-svyato-uspenskogo-kosmina-muzhskogo-monastyrya-v-mestechke-luchki/,"{'eparhia': None, 'mitropolia': None, 'boss': None, 'type': 'подворье епархиального монастыря', 'founded': ''}",,,,,
Казанское подворье Успенского мужского монастыря г. Иваново,57.0398739392,41.210770112908,,264,/monastyri/monastery/kazanskoe-podvore-uspenskogo-monastyrya-g-ivanovo/,"{'eparhia': None, 'mitropolia': None, 'boss': None, 'type': 'подворье епархиального монастыря', 'founded': ''}",,,,,
"Калагурский  мужской монастырь в честь Пророка, Предтечи и Крестителя Господня  Тираспольской епархииИоанна ",47.894396,28.911021,/upload/iblock/ef7/1j3n2gdcqaij94mkzo44c3nzheu3ddgd/11.jpg,1058,/monastyri/monastery/kalagurskiy-muzhskoy-monastyr-v-chest-proroka-predtechi-i-krestitelya-gospodnya-tiraspolskoy-eparkhi/,"{'eparhia': None, 'mitropolia': None, 'boss': None, 'type': 'Монастыри Православной Церкви Молдовы', 'founded': '2003'}",,,,,
Калининградское  подворье женского монастыря в честь иконы Божией Матери «Державная» поселка Изобильное ,54.715625823295,20.425279703705,/upload/iblock/266/266dc31005e675db09dd6a6fede29f17/gg02.jpg,1094,/monastyri/monastery/kaliningradskoe-podvore-zhenskogo-monastyrya-v-chest-ikony-bozhiey-materi-derzhavnaya-poselka-izobil/,"{'eparhia': None, 'mitropolia': None, 'boss': None, 'type': 'подворье епархиального монастыря', 'founded': '2015'}",,,,,
Мужской монастырь Успения Пресвятой Богородицы Калужская Свято-Тихонова Пустынь,54.605864602897,36.038685687394,/upload/iblock/ca4/ca4e2a4e885bc7b86976ff762222341b/tichonova_min_e1478591655613.jpg,163,/monastyri/monastery/muzhskoy-monastyr-uspeniya-presvyatoy-bogoroditsy-kaluzhskaya-svyato-tikhonova-pustyn/,"{'eparhia': None, 'mitropolia': None, 'boss': None, 'type': 'Епархиальные монастыри Русской Православной Церкви', 'founded': '1450'}",,,,,
Каменск - Уральский Преображенский мужской монастырь ,56.42161215617,61.894336949738,/upload/iblock/d56/foto_monastyrya_2.jpg,1501,/monastyri/monastery/preobrazhenskiy-muzhskoy-monastyr-/,"{'eparhia': None, 'mitropolia': None, 'boss': None, 'type': 'Епархиальные монастыри Русской Православной Церкви', 'founded': '1860'}",,,,,
Карачевский Воскресенский мужской  монастырь,53.11191774252,34.9627545,/upload/iblock/bc6/bc6a970e2e137d624c9aa79ee56403a2/berezhok01.JPG,341,/monastyri/monastery/karachevskiy-voskresenskiy-muzhskoy-monastyr/,"{'eparhia': None, 'mitropolia': None, 'boss': None, 'type': 'Епархиальные монастыри Русской Православной Церкви', 'founded': ''}",,,,,
Карачевский Николо-Одрин  женский монастырь,53.166862960568,35.074372859138,/upload/iblock/a08/a088a27aa7fa5e85824b71f29d48a2ce/55007.jpg,332,/monastyri/monastery/karachevskiy-nikolo-odrin-zhenskiy-monastyr/,"{'eparhia': None, 'mitropolia': None, 'boss': None, 'type': 'Епархиальные монастыри Русской Православной Церкви', 'founded': '1602'}",,,,,
Карпогорское подворье Артемиево-Веркольского мужского монастыря,63.995802295076,44.444413880951,/upload/iblock/29e/29e5bce45980466c86b01d12bcf6c700/222222.jpg,991,/monastyri/monastery/karpogorskoe-podvore-artemievo-verkolskogo-muzhskogo-monastyrya/,"{'eparhia': None, 'mitropolia': None, 'boss': None, 'type': 'подворье епархиального монастыря', 'founded': '1994'}",,,,,
Касперовский женский монастырь Донецкой епархии,47.907432093034,38.105747697067,/upload/iblock/8bd/kjkybw7w2bx0r7j1ebk2n9eycgek0lk7/02.jpg,874,/monastyri/monastery/kasperovskiy-zhenskiy-monastyr-donetskoy-eparkhii/,"{'eparhia': None, 'mitropolia': None, 'boss': None, 'type': 'Монастыри УПЦ МП', 'founded': '1996'}",,,,,
"Катерлезский Свято-Георгиевский женский монастырь, г. Керчь   ",45.391879040332,36.442074940475,/upload/iblock/f24/f24b87183c2aaa0f1d08b5ac53bb0ab1/5235a1edb1230tz_portfolio_1379246574_L.jpg,1156,/monastyri/monastery/katerlezskiy-svyato-georgievskiy-zhenskiy-monastyr-g-kerch-/,"{'eparhia': None, 'mitropolia': None, 'boss': None, 'type': 'Епархиальные монастыри Русской Православной Церкви', 'founded': '1857'}",,,,,
Кемский мужской монастырь во имя Новомучеников и Исповедников Российских.,64.953246199596,34.615415669312,/upload/iblock/f85/f8526f119d2386b39467795b0aca210f/orp.jpg,1036,/monastyri/monastery/kemskiy-muzhskoy-monastyr-vo-imya-novomuchenikov-i-ispovednikov-rossiyskikh/,"{'eparhia': None, 'mitropolia': None, 'boss': None, 'type': 'Епархиальные монастыри Русской Православной Церкви', 'founded': '1991'}",,,,,
Киевский Свято-Введенский мужской монастырь Киевской епархии,50.433444214087,30.544768118999,/upload/iblock/e09/izzfmtzpurwodvnph2skvojdozadqy91/00.jpg,757,/monastyri/monastery/kievskiy-svyato-vvedenskiy-muzhskoy-monastyr-kievskoy-eparkhii/,"{'eparhia': None, 'mitropolia': None, 'boss': None, 'type': 'Монастыри УПЦ МП', 'founded': '1878'}",,,,,
Кирилло-Белозерский мужской  монастырь г. Кириллова,59.858315,38.371112,/upload/iblock/a69/a698035edab069c6e56389089bae3ea9/bRuuDxL5PU.jpg,459,/monastyri/monastery/kirillo-belozerskiy-muzhskoy-monastyr-g-kirillova/,"{'eparhia': None, 'mitropolia': None, 'boss': None, 'type': 'Епархиальные монастыри Русской Православной Церкви', 'founded': '1397'}",,,,,
Свято-Кирилловский мужской монастырь Киевской епархии,50.482983,30.472121,/upload/iblock/a30/9pq49j1wnptiivuayonyslq4hzi2ssds/00.jpg,755,/monastyri/monastery/svyato-kirillovskiy-muzhskoy-monastyr-kievskoy-eparkhii/,"{'eparhia': None, 'mitropolia': None, 'boss': None, 'type': 'Монастыри УПЦ МП', 'founded': '1140'}",,,,,
Кистоленский Свято-Никольский женский монастырь Кагульской и Комратской епархии,46.410952,28.844031,/upload/iblock/6d8/1.jpg,1205,/monastyri/monastery/kistolenskiy-svyato-nikolskiy-zhenskiy-monastyr-kagulskoy-i-komratskoy-eparkhii/,"{'eparhia': None, 'mitropolia': None, 'boss': None, 'type': 'Монастыри Православной Церкви Молдовы', 'founded': '1932'}",,,,,
Киштельницкий Архангельский мужской монастырь Кишиневской епархии,47.565184,28.663028,/upload/iblock/1c2/ue7p4koeytpnhr9fmxbhr7cn0osrw5xg/44.jpg,1099,/monastyri/monastery/kishtelnitskiy-arkhangelskiy-muzhskoy-monastyr-kishinevskoy-eparkhii/,"{'eparhia': None, 'mitropolia': None, 'boss': None, 'type': 'Монастыри Православной Церкви Молдовы', 'founded': '1991'}",,,,,
Климовский Покровский мужской монастырь,52.413114773138,32.13890672391,/upload/iblock/e2e/e2e8713fd4a5f7d71ea83a7b7c022f0f/Fotografiya_5.jpg,516,/monastyri/monastery/klimovskiy-pokrovskiy-muzhskoy-monastyr/,"{'eparhia': None, 'mitropolia': None, 'boss': None, 'type': 'Епархиальные монастыри Русской Православной Церкви', 'founded': '1765'}",,,,,
Клинцовский Свято- Успенский женский монастырь,52.759369132676,32.183149415344,/upload/iblock/547/54706f834152b7ee2e059d12c2adb263/article_photo_3833_15051521601.jpg,486,/monastyri/monastery/klintsovskiy-svyato-uspenskiy-zhenskiy-monastyr/,"{'eparhia': None, 'mitropolia': None, 'boss': None, 'type': 'Епархиальные монастыри Русской Православной Церкви', 'founded': '2005'}",,,,,
Князь-Владимирская мужская пустынь с. Корсунь ,52.719622,36.994287,/upload/iblock/051/0516438323a61f28c8340d6781fed60c/98oiOTCjCs4.jpg,341,/monastyri/monastery/knyaz-vladimirskaya-muzhskaya-pustyn-s-korsun-/,"{'eparhia': None, 'mitropolia': None, 'boss': None, 'type': 'Епархиальные монастыри Русской Православной Церкви', 'founded': '2015'}",,,,,
Князь-Владимирский Хорешсткий мужской монастырь Кишиневской епархии,46.798916,28.936875,/upload/iblock/f1d/4tnf94q0ignqt9izf87t33b6a0ig9le3/1.jpg,1163,/monastyri/monastery/knyaz-vladimirskiy-khoreshstkiy-muzhskoy-monastyr-kishinevskoy-eparkhii/,"{'eparhia': None, 'mitropolia': None, 'boss': None, 'type': 'Монастыри Православной Церкви Молдовы', 'founded': '2000'}",,,,,
Колинковский Свято-Владимирский мужской монастырь Черновицко-Буковинской епархии,48.425746,26.097081,/upload/iblock/b8d/6pks2wro8vwentt4ix9vuciahxwu8x3c/00.jpg,1131,/monastyri/monastery/kolinkovskiy-svyato-vladimirskiy-muzhskoy-monastyr-chernovitsko-bukovinskoy-eparkhii/,"{'eparhia': None, 'mitropolia': None, 'boss': None, 'type': 'Монастыри УПЦ МП', 'founded': '1997'}",,,,,
Коломенский Брусенский монастырь в честь Успения Божией Матери ,55.103861320397,38.753660653442,/upload/iblock/349/3496ed2f4ddee0ef181001e53aa2586f/17.jpg,102,/monastyri/monastery/kolomenskiy-brusenskiy-monastyr-v-chest-uspeniya-bozhiey-materi-/,"{'eparhia': None, 'mitropolia': None, 'boss': None, 'type': 'Епархиальные монастыри Русской Православной Церкви', 'founded': '1552'}",,,,,
Колычевский Казанский женский монастырь,55.230627787432,39.042278050776,/upload/iblock/65f/65f589145ba21bfc5dd8c29dc10b786f/5.jpg,108,/monastyri/monastery/kolychevskiy-kazanskiy-zhenskiy-monastyr/,"{'eparhia': None, 'mitropolia': None, 'boss': None, 'type': 'Епархиальные монастыри Русской Православной Церкви', 'founded': '1885'}",,,,,
Кондрицкий Никольский мужской монастырь Кишиневской епархии,47.052209704346,28.566057259829,/upload/iblock/e6c/ezupuc09oq4ghr25wa40niepnj94j9o4/3.jpg,1152,/monastyri/monastery/kondritskiy-nikolskiy-muzhskoy-monastyr-kishinevskoy-eparkhii/,"{'eparhia': None, 'mitropolia': None, 'boss': None, 'type': 'Монастыри Православной Церкви Молдовы', 'founded': '1517'}",,,,,
Коневский Рождествено-Богородичный монастырь,60.840003264314,30.603496166757,/upload/iblock/e1f/c0ac6249dabbd7ab67cb23609e954543.jpg,698,/monastyri/monastery/konevskiy-rozhdestveno-bogorodichnyy-monastyr/,"{'eparhia': None, 'mitropolia': None, 'boss': None, 'type': 'Епархиальные монастыри Русской Православной Церкви', 'founded': '1393'}",,,,,
Константино-Еленинский женский монастырь,60.22458688702,29.849448089763,/upload/iblock/f85/spb_14_.jpg,675,/monastyri/monastery/konstantino-eleninskiy-zhenskiy-monastyr/,"{'eparhia': None, 'mitropolia': None, 'boss': None, 'type': 'Епархиальные монастыри Русской Православной Церкви', 'founded': '1998'}",,,,,
Свято-Константино-Еленинский Измаильский мужской монастырь Одесской епархии,45.33979314528,28.84026120685,/upload/iblock/b33/mdiwcfci8v3izmr3dm8r7tj6941syoxy/1.jpg,1312,/monastyri/monastery/svyato-konstantino-eleninskiy-izmailskiy-muzhskoy-monastyr-odesskoy-eparkhii/,"{'eparhia': None, 'mitropolia': None, 'boss': None, 'type': 'Монастыри УПЦ МП', 'founded': '1864'}",,,,,
Корецкий Свято-Троицкий ставропигиальный женский монастырь,50.619335170994,27.166042669429,/upload/iblock/79b/79b619150e2462b0370f7768daa228f7/004.jpg,900,/monastyri/monastery/koretskiy-svyato-troitskiy-stavropigialnyy-zhenskiy-monastyr/,"{'eparhia': None, 'mitropolia': None, 'boss': None, 'type': 'Ставропигиальные монастыри Русской Православной Церкви', 'founded': '1571'}",,,,,
Корнилие-Палеостровский  мужской монастырь ,62.572556082786,35.241399612442,/upload/iblock/d97/d97c370521226757e36f2ab6c8483065/1.jpg,770,/monastyri/monastery/kornilie-paleostrovskiy-muzhskoy-monastyr-/,"{'eparhia': None, 'mitropolia': None, 'boss': None, 'type': 'Епархиальные монастыри Русской Православной Церкви', 'founded': '1391'}",,,,,
Косинский Свято-Николаевский женский монастырь,57.962220895156,31.30910921755,/upload/iblock/b46/b46c30db13a254ca4026e4eecc41f5b5/1.jpg,455,/monastyri/monastery/kosinskoy-svyato-nikolaevskiy-zhenskiy-monastyr/,"{'eparhia': None, 'mitropolia': None, 'boss': None, 'type': 'Епархиальные монастыри Русской Православной Церкви', 'founded': '1220'}",,,,,
Космодамиановское подворье Свято-Успенского Космина мужского монастыря в селе Леднево,56.472840807103,39.825197019821,/upload/iblock/724/7242094af1dd15c3b52f65461fcc0d85/004_Kosmodamianovskoe-podv.-v-s.-Lednevo.jpg,159,/monastyri/monastery/kosmodamianovskoe-podvore-svyato-uspenskogo-kosmina-muzhskogo-monastyrya-v-sele-lednevo/,"{'eparhia': None, 'mitropolia': None, 'boss': None, 'type': 'подворье епархиального монастыря', 'founded': ''}",,,,,
Костромской Знаменский женский монастырь,57.755636951653,40.948482762566,/upload/iblock/252/252a9cb9f1ea8fd5ffad2df11bc1f22d/mmm.jpg,302,/monastyri/monastery/kostromskoy-znamenskiy-zhenskiy-monastyr/,"{'eparhia': None, 'mitropolia': None, 'boss': None, 'type': 'Епархиальные монастыри Русской Православной Церкви', 'founded': '1993'}",,,,,
Кочулийский Свято-Успенский мужской монастырь Кагульской и Комратской епархии,46.359731,28.411567,,1225,/monastyri/monastery/kochuliyskiy-svyato-uspenskiy-muzhskoy-monastyr-kagulskoy-i-komratskoy-eparkhii/,"{'eparhia': None, 'mitropolia': None, 'boss': None, 'type': 'Монастыри Православной Церкви Молдовы', 'founded': '1700'}",,,,,
Красногорское подворье Свято-Николаевского монастыря,58.803019028519,61.164040198425,/upload/iblock/bd4/010.jpg,1448,/monastyri/monastery/krasnogorskoe-podvore-svyato-nikolaevskogo-monastyrya/,"{'eparhia': None, 'mitropolia': None, 'boss': None, 'type': 'подворье епархиального монастыря', 'founded': '1806'}",,,,,
Кременской Вознесенский мужской монастырь ,49.502520592714,43.573304542613,/upload/iblock/baa/baa47f1185f6ed0f2186d7ac4834455c/jRmgBNKjMgA.jpg,803,/monastyri/monastery/kremenskoy-voznesenskiy-muzhskoy-monastyr-/,"{'eparhia': None, 'mitropolia': None, 'boss': None, 'type': 'Епархиальные монастыри Русской Православной Церкви', 'founded': '1693'}",,,,,
Кресто-Воздвиженский Иерусалимский ставропигиальный женский монастырь,55.509032409643,37.852916517546,/upload/iblock/098/hh22zpc3dyr7d8346l6pdq4lxio22nvi/DJI_0174_1.jpg,32,/monastyri/monastery/krestovozdvizhenskiy-ierusalimskiy-stavropigialnyy-zhenskiy-monastyr/,"{'eparhia': None, 'mitropolia': None, 'boss': None, 'type': 'Ставропигиальные монастыри Русской Православной Церкви', 'founded': '1887'}",,,,,
Кресто-Воздвиженский Чарторыйский мужской монастырь Волынской епархии,51.226181,25.886599,/upload/iblock/5cd/474ma9qy5sl2xdzrhgbdu5w7ecz7yuza/00.jpg,924,/monastyri/monastery/kresto-vozdvizhenskiy-chartoryyskiy-muzhskoy-monastyr-volynskoy-eparkhii/,"{'eparhia': None, 'mitropolia': None, 'boss': None, 'type': 'Монастыри УПЦ МП', 'founded': '1997'}",,,,,
Крестовоздвиженский  женский монастырь в г. Кизляр,43.854752046884,46.70248206978,/upload/iblock/605/605bfc3ffc1eda5d89723c0b50de5116/krestovozdvizh.monastyr_v_Kizlyare.jpg,1473,/monastyri/monastery/krestovozdvizhenskiy-zhenskiy-monastyr-v-g-kizlyar/,"{'eparhia': None, 'mitropolia': None, 'boss': None, 'type': 'Епархиальные монастыри Русской Православной Церкви', 'founded': '1736'}",,,,,
Крестовоздвиженский женский монастырь г. Нижний Новгород ,56.307171307283,43.983230667004,/upload/iblock/2bc/2bcb10dd81c8f06bacab1d4a881a3964/1300801651.jpg,401,/monastyri/monastery/krestovozdvizhenskiy-zhenskiy-monastyr/,"{'eparhia': None, 'mitropolia': None, 'boss': None, 'type': 'Епархиальные монастыри Русской Православной Церкви', 'founded': ''}",,,,,
Крестовоздвиженский женский монастырь д. Быдреевка,56.83493373905,44.637555880968,/upload/iblock/fee/fee9a5afe0478a299ac6fb8dc4913604/1273163790.jpg,450,/monastyri/monastery/krestovozdvizhenskiy-zhenskiy-monastyr-d-bydreevka/,"{'eparhia': None, 'mitropolia': None, 'boss': None, 'type': 'Епархиальные монастыри Русской Православной Церкви', 'founded': '2005'}",,,,,
Крестовоздвиженский женский монастырь Полтавской епархии,49.598623353768,34.576771097542,/upload/iblock/1b9/kjzy4lngutr8az1nk7f0dsgqh6ocpc9k/00.jpg,715,/monastyri/monastery/krestovozdvizhenskiy-zhenskiy-monastyr-poltavskoy-eparkhii/,"{'eparhia': None, 'mitropolia': None, 'boss': None, 'type': 'Монастыри УПЦ МП', 'founded': '1650'}",,,,,
Крестовоздвиженский Кылтовский женский монастырь ,62.320654753198,50.994626460353,/upload/iblock/cce/ccee33fa0c70b475283e1c098882ffe8/0AuO_uX_o7s.jpg,1054,/monastyri/monastery/krestovozdvizhenskiy-kyltovskiy-zhenskiy-monastyr-/,"{'eparhia': None, 'mitropolia': None, 'boss': None, 'type': 'Епархиальные монастыри Русской Православной Церкви', 'founded': '1894'}",,,,,
Крестовоздвиженский мужской монастырь в Калуге,54.525780995619,36.263392110327,/upload/iblock/acc/acc025870919773334e2f2d8bb11d1bf/image009.jpg,162,/monastyri/monastery/krestovozdvizhenskiy-muzhskoy-monastyr-v-kaluge/,"{'eparhia': None, 'mitropolia': None, 'boss': None, 'type': 'Епархиальные монастыри Русской Православной Церкви', 'founded': ''}",,,,,
Крестовоздвиженский мужской монастырь г. Екатеринбурга,56.831787336777,60.622331388541,/upload/iblock/e4e/e4e47adde0229c538dc35d6f43c0a589/003.jpg,1418,/monastyri/monastery/krestovozdvizhenskiy-muzhskoy-monastyr-g-ekaterinburga/,"{'eparhia': None, 'mitropolia': None, 'boss': None, 'type': 'Епархиальные монастыри Русской Православной Церкви', 'founded': '1880'}",,,,,
Свято-Крестовоздвиженский мужской монастырь Хмельницкой епархии,49.753850640765,27.221062757685,/upload/iblock/876/uygzavxb313u3u7x9oedm81dzhj07tt8/Monastyr_Starokonstantinov.jpg,966,/monastyri/monastery/svyato-krestovozdvizhenskiy-muzhskoy-monastyr-khmelnitskoy-eparkhii/,"{'eparhia': None, 'mitropolia': None, 'boss': None, 'type': 'Монастыри УПЦ МП', 'founded': '1570'}",,,,,
Крестовоздвиженский скит Пермского Троицкого монастыря,56.982212300308,57.430314120312,/upload/iblock/dc1/dc150548616ab3c5d1a41737eae9b04d/05_0.png,1224,/monastyri/monastery/krestovozdvizhenskiy-skit-permskogo-troitskogo-monastyrya/,"{'eparhia': None, 'mitropolia': None, 'boss': None, 'type': 'скит епархиального монастыря', 'founded': '1995'}",,,,,
Ксение-Покровский женский  монастырь г. Яровое,52.93305136714,78.541655841937,/upload/iblock/343/3438d6b9777cc4e80cea5fc0362e8427/DSC_1706.jpg,2632,/monastyri/monastery/ksenie-pokrovskiy-zhenskiy-monastyr-g-yarovoe/,"{'eparhia': None, 'mitropolia': None, 'boss': None, 'type': 'Епархиальные монастыри Русской Православной Церкви', 'founded': '1994'}",,,,,
Кунгурский Иоанно-Предтеченский женский монастырь ,57.424021234099,56.952382228836,/upload/iblock/545/54593c275c1bca068fa9937f20bbfa6c/Bn8RRxjKBWI.jpg,1195,/monastyri/monastery/kungurskiy-ioanno-predtechenskiy-zhenskiy-monastyr-/,"{'eparhia': None, 'mitropolia': None, 'boss': None, 'type': 'Епархиальные монастыри Русской Православной Церкви', 'founded': '1868'}",,,,,
Курагинский Вознесенский женский монастырь с. Кочергино,53.815669135339,92.492640374344,/upload/iblock/06a/mon.jpg,3433,/monastyri/monastery/voznesenskiy-zhenskiy-monastyr-s-kochergino/,"{'eparhia': None, 'mitropolia': None, 'boss': None, 'type': 'Епархиальные монастыри Русской Православной Церкви', 'founded': '2003'}",,,,,
Курский Свято-Троицкий женский монастырь ,51.73269064734,36.195611679919,/upload/iblock/9a6/9a6a5b8ae370ce0737289023039544c8/1.JPG,457,/monastyri/monastery/kurskiy-svyato-troitskiy-zhenskiy-monastyr-/,"{'eparhia': None, 'mitropolia': None, 'boss': None, 'type': 'Епархиальные монастыри Русской Православной Церкви', 'founded': '1620'}",,,,,
Кутузовский скит Серафимо - Дивеевского монастыря в селе Кутузовка,55.340118595023,42.828199068123,/upload/iblock/d52/kutuz2.jpg,331,/monastyri/monastery/kutuzovskiy-skit-serafimo-diveevskogo-monastyrya-v-sele-kutuzovka/,"{'eparhia': None, 'mitropolia': None, 'boss': None, 'type': 'скит епархиального монастыря', 'founded': ''}",,,,,
Кушеловский Успенский женский монастырь Кишиневской епархии,47.878646,28.55595,/upload/iblock/892/p749m7rpyg1jdnlhmhjw347be3rya8g0/2.jpg,1073,/monastyri/monastery/kushelovskiy-uspenskiy-zhenskiy-monastyr-kishinevskoy-eparkhii/,"{'eparhia': None, 'mitropolia': None, 'boss': None, 'type': 'Монастыри Православной Церкви Молдовы', 'founded': '1786'}",,,,,
Лебединский Свято-Николаевский  женский монастырь Черкасской епархии,48.966663,31.586079,/upload/iblock/9c0/66ao9n6y3xvzd1mqdaghkvg4rwqmsg10/00.jpg,859,/monastyri/monastery/lebedinskiy-svyato-nikolaevskiy-zhenskiy-monastyr-cherkasskoy-eparkhii/,"{'eparhia': None, 'mitropolia': None, 'boss': None, 'type': 'Монастыри УПЦ МП', 'founded': '1779'}",,,,,
Ломовский скит Серафимо-Дивеевского монастыря в честь святых мучеников Флора и Лавра,55.00892958033,43.242164734347,/upload/iblock/e4e/72dd902c461c0b4dc72ff1dd975d3e87.jpg,365,/monastyri/monastery/skit-serafimo-diveevskogo-monastyrya-v-chest-svyatykh-muchenikov-flora-i-lavra/,"{'eparhia': None, 'mitropolia': None, 'boss': None, 'type': 'скит епархиального монастыря', 'founded': '1997'}",,,,,
Монастырь Свято-Лукианова мужская пустынь близ г. Александрова ,56.503523708995,38.711830014542,/upload/iblock/0e5/027.jpg,108,/monastyri/monastery/monastyr-svyato-lukianova-muzhskaya-pustyn-bliz-g-aleksandrova-/,"{'eparhia': None, 'mitropolia': None, 'boss': None, 'type': 'Епархиальные монастыри Русской Православной Церкви', 'founded': '1650'}",,,,,
Мужской монастырь в честь Благовещения Пресвятой Богородицы в деревне Малые Ляды Борисовской епархии  ,53.791447278975,28.087129620377,/upload/iblock/845/845cc6b8144289fbc8a0399fb4777cff/da054aecdac4eebe986ec4b0142cf5c3-_1_.jpg,649,/monastyri/monastery/muzhskoy-monastyr-v-chest-blagoveshcheniya-presvyatoy-bogoroditsy-v-derevne-malye-lyady-borisovskoy-/,"{'eparhia': None, 'mitropolia': None, 'boss': None, 'type': 'Монастыри Белорусской Православной Церкви', 'founded': '1746'}",,,,,
В честь Усекновения главы Иоанна Предтечи скальный мужской монастырь Могилев-Подольской епархии ,48.484775,27.608523,/upload/iblock/c55/n2zgqt0r14ueq22h569jv2duw5bu5a4d/1.jpg,1057,/monastyri/monastery/v-chest-useknoveniya-glavy-ioanna-predtechi-skalnyy-muzhskoy-monastyr-mogilev-podolskoy-eparkhii-/,"{'eparhia': None, 'mitropolia': None, 'boss': None, 'type': 'Монастыри УПЦ МП', 'founded': '1013'}",,,,,
Магаданский Покровский женский  монастырь  ,59.626168550551,150.78422430556,/upload/iblock/8a8/8a86f5d475a16e782717e70318fb2f9e/Pokrovskiy-monastyr.jpg,5898,/monastyri/monastery/magadanskiy-pokrovskiy-zhenskiy-monastyr-/,"{'eparhia': None, 'mitropolia': None, 'boss': None, 'type': 'Епархиальные монастыри Русской Православной Церкви', 'founded': '1999'}",,,,,
Макариев-Решемский женский монастырь,57.409078742156,42.564694066162,/upload/iblock/5bb/5bb9502cee9237a33510a7f49c965688/101_Foto007.jpg,355,/monastyri/monastery/makariev-reshemskiy-zhenskiy-monastyr/,"{'eparhia': None, 'mitropolia': None, 'boss': None, 'type': 'Епархиальные монастыри Русской Православной Церкви', 'founded': '1390'}",,,,,
Макариево-Унженский мужской монастырь,57.876114309013,43.811589482803,/upload/iblock/6a7/6a7f637d3bb469729376972d0ad05bbe/7777.jpg,445,/monastyri/monastery/makarievo-unzhenskiy-muzhskoy-monastyr/,"{'eparhia': None, 'mitropolia': None, 'boss': None, 'type': 'Епархиальные монастыри Русской Православной Церкви', 'founded': '1439'}",,,,,
Свято-Троицкий Макарьевский Желтоводский женский монастырь,56.084217809684,45.062050002623,/upload/iblock/826/8263597d1cecad3a416d0ab7217a7f6b/00889_20160904_222120.jpg,466,/monastyri/monastery/svyato-troitskiy-makarevskiy-zheltovodskiy-zhenskiy-monastyr/,"{'eparhia': None, 'mitropolia': None, 'boss': None, 'type': 'Епархиальные монастыри Русской Православной Церкви', 'founded': '1435'}",,,,,
Мало-Дивеевский Серафимовский женский монастырь с. Норья,56.668272033608,52.709564530411,/upload/iblock/9b3/9b33b5c474075f39165c9e64afd70db3/1.jpg,937,/monastyri/monastery/malo-diveevskiy-serafimovskiy-zhenskiy-monastyr-s-norya/,"{'eparhia': None, 'mitropolia': None, 'boss': None, 'type': 'Епархиальные монастыри Русской Православной Церкви', 'founded': '1994'}",,,,,
Марие-Магдалинский женский монастырь станицы Роговской ,45.728171,38.724234,/upload/iblock/ff4/ff49689833bc88eea0ce2e28c93ecc86/dsc03094.jpg,1118,/monastyri/monastery/marie-magdalinskiy-zhenskiy-monastyr-stanitsy-rogovskoy-/,"{'eparhia': None, 'mitropolia': None, 'boss': None, 'type': 'Епархиальные монастыри Русской Православной Церкви', 'founded': '1849'}",,,,,
Марфо-Мариинская обитель милосердия,55.737740193175,37.622629073691,/upload/iblock/c69/c69612c37cad8dacaa13008d29f12574/0.jpg,3,/monastyri/monastery/marfo-mariinskaya-obitel-miloserdiya/,"{'eparhia': None, 'mitropolia': None, 'boss': None, 'type': 'Ставропигиальные монастыри Русской Православной Церкви', 'founded': '1909'}",,,,,
Марфо-Мариинский женский монастырь в с. Ира,52.854833372842,55.924975153442,/upload/iblock/adf/adf9757b9e16e9dbfe57f29091dfac72/Marfo_Mariinskiy-monastyr.jpg,1227,/monastyri/monastery/marfo-mariinskiy-zhenskiy-monastyr-v-s-ira/,"{'eparhia': None, 'mitropolia': None, 'boss': None, 'type': 'Епархиальные монастыри Русской Православной Церкви', 'founded': '2006'}",,,,,
Марфо-Мариинский женский монастырь г. Белгорода,50.596231737343,36.576175584656,/upload/iblock/c22/c222ac2bd41a59893e90dffffad26d55/EbDZkkpjpKs.jpg,578,/monastyri/monastery/marfo-mariinskiy-zhenskiy-monastyr-g-belgoroda/,"{'eparhia': None, 'mitropolia': None, 'boss': None, 'type': 'Епархиальные монастыри Русской Православной Церкви', 'founded': '1993'}",,,,,
Марфо-Мариинский женский монастырь г. Владивостока,43.222086224775,131.96298896814,/upload/iblock/8e9/8e92c7e996d02f3b8fc5ed44b492e195/sedanka_monastir_obshee_3.jpg,6411,/monastyri/monastery/marfo-mariinskiy-zhenskiy-monastyr-g-vladivostoka/,"{'eparhia': None, 'mitropolia': None, 'boss': None, 'type': 'Епархиальные монастыри Русской Православной Церкви', 'founded': '1995'}",,,,,
Меляевский скит Серафимо -  Дивеевского монастыря,55.393090214641,42.97161407473,/upload/iblock/9c8/1.jpg,339,/monastyri/monastery/melyaevskiy-skit-serafimo-diveevskogo-monastyrya/,"{'eparhia': None, 'mitropolia': None, 'boss': None, 'type': 'скит епархиального монастыря', 'founded': ''}",,,,,
Милостиво-Богородицкий женский монастырь поселка Кадом,54.55765345472,42.46694168125,/upload/iblock/8f4/8f4ea86cb6eb309b816ecddb5e3b96ad/logo642e9.jpg,336,/monastyri/monastery/milostivo-bogoroditskiy-zhenskiy-monastyr-poselka-kadom/,"{'eparhia': None, 'mitropolia': None, 'boss': None, 'type': '', 'founded': '1797'}",,,,,
Мироносицкий женский монастырь в с. Ежово,56.71052933013,48.122018636246,/upload/iblock/87a/87a1b1de9152a3be7349d990633c414c/17143632_b.jpg,658,/monastyri/monastery/mironositskiy-zhenskiy-monastyr-v-s-ezhovo/,"{'eparhia': None, 'mitropolia': None, 'boss': None, 'type': 'Епархиальные монастыри Русской Православной Церкви', 'founded': '1649'}",,,,,
Митрофаниевский скит Важеозерского Спасо-Преображенского монастыря,61.33800055834,33.442275204847,/upload/iblock/cc9/cc959e1915e5875272e046d642d50a39/skit.jpg,666,/monastyri/monastery/mitrofanievskiy-skit-vvzheozerskogo-spaso-preobrazhenskogo-monastyrya/,"{'eparhia': None, 'mitropolia': None, 'boss': None, 'type': 'скит епархиального монастыря', 'founded': '1904'}",,,,,
Михайло-Архангельский монастырь г. Юрьев-Польский,56.497825703635,39.68178692527,/upload/iblock/fea/fea01cef2dbf089be05eb0e053a9a1ec/gggg.jpg,153,/monastyri/monastery/mikhaylo-arkhangelskiy-monastyr-g-yurev-polskiy/,"{'eparhia': None, 'mitropolia': None, 'boss': None, 'type': 'Епархиальные монастыри Русской Православной Церкви', 'founded': '1234'}",,,,,
Свято-Михайловский женский монастырь Бердянской епархии,47.187965379442,36.360422291016,/upload/iblock/9bf/1sjc9yo8jianyswcdk06114olflt9qd5/01.jpg,957,/monastyri/monastery/svyato-mikhaylovskiy-zhenskiy-monastyr-berdyanskoy-eparkhii/,"{'eparhia': None, 'mitropolia': None, 'boss': None, 'type': 'Монастыри УПЦ МП', 'founded': '2008'}",,,,,
Свято-Михайловский женский монастырь Хустской епархии,48.271005,23.585437,/upload/iblock/58f/1f7bek7re0yr7v0ua5dd3cevng7we6co/00.jpg,1267,/monastyri/monastery/svyato-mikhaylovskiy-zhenskiy-monastyr-khustskoy-eparkhii/,"{'eparhia': None, 'mitropolia': None, 'boss': None, 'type': 'Монастыри УПЦ МП', 'founded': '1990'}",,,,,
"Свято-Михайловский Пелагеевский женский монастырь, с. Пелагеевка Николаевской епархии",47.730628,32.354423,/upload/iblock/a79/vsl19q2tejanxoalmt6edqy8zd2tvetn/00.jpg,963,/monastyri/monastery/svyato-mikhaylovskiy-pelageevskiy-zhenskiy-monastyr-s-pelageevka-nikolaevskoy-eparkhii/,"{'eparhia': None, 'mitropolia': None, 'boss': None, 'type': 'Монастыри УПЦ МП', 'founded': '1994'}",,,,,
Михайловский Покровский женский монастырь,54.237341209122,39.060807017197,/upload/iblock/0df/0df85e775c43cc289abed344d933902b/77af14f936baa1a361c51cf44248286b.jpg,193,/monastyri/monastery/mikhaylovskiy-pokrovskiy-zhenskiy-monastyr/,"{'eparhia': None, 'mitropolia': None, 'boss': None, 'type': 'Епархиальные монастыри Русской Православной Церкви', 'founded': '1507'}",,,,,
Свято-Михайловский Угорницкий мужской монастырь Ивано-Франковской епархии ,48.722207297447,24.822782425964,/upload/iblock/f29/ybel0qx1zey61aq3kfv6cap59fazb2rc/00.jpg,1168,/monastyri/monastery/svyato-mikhaylovskiy-ugornitskiy-muzhskoy-monastyr-ivano-frankovskoy-eparkhii-/,"{'eparhia': None, 'mitropolia': None, 'boss': None, 'type': 'Монастыри УПЦ МП', 'founded': ''}",,,,,
Можайский Лужецкий Богородицерождественский Ферапонтов мужской монастырь,55.521105259,36.007735509262,/upload/iblock/13a/13a1d5626e6eafbb820a7e5d4643c22e/1.jpg,105,/monastyri/monastery/luzhetskiy-bogoroditserozhdestvenskiy-ferapontov-muzhskoy-monastyr/,"{'eparhia': None, 'mitropolia': None, 'boss': None, 'type': 'Епархиальные монастыри Русской Православной Церкви', 'founded': '1408'}",,,,,
Мологский Покровский женский монастырь,57.959188747565,38.10837510318,/upload/iblock/dd5/005.jpg,247,/monastyri/monastery/mologskiy-pokrovskiy-zhenskiy-monastyr/,"{'eparhia': None, 'mitropolia': None, 'boss': None, 'type': 'Епархиальные монастыри Русской Православной Церкви', 'founded': '1886'}",,,,,
Монастырская пасека в Глухово,56.889568389858,28.758142983201,/upload/iblock/692/692af428827a0d3d75fe4cbfd059dd8c/uu4.jpg,561,/monastyri/monastery/monastyrskaya-paseka-v-glukhovo/,"{'eparhia': None, 'mitropolia': None, 'boss': None, 'type': 'подворье епархиального монастыря', 'founded': ''}",,,,,
Монастырь Курская Коренная Рождества Пресвятой Богородицы мужская пустынь,51.972014861392,36.313298550293,/upload/iblock/0c2/0c2e8abea0c999210364678000d7bf3a/Image00007.jpg,430,/monastyri/monastery/monastyr-kurskaya-korennaya-rozhdestva-presvyatoy-bogoroditsy-muzhskaya-pustyn/,"{'eparhia': None, 'mitropolia': None, 'boss': None, 'type': 'Епархиальные монастыри Русской Православной Церкви', 'founded': '1597'}",,,,,
Монастырь святых Царственных страстотерпцев в урочище Ганина яма  г. Екатеринбурга,56.942853589095,60.47312546632,/upload/iblock/522/ek_strastoterptsev.jpg,1408,/monastyri/monastery/muzhskoy-monastyr-svyatykh-tsarstvennykh-strastoterptsev/,"{'eparhia': None, 'mitropolia': None, 'boss': None, 'type': 'Епархиальные монастыри Русской Православной Церкви', 'founded': ''}",,,,,
Монашеский Свято-Введенский Симеоновский мужской скит д. Сербишино,57.628559149466,60.348484006771,/upload/iblock/935/935294fe314efbdeda4c8459e4d60d04/IMG_1716.jpg,1397,/monastyri/monastery/monasheskiy-svyato-vvedenskiy-simeonovskiy-muzhskoy-skit-d-serbishino/,"{'eparhia': None, 'mitropolia': None, 'boss': None, 'type': 'Епархиальные монастыри Русской Православной Церкви', 'founded': '2012'}",,,,,
Московское Троицкое подворье Троице-Сергиевой лавры,55.775675644686,37.620890559219,/upload/iblock/42b/monasterium.ru_01.jpg,3,/monastyri/monastery/moskovskoe-troitskoe-podvore/,"{'eparhia': None, 'mitropolia': None, 'boss': None, 'type': 'подворье ставропигиального монастыря', 'founded': '1460'}",,,,,
"Мужская пустынь во имя  преподобномучеников Серафима и Феогноста Алма-Атинских, г. Каскелен,Астанайской и Алма-Атинской епархии",43.099541,76.773268,/upload/iblock/e2e/rrr.jpg,3107,/monastyri/monastery/muzhskaya-pustyn-vo-imya-prepodobnomuchenikov-serafima-i-feognosta-alma-atinskikh-g-kaskelen-astanay/,"{'eparhia': None, 'mitropolia': None, 'boss': None, 'type': 'Монастыри Митрополичьего округа Русской Православной Церкви в республике Казахстан', 'founded': '1996'}",,,,,
Мужская пустынь во имя преподобного Силуана Афонского Астанайской и Алма-Атинской епархии,43.317627,77.414026,/upload/iblock/a21/a212c28ce66372a6ec82a6a27e45ae52/sil1.jpg,3131,/monastyri/monastery/muzhskaya-pustyn-vo-imya-prepodobnogo-siluana-afonskogo-astanayskoy-i-alma-atinskoy-eparkhii/,"{'eparhia': None, 'mitropolia': None, 'boss': None, 'type': 'Монастыри Митрополичьего округа Русской Православной Церкви в республике Казахстан', 'founded': '1994'}",,,,,
Мужской монастырь   преподобного Иова Почаевского Германской епархии  ,48.16167,11.45917,/upload/iblock/d90/0xvtwn0b29vmwo5uqai1vtvg5elegbc4/anons_3.jpg,1966,/monastyri/monastery/muzhskoy-monastyr-prepodobnogo-iova-pochaevskogo-germanskoy-eparkhii-/,"{'eparhia': None, 'mitropolia': None, 'boss': None, 'type': 'Монастыри РПЦЗ', 'founded': '1946'}",,,,,
Мужской монастырь  Новоордынская Поречская Богородице-Рождественская пустынь ,55.5067,31.6801,/upload/iblock/cd5/1.jpg,374,/monastyri/monastery/muzhskoy-monastyr-novoordynskaya-porechskaya-bogoroditse-rozhdestvenskaya-pustyn-/,"{'eparhia': None, 'mitropolia': None, 'boss': None, 'type': 'Епархиальные монастыри Русской Православной Церкви', 'founded': '0'}",,,,,
Мужской монастырь  Троице-Благовещенская Евфросино-Синоезерская пустынь  в деревне Пустынь ,59.041406661342,35.813853916113,/upload/iblock/650/65007143e79b241f7c26ae96bf6187a1/zastavka.jpg,381,/monastyri/monastery/muzhskoy-monastyr-troitse-blagoveshchenskaya-evfrosino-sinoezerskaya-pustyn-v-derevne-pustyn-/,"{'eparhia': None, 'mitropolia': None, 'boss': None, 'type': 'Епархиальные монастыри Русской Православной Церкви', 'founded': ''}",,,,,
Мужской монастырь «Крестовая пустынь» села Солох-Аул,43.798069746305,39.676057588955,/upload/iblock/89e/2014_08_21_174221.jpg,1338,/monastyri/monastery/muzhskoy-monastyr-krestovaya-pustyn-sela-solokh-aul/,"{'eparhia': None, 'mitropolia': None, 'boss': None, 'type': 'Епархиальные монастыри Русской Православной Церкви', 'founded': '1999'}",,,,,
Мужской монастырь Богородице-Сергиева Пустынь,56.685832411684,46.65097742334,/upload/iblock/186/1867f5a4a650622f3367bf5b56424a0c/1.jpg,568,/monastyri/monastery/muzhskoy-monastyr-bogoroditse-sergieva-pustyn/,"{'eparhia': None, 'mitropolia': None, 'boss': None, 'type': 'Епархиальные монастыри Русской Православной Церкви', 'founded': '1997'}",,,,,
Мужской монастырь в честь  великомученика Георгия Победоносца в Гётшендорфе,53.091776892389,13.672362930146,/upload/iblock/6a1/37wxest6ks4818c86d2wdpso45dzj5cx/50366_20191012_161720.jpg,1569,/monastyri/monastery/muzhskoy-monastyr-v-chest-velikomuchenika-georgiya-pobedonostsa-v-gyetshendorfe/,"{'eparhia': None, 'mitropolia': None, 'boss': None, 'type': 'Епархиальные монастыри Русской Православной Церкви', 'founded': '2006'}",,,,,
Мужской монастырь в честь  равноапостольного князя Владимира Мукачевской епархии,48.952989108683,22.781238107431,/upload/iblock/e5a/0iypmjtlwfad6v1r6ynt4iug18vne9m7/00.jpg,1256,/monastyri/monastery/muzhskoy-monastyr-v-chest-ravnoapostolnogo-knyazya-vladimira-mukachevskoy-eparkhii/,"{'eparhia': None, 'mitropolia': None, 'boss': None, 'type': 'Монастыри УПЦ МП', 'founded': '2015'}",,,,,
Мужской монастырь в честь апостола и евангелиста Иоанна Богослова Чикагской и Средне-Американской епархии,41.30320918451,-81.142931739519,/upload/iblock/82b/xsmmohka21hd40r8cdonswgh07mmxxy2/10492072_10152845362903793_2324234288673018007_n.jpg,7783,/monastyri/monastery/muzhskoy-monastyr-v-chest-apostola-i-evangelista-ioanna-bogoslova-chikagskoy-i-sredne-amerikanskoy-e/,"{'eparhia': None, 'mitropolia': None, 'boss': None, 'type': 'Епархиальные монастыри Русской Православной Церкви', 'founded': ''}",,,,,
Мужской монастырь в честь апостола Марка Уманской епархии,48.747625424384,30.224223322815,/upload/iblock/25e/pzi8fbqr4hwnqcq8wx4smanr86e6pre5/1.jpg,927,/monastyri/monastery/muzhskoy-monastyr-v-chest-apostola-marka-umanskoy-eparkhii/,"{'eparhia': None, 'mitropolia': None, 'boss': None, 'type': 'Монастыри УПЦ МП', 'founded': '2008'}",,,,,
Мужской монастырь в честь Архистратига Божия Михаила  в селе Ольховка,54.788160051699,74.901502466539,/upload/iblock/a59/a593cf0d6f12dc07c86b076e0a83e69e/20150912_1343694890.jpg,2336,/monastyri/monastery/muzhskoy-monastyr-v-chest-arkhistratiga-bozhiya-mikhaila-v-sele-olkhovka/,"{'eparhia': None, 'mitropolia': None, 'boss': None, 'type': 'Епархиальные монастыри Русской Православной Церкви', 'founded': ''}",,,,,
Мужской монастырь в честь Архистратига Михаила Бориспольской епархии,50.065244884781,31.463505768857,/upload/iblock/50f/kujfc147xi0e8b9hzxj0ie10u31s6sga/04.jpg,755,/monastyri/monastery/muzhskoy-monastyr-v-chest-arkhistratiga-mikhaila-borispolskoy-eparkhii/,"{'eparhia': None, 'mitropolia': None, 'boss': None, 'type': 'Монастыри УПЦ МП', 'founded': ''}",,,,,
Мужской монастырь в честь великомученицы Варвары Ровенской епархии,50.573691280768,27.190864592389,/upload/iblock/c28/b7aijlrpyhmej7fwvuumaszt2vba1yym/00.jpg,902,/monastyri/monastery/muzhskoy-monastyr-v-chest-velikomuchenitsy-varvary-rovenskoy-eparkhii/,"{'eparhia': None, 'mitropolia': None, 'boss': None, 'type': 'Монастыри УПЦ МП', 'founded': '2012'}",,,,,
"Мужской монастырь в честь Владимирской иконы Божией Матери, с. Оранки",55.89531910176,43.715996844566,/upload/iblock/ffa/ffa0e01959a6ed8d94e338ba495bc51b/Oranskij_monastyr.jpg,382,/monastyri/monastery/muzhskoy-monastyr-v-chest-vladimirskoy-ikony-bozhiey-materi-s-oranki/,"{'eparhia': None, 'mitropolia': None, 'boss': None, 'type': 'Епархиальные монастыри Русской Православной Церкви', 'founded': ''}",,,,,
Мужской монастырь в честь иконы Божией Матери «Живоносный Источник»  Сарненской епархии,51.26092895896,27.224061807865,/upload/iblock/556/ny3x4vmsymcnfbkx0oflp22hhgzyerfv/00.jpg,849,/monastyri/monastery/muzhskoy-monastyr-v-chest-ikony-bozhiey-materi-zhivonosnyy-istochnik-sarnenskoy-eparkhii/,"{'eparhia': None, 'mitropolia': None, 'boss': None, 'type': 'Монастыри УПЦ МП', 'founded': '1999'}",,,,,
Мужской монастырь в честь иконы Божией Матери «Живоносный источник» (Прощанская пустынь) Бобруйской епархии.,53.186895980212,28.756925242801,/upload/iblock/0f5/05y17xulor15qryzfofsc2899xjhwuyp/1.jpg,640,/monastyri/monastery/muzhskoy-monastyr-v-chest-ikony-bozhiey-materi-zhivonosnyy-istochnik-proshchanskaya-pustyn-bobruysko/,"{'eparhia': None, 'mitropolia': None, 'boss': None, 'type': 'Монастыри Белорусской Православной Церкви', 'founded': '2022'}",,,,,
Мужской монастырь в честь иконы Божией Матери «Живоносный Источник» Бориспольской епархии,50.360858,30.945776,/upload/iblock/5c0/2tzbgkmx6yupi6kzk9nyr56y9hcf3kms/00.jpg,747,/monastyri/monastery/muzhskoy-monastyr-v-chest-ikony-bozhiey-materi-zhivonosnyy-istochnik-borispolskoy-eparkhii/,"{'eparhia': None, 'mitropolia': None, 'boss': None, 'type': 'Монастыри УПЦ МП', 'founded': '2008'}",,,,,
 Мужской монастырь в честь иконы Божией Матери «Казанская». Мукачевской епархии,48.80673018001,23.06356067523,/upload/iblock/bcc/m5fkopnm1k823uqh957k2l886f6byu1d/ma.jpg,1252,/monastyri/monastery/muzhskoy-monastyr-v-chest-ikony-bozhiey-materi-kazanskaya-mukachevskoy-eparkhii/,"{'eparhia': None, 'mitropolia': None, 'boss': None, 'type': 'Монастыри УПЦ МП', 'founded': '1997'}",,,,,
Мужской монастырь в честь иконы Божией Матери «Нечаянная  Радость» Хустской епархии,48.438084416975,23.747081831387,/upload/iblock/4f9/syf9973h6f6yb75932w33rzhx1c2d2y2/05.jpg,1245,/monastyri/monastery/muzhskoy-monastyr-v-chest-ikony-bozhiey-materi-nechayannaya-radost-khustskoy-eparkhii/,"{'eparhia': None, 'mitropolia': None, 'boss': None, 'type': 'Монастыри УПЦ МП', 'founded': '2002'}",,,,,
Мужской монастырь в честь Песчанской иконы Божьей Матери Изюмской епархии,49.22006,37.262927,/upload/iblock/c95/ttxiufydwkk6amio1uwqlx60qbe0jjxf/00.jpg,728,/monastyri/monastery/muzhskoy-monastyr-v-chest-peschanskoy-ikony-bozhey-materi-izyumskoy-eparkhii/,"{'eparhia': None, 'mitropolia': None, 'boss': None, 'type': 'Монастыри УПЦ МП', 'founded': '2015'}",,,,,
Мужской монастырь в честь Покрова Пресвятой Богородицы села Завьялово,54.497534300675,82.452537099197,/upload/iblock/aa2/aa27d7d504d142f51caa89821385e7c3/5.jpg,2804,/monastyri/monastery/muzhskoy-monastyr-v-chest-pokrova-presvyatoy-bogoroditsy-sela-zavyalovo/,"{'eparhia': None, 'mitropolia': None, 'boss': None, 'type': 'Епархиальные монастыри Русской Православной Церкви', 'founded': '2001'}",,,,,
Мужской монастырь в честь Положения Ризы Божией Матери во Влахерне Киевской епархии ,50.202401664031,29.827961529114,/upload/iblock/689/eqcfo260vv74k5g4pyexgcmm488ikq7k/00-_1_.jpg,808,/monastyri/monastery/muzhskoy-monastyr-v-chest-polozheniya-rizy-bozhiey-materi-vo-vlakherne-kievskoy-eparkhii-/,"{'eparhia': None, 'mitropolia': None, 'boss': None, 'type': 'Монастыри УПЦ МП', 'founded': '2000'}",,,,,
Мужской монастырь в честь Почаевской иконы Божией Матери Мукачевской епархии,48.511991069179,22.833127192913,/upload/iblock/d7a/60f28v2jg1pcs0ojqkpcnytkaw6ctwqi/00.jpg,1287,/monastyri/monastery/muzhskoy-monastyr-v-chest-pochaevskoy-ikony-bozhiey-materi-mukachevskoy-eparkhii/,"{'eparhia': None, 'mitropolia': None, 'boss': None, 'type': 'Монастыри УПЦ МП', 'founded': '2003'}",,,,,
Мужской монастырь в честь Преображения Господня ,45.766420070801,33.480980017312,/upload/iblock/601/0j5mykm6xrpxd2m1fceolywhpt74irfm/03.jpg,1148,/monastyri/monastery/muzhskoy-monastyr-v-chest-preobrazheniya-gospodnya-/,"{'eparhia': None, 'mitropolia': None, 'boss': None, 'type': 'Епархиальные монастыри Русской Православной Церкви', 'founded': '2015'}",,,,,
Мужской монастырь в честь Преображения Господня в Бомбала  Австралийско-Новозеландской  епархии,-36.914620298881,149.2378467692,/upload/iblock/606/bjiin46h1l6iayi8d0ei3y5uzzwz4jna/bombala_0_768x508.jpg,14620,/monastyri/monastery/muzhskoy-monastyr-v-chest-preobrazheniya-gospodnya-v-bombala-avstraliysko-novozelandskoy-eparkhii/,"{'eparhia': None, 'mitropolia': None, 'boss': None, 'type': 'Монастыри РПЦЗ', 'founded': '1982'}",,,,,
"Мужской монастырь в честь преподобного Алексия, человека Божия Черкасской епархии",49.204116,32.104684,/upload/iblock/036/61zsj4l4xnt0lh5awqj36bip2ug6fr1m/00.jpg,819,/monastyri/monastery/muzhskoy-monastyr-v-chest-prepodobnogo-aleksiya-cheloveka-bozhiya-cherkasskoy-eparkhii/,"{'eparhia': None, 'mitropolia': None, 'boss': None, 'type': 'Монастыри УПЦ МП', 'founded': '2011'}",,,,,
Мужском монастыре в честь преподобного Амвросия Оптинского Бердянской епархии,47.256149405663,35.742715637804,/upload/iblock/c7a/2gom1ikfl8oi482dpxw9124hm0s782em/00-_1_.jpg,954,/monastyri/monastery/muzhskom-monastyre-v-chest-prepodobnogo-amvrosiya-optinskogo-berdyanskoy-eparkhii/,"{'eparhia': None, 'mitropolia': None, 'boss': None, 'type': 'Монастыри УПЦ МП', 'founded': '1998'}",,,,,
Мужской монастырь в честь преподобного Серафима Саровского Белоцерковской епархии ,49.792285,30.115763,/upload/iblock/b07/t3d1upo512em8tfs9sjm0tm3d8nq3jk3/00-_1_.jpg,833,/monastyri/monastery/muzhskoy-monastyr-v-chest-prepodobnogo-serafima-sarovskogo-belotserkovskoy-eparkhii-/,"{'eparhia': None, 'mitropolia': None, 'boss': None, 'type': 'Монастыри УПЦ МП', 'founded': '1596'}",,,,,
Мужской монастырь в честь преподобного Серафима Саровского Черновицко-Буковинской епархии,48.301364556784,25.27611114532,/upload/iblock/d9e/pgvnnl23rjvphgkqqibdjv802cq9ocru/00.jpg,1180,/monastyri/monastery/muzhskoy-monastyr-v-chest-prepodobnogo-serafima-sarovskogo-chernovitsko-bukovinskoy-eparkhii/,"{'eparhia': None, 'mitropolia': None, 'boss': None, 'type': 'Монастыри УПЦ МП', 'founded': '2015'}",,,,,
Мужской монастырь в честь Пресвятой Троицы в Домпьер,46.707907087849,6.8851944365234,/upload/iblock/51d/f3o2mlo67o1nt4e2hh53i9y5ph6aq225/2P5230362_2.1000x800.jpg,2339,/monastyri/monastery/muzhskoy-monastyr-v-chest-presvyatoy-troitsy-v-domper/,"{'eparhia': None, 'mitropolia': None, 'boss': None, 'type': 'Монастыри Патриаршего экзархата Зарубежной Европы', 'founded': '1995'}",,,,,
Мужской монастырь в честь Рождества Пресвятой Богородицы в урочище «Церковщина»   Киевской епархии,50.320566288056,30.534799957672,/upload/iblock/d64/nsfp3ld59d24mz6w6bbfz3jbjl3hp0dk/01.jpg,767,/monastyri/monastery/muzhskoy-monastyr-v-chest-rozhdestva-presvyatoy-bogoroditsy-v-urochishche-tserkovshchina-kievskoy-ep/,"{'eparhia': None, 'mitropolia': None, 'boss': None, 'type': 'Монастыри УПЦ МП', 'founded': ''}",,,,,
Мужской монастырь в честь Рудосельской иконы Божией Матери Белоцерковской епархии,49.498706,29.70111,,877,/monastyri/monastery/muzhskoy-monastyr-v-chest-rudoselskoy-ikony-bozhiey-materi-belotserkovskoy-eparkhii/,"{'eparhia': None, 'mitropolia': None, 'boss': None, 'type': 'Монастыри УПЦ МП', 'founded': '2021'}",,,,,
"Мужской монастырь в честь святителя Димитрия, митрополита Ростовского, г. Ханты-Мансийск",61.01638420735,69.364853776443,/upload/iblock/079/079cde7e72f99289708b976ffc2bb451/1.jpg,1919,/monastyri/monastery/muzhskoy-monastyr-v-chest-svyatitelya-dimitriya-mitropolita-rostovskogo-g-khanty-mansiysk/,"{'eparhia': None, 'mitropolia': None, 'boss': None, 'type': 'Епархиальные монастыри Русской Православной Церкви', 'founded': ''}",,,,,
"Мужской монастырь в честь святителя Николая Чудотворца, епископа Мир Ликийских (Russisch-Orthodox klooster van de Heilige Nicolaas, bisschop van Myra en Wonderdoener)",52.881161422691,5.4561597645569,/upload/iblock/6ac/yvi9qzc75qvdv9hatrmzt0q2nl83og0d/kerkgebouw.jpg,2091,/monastyri/monastery/muzhskoy-monastyr-v-chest-svyatitelya-nikolaya-chudotvortsa-episkopa-mir-likiyskikh-v-khemele-russis/,"{'eparhia': None, 'mitropolia': None, 'boss': None, 'type': 'Монастыри Патриаршего экзархата Зарубежной Европы', 'founded': '1999'}",,,,,
Мужской монастырь в честь святого равноапостольного князя Владимира в городе Туране ,52.149962714847,93.924778001328,/upload/iblock/505/67hnbrzi1d1q958aamm1g55isdslrqwg/2022_06_01_09_40_52.png,3604,/monastyri/monastery/muzhskoy-monastyr-v-chest-svyatogo-ravnoapostolnogo-knyazya-vladimira-v-gorode-turane-/,"{'eparhia': None, 'mitropolia': None, 'boss': None, 'type': 'Епархиальные монастыри Русской Православной Церкви', 'founded': '2022'}",,,,,
Мужской монастырь в честь Святых Царственных страстотерпцев Белоцерковской епархии,49.517237,30.623357,,839,/monastyri/monastery/muzhskoy-monastyr-v-chest-svyatykh-tsarstvennykh-strastoterptsev-belotserkovskoy-eparkhii/,"{'eparhia': None, 'mitropolia': None, 'boss': None, 'type': 'Монастыри УПЦ МП', 'founded': '2008'}",,,,,
Мужской монастырь в честь Сошествия Святого Духа на апостолов в г. Вильнюсе,54.67545,25.290914,/upload/iblock/1bd/v.jpg,791,/monastyri/monastery/muzhskoy-monastyr-v-chest-soshestviya-svyatogo-dukha-na-apostolov-v-g-vilnyuse/,"{'eparhia': None, 'mitropolia': None, 'boss': None, 'type': 'Епархиальные монастыри Русской Православной Церкви', 'founded': '1597'}",,,,,
Мужской монастырь в честь Усекновения главы Иоанна Предтечи Черновицко-Буковинской епархии,48.162753679741,25.568465697464,/upload/iblock/69f/ncs42szowr99zs7t30cv0u67c83vjt7t/00.jpg,1178,/monastyri/monastery/muzhskoy-monastyr-v-chest-useknoveniya-glavy-ioanna-predtechi-chernovitsko-bukovinskoy-eparkhii/,"{'eparhia': None, 'mitropolia': None, 'boss': None, 'type': 'Монастыри УПЦ МП', 'founded': '2021'}",,,,,
Мужской монастырь в честь Успения Божией Матери г. Читы,51.983003834251,113.52478747487,/upload/iblock/75d/75d9b4342955ba7bebe657671b986705/5vuk5Ahu6_k.jpg,4742,/monastyri/monastery/muzhskoy-monastyr-v-chest-uspeniya-bozhiey-materi-g-chity/,"{'eparhia': None, 'mitropolia': None, 'boss': None, 'type': 'Епархиальные монастыри Русской Православной Церкви', 'founded': '2005'}",,,,,
Мужской монастырь во имя Архистратига Божия Михаила с. Козиха,54.562257809693,82.111966070758,/upload/iblock/d67/d677c95be7aa6e60eb169c8b5d0d2cad/Panorama2.jpg,2781,/monastyri/monastery/muzhskoy-monastyr-vo-imya-arkhistratiga-bozhiya-mikhaila-s-kozikha/,"{'eparhia': None, 'mitropolia': None, 'boss': None, 'type': 'Епархиальные монастыри Русской Православной Церкви', 'founded': '1997'}",,,,,
Мужской монастырь во имя благоверного князя Александра Невского в селе Старая Бинарадка,53.590610940936,49.963119473978,/upload/iblock/9be/9be46a74bcdb97cdc72ebb7f49aad947/DSC_0158.jpg,829,/monastyri/monastery/muzhskoy-monastyr-vo-imya-blagovernogo-knyazya-aleksandra-nevskogo-v-sele-staraya-binaradka/,"{'eparhia': None, 'mitropolia': None, 'boss': None, 'type': 'Епархиальные монастыри Русской Православной Церкви', 'founded': '2014'}",,,,,
Мужской монастырь во имя святого великомученика Димитрия Солунского с. Желябуга,52.99714628651,36.673108449538,/upload/iblock/5f9/5f92e9b20e03ce0f0eea93c14ac17ab0/r_s_r_r_.jpg,313,/monastyri/monastery/muzhskoy-monastyr-vo-imya-svyatogo-velikomuchenika-dimitriya-solunskogo-s-zhelyabuga/,"{'eparhia': None, 'mitropolia': None, 'boss': None, 'type': 'Епархиальные монастыри Русской Православной Церкви', 'founded': '2015'}",,,,,
Мужской монастырь во имя святой праведной Елисаветы Кировоградской епархии,48.523205556366,32.233376627647,/upload/iblock/e33/3qvip9tccy1a6uttnfdpa0l1ap061mdf/1.jpg,884,/monastyri/monastery/muzhskoy-monastyr-vo-imya-svyatoy-pravednoy-elisavety-kirovogradskoy-eparkhii/,"{'eparhia': None, 'mitropolia': None, 'boss': None, 'type': 'Монастыри УПЦ МП', 'founded': '2007'}",,,,,
"Мужской монастырь  Всемилостивого Спасителя, остров Вашон, Вашингтон Западно-Американской епархии",47.443143332807,-122.44305032513,/upload/iblock/1ee/rnjjxmeyp0rrw1pdn13v15id12f1auyp/1.jpeg,8391,/monastyri/monastery/muzhskoy-monastyr-vsemilostivogo-spasitelya-ostrov-vashon-vashington-zapadno-amerikanskoy-eparkhii/,"{'eparhia': None, 'mitropolia': None, 'boss': None, 'type': 'Монастыри РПЦЗ', 'founded': '1986'}",,,,,
Мужской монастырь Животворящего Креста Господня в с.Погост-Крест,56.938276458218,39.521129557533,/upload/iblock/a57/a5739c724e40aff3e02edb13e0ccc170/DSC_3396_30.jpg,177,/monastyri/monastery/muzhskoy-monastyr-zhivotvoryashchego-kresta-gospodnya-v-s-pogost-krest/,"{'eparhia': None, 'mitropolia': None, 'boss': None, 'type': 'Епархиальные монастыри Русской Православной Церкви', 'founded': '1998'}",,,,,
Мужской монастырь Заоникиева Богородице-Владимирская мужская пустынь,59.342735723027,39.836115916782,/upload/iblock/bca/bca2e8fdc7052e79a13b40655fd41a33/11.jpg,421,/monastyri/monastery/muzhskoy-monastyr-zaonikieva-bogoroditse-vladimirskaya-muzhskaya-pustyn/,"{'eparhia': None, 'mitropolia': None, 'boss': None, 'type': 'Епархиальные монастыри Русской Православной Церкви', 'founded': '1588'}",,,,,
Мужской монастырь иконы Пресвятой Богородицы «Всех скорбящих Радость»,44.966482196011,41.918007376261,/upload/iblock/b4f/20160422_1872134177.jpg,1238,/monastyri/monastery/muzhskoy-monastyr-ikony-presvyatoy-bogoroditsy-vsekh-skorbyashchikh-radost/,"{'eparhia': None, 'mitropolia': None, 'boss': None, 'type': 'Епархиальные монастыри Русской Православной Церкви', 'founded': ''}",,,,,
Мужской монастырь иконы Пресвятой Богородицы «Всех скорбящих Радость» в Первейзе. Бельгийская епархия.,51.068989475327,2.7937673402167,/upload/iblock/fda/fda43bfb5e0dcd1131209fee37470676/i400_m.jpg,2340,/monastyri/monastery/muzhskoy-monastyr-ikony-presvyatoy-bogoroditsy-vsekh-skorbyashchikh-radost-v-perveyze-belgiyskaya-ep/,"{'eparhia': None, 'mitropolia': None, 'boss': None, 'type': 'Монастыри Патриаршего экзархата Зарубежной Европы', 'founded': '1976'}",,,,,
Мужской монастырь Николо-Теребенская пустынь,58.008662375362,35.658610978851,/upload/iblock/11d/11dab93f688fccd4e525cbec131ef474/gOjBkEOUFH0.jpg,278,/monastyri/monastery/muzhskoy-monastyr-nikolo-terebenskaya-pustyn/,"{'eparhia': None, 'mitropolia': None, 'boss': None, 'type': 'Епархиальные монастыри Русской Православной Церкви', 'founded': '1492'}",,,,,
Мужской монастырь Нило-Сорская пустынь м. Пустынь,59.983476274283,38.292667346558,/upload/iblock/a32/a32fcfa44ba611079c5ab4186420c3be/1.jpg,472,/monastyri/monastery/muzhskoy-monastyr-nilo-sorskaya-pustyn-m-pustyn/,"{'eparhia': None, 'mitropolia': None, 'boss': None, 'type': 'Епархиальные монастыри Русской Православной Церкви', 'founded': '1480'}",,,,,
"Мужской монастырь преподобного Саввы Освященного,  село Терновка ",44.593102008695,33.731326109062,/upload/iblock/0bd/0bd9b43078d79eff7b09932425dfe3c0/0.jpg,1272,/monastyri/monastery/muzhskoy-monastyr-prepodobnogo-savvy-osvyashchennogo-selo-ternovka-simferopolskoy-i-krymskoy-eparkhi/,"{'eparhia': None, 'mitropolia': None, 'boss': None, 'type': 'Епархиальные монастыри Русской Православной Церкви', 'founded': ''}",,,,,
Мужской монастырь Рождества Пресвятой Богородицы «Горєча»  Черновицко-Буковинской епархии,48.289248705396,25.990352772982,/upload/iblock/c3c/2ygrx9ctkjzbdmb2b45y09flen70xe2e/00.jpg,1148,/monastyri/monastery/muzhskoy-monastyr-rozhdestva-presvyatoy-bogoroditsy-gor-cha-chernovitsko-bukovinskoy-eparkhii/,"{'eparhia': None, 'mitropolia': None, 'boss': None, 'type': 'Монастыри УПЦ МП', 'founded': '1712'}",,,,,
Мужской монастырь Свято-Ильинская Водлозерская пустынь ,62.380093,36.9078,/upload/iblock/e6a/e6abf251405c47154ef1e68fba53f342/1.jpg,738,/monastyri/monastery/muzhskoy-monastyr-svyato-ilinskaya-vodlozerskaya-pustyn-/,"{'eparhia': None, 'mitropolia': None, 'boss': None, 'type': 'Епархиальные монастыри Русской Православной Церкви', 'founded': '2006'}",,,,,
Мужской монастырь Свято-Косьминская пустынь,58.791712222279,61.250645656097,/upload/iblock/21a/5.jpg,1452,/monastyri/monastery/muzhskoy-monastyr-svyato-kosminskaya-pustyn/,"{'eparhia': None, 'mitropolia': None, 'boss': None, 'type': 'Епархиальные монастыри Русской Православной Церкви', 'founded': '2007'}",,,,,
Мужской монастырь Седмиезерная Богородичная пустынь,55.953558264994,49.101408389131,/upload/iblock/36d/36d9170ec8ac63d61b65b1e532c70bd7/123353804533197.jpg,717,/monastyri/monastery/muzhskoy-monastyr-sedmiezernaya-bogorodichnaya-pustyn/,"{'eparhia': None, 'mitropolia': None, 'boss': None, 'type': 'Епархиальные монастыри Русской Православной Церкви', 'founded': '1615'}",,,,,
Мужской монастырь Спаса Нерукотворного пустынь с. Клыково ,54.146157669786,35.800511667686,/upload/iblock/058/05879a942a7652a784e443066428a9a3/DSC03041.jpg,214,/monastyri/monastery/monastyr-spasa-nerukotvornogo-pustyn-v-s-klykovo/,"{'eparhia': None, 'mitropolia': None, 'boss': None, 'type': 'Епархиальные монастыри Русской Православной Церкви', 'founded': '1991'}",,,,,
Мужской монастырь Успенская Могилевская пустынь деревни Могилевка ,57.081,33.7891,/upload/iblock/dec/985hq22r1xjvgrzaeiqbkg30jpsu6t0y/IMG_5710.jpeg,278,/monastyri/monastery/muzhskoy-monastyr-uspenskaya-mogilevskaya-pustyn-derevni-mogilevka-/,"{'eparhia': None, 'mitropolia': None, 'boss': None, 'type': 'Епархиальные монастыри Русской Православной Церкви', 'founded': '1634'}",,,,,
Мужской Сазанский Пещерный монастырь Казанской Алексиево-Сергиевской  пустыни,52.50455168052,44.160083848985,/upload/iblock/532/53272c59998b82cdf5cd36cdbbb106c2/11.jpg,559,/monastyri/monastery/muzhskoy-sazanskiy-peshchernyy-monastyr-kazanskoy-aleksievo-sergievskoy-pustyni/,"{'eparhia': None, 'mitropolia': None, 'boss': None, 'type': 'Епархиальные монастыри Русской Православной Церкви', 'founded': '1903'}",,,,,
Мужской скит в честь иконы Божией Матери «Всецарица» в г. Одесса Ильинского  мужского  монастыря Одесской епархии,46.461906673035,30.687708413353,/upload/iblock/4e1/go9q8qedkmsr8rhjylq9pz7f209ay9m8/00-_1_.jpg,1140,/monastyri/monastery/muzhskoy-skit-v-chest-ikony-bozhiey-materi-vsetsaritsa-v-g-odessa-ilinskogo-muzhskogo-monastyrya-ode/,"{'eparhia': None, 'mitropolia': None, 'boss': None, 'type': 'скит епархиального монастыря', 'founded': '2012'}",,,,,
Мужской скит в честь Святого Духа,48.739237453452,1.9366276944427,/upload/iblock/b1f/etpl4rx2k3vsp43fbxl9t3icodbb20hg/1187797_1543273.1000x800.jpg,2520,/monastyri/monastery/muzhskoy-skit-v-chest-svyatogo-dukha/,"{'eparhia': None, 'mitropolia': None, 'boss': None, 'type': 'Монастыри Патриаршего экзархата Зарубежной Европы', 'founded': '1934'}",,,,,
Мужской ставропигиальный монастырь в честь преподобного Паисия Величковского,44.520081971415,33.711688018472,/upload/iblock/912/9127504ad89d691b380c33285a22313b/khram7_300x200.jpg,1280,/monastyri/monastery/muzhskoy-stavropigialnyy-monastyr-v-chest-prepodobnogo-paisiya-velichkovskogo/,"{'eparhia': None, 'mitropolia': None, 'boss': None, 'type': 'Епархиальные монастыри Русской Православной Церкви', 'founded': '2010'}",,,,,
Муромский Благовещенский мужской монастырь,55.582427805524,42.053653340012,/upload/iblock/33f/33f38f27b961d0238602b94f82a826a2/2.jpg,279,/monastyri/monastery/muromskiy-blagoveshchenskiy-muzhskoy-monastyr/,"{'eparhia': None, 'mitropolia': None, 'boss': None, 'type': 'Епархиальные монастыри Русской Православной Церкви', 'founded': '1553'}",,,,,
Муромский Свято-Успенский  мужской монастырь,61.484562,36.248368,/upload/iblock/d6e/d6ea458212409e61b54aabe39f853bcd/1.jpg,642,/monastyri/monastery/muromskiy-svyato-uspenskiy-muzhskoy-monastyr/,"{'eparhia': None, 'mitropolia': None, 'boss': None, 'type': 'Епархиальные монастыри Русской Православной Церкви', 'founded': '1352'}",,,,,
Негрянский женский монастырь в честь  святых архангелов Михаила и Гавриила  Унгенской и Ниспоренской епархии,46.810267,28.394816,/upload/iblock/cbe/vcgr4sl090jcnv5dbl5g2u3mfufk0bdb/3.jpg,1182,/monastyri/monastery/negryanskiy-zhenskiy-monastyr-v-chest-svyatykh-arkhangelov-mikhaila-i-gavriila-ungenskoy-i-nisporens/,"{'eparhia': None, 'mitropolia': None, 'boss': None, 'type': 'Монастыри Православной Церкви Молдовы', 'founded': '1995'}",,,,,
Непоротовский Свято-Николаевский мужской пещерный монастырь Черновицко-Буковинской епархии,48.606475,27.283667,/upload/iblock/208/1tepblv4g1jiwfhr2261vvmloa5gu49k/1.jpg,1061,/monastyri/monastery/neporotovskiy-svyato-nikolaevskiy-muzhskoy-peshchernyy-monastyr-chernovitsko-bukovinskoy-eparkhii/,"{'eparhia': None, 'mitropolia': None, 'boss': None, 'type': 'Монастыри УПЦ МП', 'founded': ''}",,,,,
Нижнеломовский Казанско-Богородицкий мужской монастырь,53.530476286955,43.635582380083,/upload/iblock/773/773176a7702b9c7d7547d134c794ca1b/phoca_thumb_l_kazan_nn69.JPG,460,/monastyri/monastery/nizhnelomovskiy-kazansko-bogoroditskiy-muzhskoy-monastyr/,"{'eparhia': None, 'mitropolia': None, 'boss': None, 'type': 'Епархиальные монастыри Русской Православной Церкви', 'founded': '1643'}",,,,,
Нижнеломовский Успенский  женский монастырь,53.537944178029,43.690947473166,/upload/iblock/890/monasterium.ru_01.jpg,462,/monastyri/monastery/uspenskiy-nizhnelomovskiy-zhenskiy-monastyr/,"{'eparhia': None, 'mitropolia': None, 'boss': None, 'type': 'Епархиальные монастыри Русской Православной Церкви', 'founded': '1840'}",,,,,
Никитский женский монастырь,55.722482715652,38.769280650154,/upload/iblock/f36/guviipad4rmw64nft7012zvtn8o2vk99/1863foto_b.jpg,73,/monastyri/monastery/nikitskiy-zhenskiy-monastyr/,"{'eparhia': None, 'mitropolia': None, 'boss': None, 'type': 'Епархиальные монастыри Русской Православной Церкви', 'founded': '2022'}",,,,,
Никитский женский монастырь г. Кашира,54.836890238409,38.143346314819,/upload/iblock/fde/fde880c2d53dbc8f2f1deab7ed540878/1.jpg,108,/monastyri/monastery/nikitskiy-zhenskiy-monastyr-g-kashira/,"{'eparhia': None, 'mitropolia': None, 'boss': None, 'type': 'Епархиальные монастыри Русской Православной Церкви', 'founded': '1843'}",,,,,
Никитский мужской монастырь с. Никитская Слобода,56.761247302367,38.858999761318,/upload/iblock/f35/f3577ac24ad0fdd4b34e81e11b6e6dcb/Nikitskiy_monastyr_na_zakate.jpg,136,/monastyri/monastery/nikitskiy-muzhskoy-monastyr-s-nikitskaya-sloboda/,"{'eparhia': None, 'mitropolia': None, 'boss': None, 'type': 'Епархиальные монастыри Русской Православной Церкви', 'founded': '1010'}",,,,,
Николаевский Городокский женский монастырь Ровенской епархии,50.683965303875,26.173817058551,/upload/iblock/653/zqm77u1vi3lojmo0t2ry6zyp1kt9lski/1.jpg,946,/monastyri/monastery/nikolaevskiy-gorodokskiy-zhenskiy-monastyr-rovenskoy-eparkhii/,"{'eparhia': None, 'mitropolia': None, 'boss': None, 'type': 'Монастыри УПЦ МП', 'founded': '1516'}",,,,,
Свято-Николаевский женский монастырь Запорожской епархии,47.795277264506,35.199624262566,/upload/iblock/1d6/2hqoh7fe0w2wz0hj92b97lscrfsb2kc1/00.jpg,901,/monastyri/monastery/svyato-nikolaevskiy-zhenskiy-monastyr-zaporozhskoy-eparkhii/,"{'eparhia': None, 'mitropolia': None, 'boss': None, 'type': 'Монастыри УПЦ МП', 'founded': '2012'}",,,,,
Свято-Николаевский женский монастырь Мукачевской епархии,48.454468914985,22.733287311243,/upload/iblock/33e/ob2wmuaxbef5hc20ytbonnt8cshkmrds/00.jpg,1297,/monastyri/monastery/svyato-nikolaevskiy-zhenskiy-monastyr-mukachevskoy-eparkhii/,"{'eparhia': None, 'mitropolia': None, 'boss': None, 'type': 'Монастыри УПЦ МП', 'founded': '1960'}",,,,,
Николаевский женский монастырь села Николаевское ,58.522282475717,46.670584431421,/upload/iblock/0a4/0a4ca54f57f33c7d005f57772d992e33/y_676008da.jpg,627,/monastyri/monastery/nikolaevskiy-zhenskiy-monastyr-sela-nikolaevskoe-/,"{'eparhia': None, 'mitropolia': None, 'boss': None, 'type': 'Епархиальные монастыри Русской Православной Церкви', 'founded': '1995'}",,,,,
Николаевский женский монастырь Скадовской епархии,46.241282269545,33.148832549629,/upload/iblock/9c7/x434xnk897b42bj3zt6dfscxot2zbdu1/skit.jpeg,1103,/monastyri/monastery/nikolaevskiy-zhenskiy-monastyr-khersonskoy-eparkhii/,"{'eparhia': None, 'mitropolia': None, 'boss': None, 'type': 'Монастыри УПЦ МП', 'founded': '2018'}",,,,,
"Свято-Николаевский женский монастырь, г. Арзамас",55.385955996021,43.81424569675,/upload/iblock/ed0/ed00be377882702605c7e5142e82ff39/019.JPG,392,/monastyri/monastery/svyato-nikolaevskiy-zhenskiy-monastyr-g-arzamas/,"{'eparhia': None, 'mitropolia': None, 'boss': None, 'type': 'Епархиальные монастыри Русской Православной Церкви', 'founded': ''}",,,,,
Николаевский Клобуков женский монастырь ,57.362289381026,37.627141382942,/upload/iblock/325/325dd1b45ecda33cdd64e932f7f3fb86/12_21.jpg,179,/monastyri/monastery/nikolaevskiy-klobukov-zhenskiy-monastyr-/,"{'eparhia': None, 'mitropolia': None, 'boss': None, 'type': 'Епархиальные монастыри Русской Православной Церкви', 'founded': '1400'}",,,,,
Свято-Николаевский Крупицкий женский монастырь Нежинской епархии,51.422738,32.802726,/upload/iblock/be3/imd0j43kf2mft8jpefd20sqi6ob4khsd/00-_1_.jpg,577,/monastyri/monastery/svyato-nikolaevskiy-krupitskiy-zhenskiy-monastyr-nezhinskoy-eparkhii/,"{'eparhia': None, 'mitropolia': None, 'boss': None, 'type': 'Монастыри УПЦ МП', 'founded': '2000'}",,,,,
Николаевский Малицкий мужской монастырь,56.873914331629,35.799209771164,/upload/iblock/198/19821d47bc9d02c52558d59f22bc9c07/oSVFV5vd3Y8.jpg,168,/monastyri/monastery/nikolaevskiy-malitskiy-muzhskoy-monastyr/,"{'eparhia': None, 'mitropolia': None, 'boss': None, 'type': 'Епархиальные монастыри Русской Православной Церкви', 'founded': '1551'}",,,,,
Свято-Николаевский Милецкий мужской монастырь Владимир-Волынской епархии ,51.456285,24.753445,/upload/iblock/71f/teqpaii2pdg8iz29n4f9x3wqzlq96jjr/23.jpg,972,/monastyri/monastery/svyato-nikolaevskiy-miletskiy-muzhskoy-monastyr-vladimir-volynskoy-eparkhii-/,"{'eparhia': None, 'mitropolia': None, 'boss': None, 'type': 'Монастыри УПЦ МП', 'founded': '1522'}",,,,,
 Свято-Николаевский мужской монастырь близ села Кадымцево ,54.292474504319,61.50878904297,/upload/iblock/ccb/ccb7ba70d4af9cb1796cc98d756d276e/XfzUn11Bqy0.jpg,1524,/monastyri/monastery/svyato-nikolaevskiy-muzhskoy-monastyr-bliz-sela-kadymtsevo-/,"{'eparhia': None, 'mitropolia': None, 'boss': None, 'type': 'Епархиальные монастыри Русской Православной Церкви', 'founded': '1908'}",,,,,
 Свято-Николаевский мужской монастырь г. Верхотурье ,58.862990337674,60.810669793671,/upload/iblock/500/monastverkhotursky_st_nicholas_.jpg,1428,/monastyri/monastery/svyato-nikolaevskiy-muzhskoy-monastyr-g-verkhoture-/,"{'eparhia': None, 'mitropolia': None, 'boss': None, 'type': 'Епархиальные монастыри Русской Православной Церкви', 'founded': '1604'}",,,,,
Свято-Николаевский мужской монастырь Могилев-Подольской епархии,48.736343,28.082795,/upload/iblock/9b3/3mx823wmvo81lay601hwbo8ar1xjpbb2/00.jpg,1014,/monastyri/monastery/svyato-nikolaevskiy-muzhskoy-monastyr-mogilev-podolskoy-eparkhii/,"{'eparhia': None, 'mitropolia': None, 'boss': None, 'type': 'Монастыри УПЦ МП', 'founded': ''}",,,,,
Свято-Николаевский мужской монастырь Одесской епархии,45.340016438131,28.811625882769,/upload/iblock/1cb/3hv2ngnxw1y8gufcfz3h49dfm8wthz5o/00.jpg,1313,/monastyri/monastery/svyato-nikolaevskiy-muzhskoy-monastyr-odesskoy-eparkhii/,"{'eparhia': None, 'mitropolia': None, 'boss': None, 'type': 'Монастыри УПЦ МП', 'founded': '2003'}",,,,,
Свято-Николаевский Пустынно-Рыхловский женский монастырь Нежинской епархии,51.681015,32.877378,/upload/iblock/dbb/b417vf64qwa21s3cavjzcf18oe5uuq1g/00.jpg,550,/monastyri/monastery/svyato-nikolaevskiy-pustynno-rykhlovskiy-zhenskiy-monastyr-nezhinskoy-eparkhii/,"{'eparhia': None, 'mitropolia': None, 'boss': None, 'type': 'Монастыри УПЦ МП', 'founded': '1620'}",,,,,
Николаевское подворье Знаменского женского монастыря  Днепропетровской епархии,48.47009395645,35.019489139881,/upload/iblock/08a/cx6s4dyg2prz7c73tfuhfdf9jsfs0be4/2222.jpg,830,/monastyri/monastery/nikolaevskoe-podvore-znamenskogo-zhenskogo-monastyrya-dnepropetrovskoy-eparkhii/,"{'eparhia': None, 'mitropolia': None, 'boss': None, 'type': 'подворье епархиального монастыря', 'founded': '2014'}",,,,,
Свято-Николаевское подворье Рождества Пресвятой Богородицы Молченского Печерского женского монастыря Конотопской епархии ,51.334594192093,33.859056882278,/upload/iblock/31a/52hq28t6vq0r8pi0jhh77isd1de95fw1/07.jpg,551,/monastyri/monastery/svyato-nikolaevskoe-podvore-rozhdestva-presvyatoy-bogoroditsy-molchenskogo-pecherskogo-zhenskogo-mon/,"{'eparhia': None, 'mitropolia': None, 'boss': None, 'type': 'подворье епархиального монастыря', 'founded': ''}",,,,,
Николо-Бабаевский мужской монастырь,57.696759621202,40.342915662292,/upload/iblock/df9/23.jpg,273,/monastyri/monastery/nikolo-babaevskiy-muzhskoy-monastyr/,"{'eparhia': None, 'mitropolia': None, 'boss': None, 'type': 'Епархиальные монастыри Русской Православной Церкви', 'founded': ''}",,,,,
Николо-Бавыкинский мужской монастырь  пос. Заря Свободы ,53.851382880435,41.081803110451,/upload/iblock/e77/e771053049093b836266661321a18c73/cropped_SDC10609.jpg,307,/monastyri/monastery/nikolo-bavykinskiy-muzhskoy-monastyr-pos-zarya-svobody-/,"{'eparhia': None, 'mitropolia': None, 'boss': None, 'type': 'Епархиальные монастыри Русской Православной Церкви', 'founded': '1879'}",,,,,
Мужской монастырь Николо-Берлюковская пустынь,55.928618718701,38.232375489375,/upload/iblock/e44/e44cd9841fe60870cfa92d87458b11a0/1.jpg,43,/monastyri/monastery/muzhskoy-monastyr-nikolo-berlyukovskaya-pustyn/,"{'eparhia': None, 'mitropolia': None, 'boss': None, 'type': 'Епархиальные монастыри Русской Православной Церкви', 'founded': ''}",,,,,
Николо-Вяжищский ставропигиальный женский монастырь,58.623592349137,31.167463152521,/upload/iblock/5a7/nwmon_00.jpg,503,/monastyri/monastery/nikolo-vyazhishchskiy-stavropigialnyy-zhenskiy-monastyr/,"{'eparhia': None, 'mitropolia': None, 'boss': None, 'type': 'Ставропигиальные монастыри Русской Православной Церкви', 'founded': '1411'}",,,,,
Николо-Комаровский скит  Астраханского Иоанно-Предтеченского монастыря,46.157460062017,47.877927505825,/upload/iblock/cb8/cb83dd915b6d82dcd716b790a20b58d0/IMG_3477.jpg,1284,/monastyri/monastery/monasheskaya-zhenskaya-obshchina-v-chest-ikony-bozhiey-materi-neupivaemaya-chasha/,"{'eparhia': None, 'mitropolia': None, 'boss': None, 'type': 'скит епархиального монастыря', 'founded': '2004'}",,,,,
Николо-Пешношский мужской монастырь,56.455870665155,37.230078129608,/upload/iblock/7da/7da1a0376c6b45dc1ca6ab2b824d8a8f/6.jpg,82,/monastyri/monastery/nikolo-peshnoshskiy-muzhskoy-monastyr/,"{'eparhia': None, 'mitropolia': None, 'boss': None, 'type': 'Епархиальные монастыри Русской Православной Церкви', 'founded': '1361'}",,,,,
Николо-Радовицкий мужской монастырь,55.098699330573,39.544665523804,/upload/iblock/89f/89f398f6f87ae31b8204a0c05b35f327/1.1.jpg,142,/monastyri/monastery/nikolo-radovitskiy-muzhskoy-monastyr/,"{'eparhia': None, 'mitropolia': None, 'boss': None, 'type': 'Епархиальные монастыри Русской Православной Церкви', 'founded': '1584'}",,,,,
Николо-Сольбинский женский монастырь,56.997688816148,38.416290100525,/upload/iblock/4f4/003.jpg,147,/monastyri/monastery/nikolo-solbinskiy-zhenskiy-monastyr/,"{'eparhia': None, 'mitropolia': None, 'boss': None, 'type': 'Епархиальные монастыри Русской Православной Церкви', 'founded': ''}",,,,,
Николо-Тихонов монастырь в с. Тимирязево,57.048581779446,42.239746089996,/upload/iblock/c44/c44eab3bf3031e94166d72bf8327948e/Svyato_Nikolo_Tikhonov_Lukhskiy_monastyr.jpg,319,/monastyri/monastery/nikolo-tikhonov-monastyr-v-s-timiryazevo/,"{'eparhia': None, 'mitropolia': None, 'boss': None, 'type': 'Епархиальные монастыри Русской Православной Церкви', 'founded': '1498'}",,,,,
Николо-Угрешский ставропигиальный мужской монастырь,55.622499880637,37.84003416781,/upload/iblock/c4a/c4a61c1f33616a2bb1a3e9228b7c74e7/ugresh.jpg,21,/monastyri/monastery/nikolo-ugreshskiy-stavropigialnyy-muzhskoy-monastyr/,"{'eparhia': None, 'mitropolia': None, 'boss': None, 'type': 'Ставропигиальные монастыри Русской Православной Церкви', 'founded': '1380'}",,,,,
Николо-Чернеевский мужской монастырь село Старочернеево,53.861436400532,41.84562785734,/upload/iblock/ebd/ebda2e793ee19056315b6912979d44c0/bc8bdfe492f1b6e362cf03d577c35207.jpg,344,/monastyri/monastery/nikolo-cherneevskiy-muzhskoy-monastyr-selo-starocherneev/,"{'eparhia': None, 'mitropolia': None, 'boss': None, 'type': 'Епархиальные монастыри Русской Православной Церкви', 'founded': '1573'}",,,,,
Николо-Шартомский мужской монастырь,56.965225594315,41.340955327929,/upload/iblock/bd3/bd3a2f367c98f1dd9d76194433c14624/37346.jpg,266,/monastyri/monastery/nikolo-shartomskiy-muzhskoy-monastyr/,"{'eparhia': None, 'mitropolia': None, 'boss': None, 'type': 'Епархиальные монастыри Русской Православной Церкви', 'founded': '1174'}",,,,,
Свято-Никольский женский  монастырь в поселке Монастырский,51.972267062757,48.818497675919,/upload/iblock/1fd/1fd67469a96c02baefff1e5d5a35adaf/CIMG1253.JPG,845,/monastyri/monastery/svyato-nikolskiy-monastyr-v-poselke-monastyrskiy/,"{'eparhia': None, 'mitropolia': None, 'boss': None, 'type': 'Епархиальные монастыри Русской Православной Церкви', 'founded': '1843'}",,,,,
Никольский Адриано-Андрусовский монастырь,60.993447235363,32.597304441803,/upload/iblock/86f/86fac8cc68543f97dc64db0f5eb4c070/yu.jpg,652,/monastyri/monastery/nikolskiy-adriano-andrusovskiy-monastyr/,"{'eparhia': None, 'mitropolia': None, 'boss': None, 'type': 'Епархиальные монастыри Русской Православной Церкви', 'founded': '1575'}",,,,,
Никольский Греческий монастырь - подворье Заиконоспасского ставропигиального монастыря.,55.756783550366,37.621688762566,/upload/iblock/a4d/a4d0655e661ce623928454cca149faf3/23_450x337.jpg,1,/monastyri/monastery/nikolskiy-grecheskiy-monastyr-podvore-zaikonospasskogo-stavropigialnogo-monastyrya/,"{'eparhia': None, 'mitropolia': None, 'boss': None, 'type': 'подворье ставропигиального монастыря', 'founded': ''}",,,,,
Никольский Добрушский мужской монастырь Кишиневской епархии,47.804299830393,28.600218984131,/upload/iblock/048/svsu8wnl60cu8ebewbjwjvnvj7q5sxkx/014_Dobrusa_Soldanesti_140911_24.jpg,1079,/monastyri/monastery/nikolskiy-dobrushskiy-muzhskoy-monastyr-kishinevskoy-eparkhii/,"{'eparhia': None, 'mitropolia': None, 'boss': None, 'type': 'Монастыри Православной Церкви Молдовы', 'founded': '1772'}",,,,,
Никольский женский монастырь в с. Николаевское,56.369517,56.105413,/upload/iblock/f7f/f7fdf199ea094c642505ac7ce26627ee/n.jpg,1147,/monastyri/monastery/nikolskiy-zhenskiy-monastyr-v-s-nikolaevskoe/,"{'eparhia': None, 'mitropolia': None, 'boss': None, 'type': 'Епархиальные монастыри Русской Православной Церкви', 'founded': '1995'}",,,,,
Никольский женский монастырь г. Приволжска,57.378902681349,41.282041527193,/upload/iblock/fd0/fd0b58aae96d33c0a7c983a6131a043b/1.jpg,288,/monastyri/monastery/nikolskiy-monastyr-g-privolzhska/,"{'eparhia': None, 'mitropolia': None, 'boss': None, 'type': 'Епархиальные монастыри Русской Православной Церкви', 'founded': '1779'}",,,,,
Никольский женский монастырь с. Могочино,57.712933045379,83.589390386533,/upload/iblock/6da/6dac300eee91f6c93709e3361b172365/dZxozHJ3xDQ.jpg,2759,/monastyri/monastery/nikolskiy-zhenskiy-monastyr-s-mogochino/,"{'eparhia': None, 'mitropolia': None, 'boss': None, 'type': 'Епархиальные монастыри Русской Православной Церкви', 'founded': '1989'}",,,,,
Свято-Никольский женский монастырь села Волосово,56.172217827316,40.161825906082,/upload/iblock/dbe/dbee160db4cd5684eb9f6f34a1c1b20f/ooo.jpg,165,/monastyri/monastery/svyato-nikolskiy-zhenskiy-monastyr-sela-volosovo/,"{'eparhia': None, 'mitropolia': None, 'boss': None, 'type': 'Епархиальные монастыри Русской Православной Церкви', 'founded': '1350'}",,,,,
"Никольский женский монастырь, г. Переславль-Залесский.  ",56.731625170015,38.837535515869,/upload/iblock/f94/001.jpg,133,/monastyri/monastery/nikolskiy-zhenskiy-monastyr-g-pereslavl-zalesskiy-/,"{'eparhia': None, 'mitropolia': None, 'boss': None, 'type': 'Епархиальные монастыри Русской Православной Церкви', 'founded': '1348'}",,,,,
Женская Мамонтова пустынь во имя святителя Николая Чудотворца,53.228294322638,41.702568513214,/upload/iblock/a51/a51d825b9cc0826b71bcee7d0cfbc10e/14.jpg,386,/monastyri/monastery/nikolskiy-mamontovskiy-zhenskiy-monastyr/,"{'eparhia': None, 'mitropolia': None, 'boss': None, 'type': 'Епархиальные монастыри Русской Православной Церкви', 'founded': '1629'}",,,,,
Никольский монастырь в с. Старая Ладога,59.991931978281,32.300946704369,/upload/iblock/b97/b97f749486c84f6ecaccde403cd4844a/pobereguzamonastyr_1_.jpg.jpg,566,/monastyri/monastery/nikolskiy-monastyr-v-s-staraya-ladoga/,"{'eparhia': None, 'mitropolia': None, 'boss': None, 'type': 'Епархиальные монастыри Русской Православной Церкви', 'founded': '1240'}",,,,,
Свято-Никольский монастырь с. Новое,56.557114390584,39.517653023804,/upload/iblock/599/5999ace4d487353fb155a6df09ab5f90/phpbvykZR.jpg,148,/monastyri/monastery/svyato-nikolskiy-monastyr-s-novoe/,"{'eparhia': None, 'mitropolia': None, 'boss': None, 'type': 'Епархиальные монастыри Русской Православной Церкви', 'founded': '1995'}",,,,,
Никольский мужской монастырь в деревне Большекулачье,55.210651707554,73.252976812164,/upload/iblock/e60/e6009c085369775e6326070c44dc6a05/09_YWjnGScC51M.jpg,2222,/monastyri/monastery/nikolskiy-muzhskoy-monastyr-v-derevne-bolshekulache/,"{'eparhia': None, 'mitropolia': None, 'boss': None, 'type': 'Епархиальные монастыри Русской Православной Церкви', 'founded': '1995'}",,,,,
Никольский мужской монастырь в рабочем поселке Саргатское,55.608701323313,73.506924055042,/upload/iblock/995/995b58e01b3ff00cd99fc1740da281e6/d.jpg,2225,/monastyri/monastery/nikolskiy-muzhskoy-monastyr-v-rabochem-poselke-sargatskoe/,"{'eparhia': None, 'mitropolia': None, 'boss': None, 'type': 'Епархиальные монастыри Русской Православной Церкви', 'founded': '1996'}",,,,,
Никольский мужской монастырь с. Хохловка ,44.659910186228,33.753731214361,/upload/iblock/c9f/c9fcc7909dffb5f64c8f28d80570be74/DSC5736.jpg,1264,/monastyri/monastery/nikolskiy-muzhskoy-monastyr-s-khokhlovka-/,"{'eparhia': None, 'mitropolia': None, 'boss': None, 'type': 'Епархиальные монастыри Русской Православной Церкви', 'founded': '2010'}",,,,,
"Свято-Никольский мужской монастырь, г. Гомель Гомельской епархии",52.440426554437,30.985053457672,/upload/iblock/7ba/7ba4ac6aac21c9915d8b4fde0444b811/149bbb5acd48df01698629afced392c6.jpg,568,/monastyri/monastery/svyato-nikolskiy-muzhskoy-monastyr-g-gomel-gomelskoy-eparkhii/,"{'eparhia': None, 'mitropolia': None, 'boss': None, 'type': 'Монастыри Белорусской Православной Церкви', 'founded': '1994'}",,,,,
Никольский скит Богородицкого Житенного женского монастыря ,57.073433426165,33.395926994949,/upload/iblock/441/441a500a4a7240f1bfe4a2f3afe06060/nikol-skit-krapivnya.jpg,299,/monastyri/monastery/nikolskiy-skit-bogoroditskogo-zhitennogo-zhenskogo-monastyrya-/,"{'eparhia': None, 'mitropolia': None, 'boss': None, 'type': 'скит епархиального монастыря', 'founded': ''}",,,,,
Никольский скит Рождество-Богородичного женского монастыря в с. Вежное ,52.404610936031,24.089733616896,/upload/iblock/611/61161c4f052b6548938c242ccca899d7/skit.jpg,956,/monastyri/monastery/nikolskiy-skit-rozhdestvo-bogorodichnogo-zhenskogo-monastyrya-v-s-vezhnoe-/,"{'eparhia': None, 'mitropolia': None, 'boss': None, 'type': 'скит епархиального монастыря', 'founded': '2006'}",,,,,
Никольский скит села Макеево Рыльского Свято-Николаевского мужского монастыря,51.677056528644,34.543757610531,/upload/iblock/2fd/2fd22765081117135094d52186ad1e92/Skit5.jpg,497,/monastyri/monastery/nikolskiy-skit-sela-makeevo-rylskogo-svyato-nikolaevskogo-muzhskogo-monastyrya/,"{'eparhia': None, 'mitropolia': None, 'boss': None, 'type': 'скит епархиального монастыря', 'founded': '2000'}",,,,,
Свято-Никольский Черноостровский женский монастырь,55.016382371626,36.462280474891,/upload/iblock/877/8778dbe8e6b637f7748fb6af24fc7d69/4662452_large.jpeg,110,/monastyri/monastery/svyato-nikolskiy-chernoostrovskiy-monastyr/,"{'eparhia': None, 'mitropolia': None, 'boss': None, 'type': 'Епархиальные монастыри Русской Православной Церкви', 'founded': '1500'}",,,,,
Никольский Шостьенский ставропигиальный женский монастырь,54.737393388431,41.300039443558,/upload/iblock/006/monasterium.ru_01.jpg,260,/monastyri/monastery/nikolskiy-shostenskiy-stavropigialnyy-zhenskiy-monastyr/,"{'eparhia': None, 'mitropolia': None, 'boss': None, 'type': 'Ставропигиальные монастыри Русской Православной Церкви', 'founded': '1999'}",,,,,
Мужской монастырь Нило-Столобенская пустынь,57.235235593064,33.062282161809,/upload/iblock/cc5/cc5c73bc2f3da060bd5e620e16fd6767/VyBf59cqnsA.jpg,325,/monastyri/monastery/muzhskoy-monastyr-nilo-stolobenskaya-pustyn/,"{'eparhia': None, 'mitropolia': None, 'boss': None, 'type': 'Епархиальные монастыри Русской Православной Церкви', 'founded': '1594'}",,,,,
Новгород-Сиверский Спасо-Преображенский мужской монастырь Черниговской епархии,52.008707,33.283452,/upload/iblock/9d5/5vktzec3xfmqxam4w8le26lu3r5mylw8/00.jpg,505,/monastyri/monastery/novgorod-siverskiy-spaso-preobrazhenskiy-muzhskoy-monastyr-chernigovskoy-eparkhii/,"{'eparhia': None, 'mitropolia': None, 'boss': None, 'type': 'Монастыри УПЦ МП', 'founded': '1033'}",,,,,
Ново-Леушинский Иоанно-Предтеченский женский монастырь,58.889816356184,38.193545975359,/upload/iblock/1fc/8qqrkeel35tqxotj7nar9wtm9hobew8h/1.jpg,351,/monastyri/monastery/novo-leushinskiy-ioanno-predtechenskiy-zhenskiy-monastyr/,"{'eparhia': None, 'mitropolia': None, 'boss': None, 'type': 'Епархиальные монастыри Русской Православной Церкви', 'founded': '1875'}",,,,,
Ново-Синайский мужской монастырь в г. Сунжа ,43.309895053826,45.050279646683,/upload/iblock/941/941e12737f59434e5893d9d41fb2d150/0_a0089_f169d52d_orig.jpg,1483,/monastyri/monastery/novo-sinayskiy-muzhskoy-monastyr-v-g-sunzha-/,"{'eparhia': None, 'mitropolia': None, 'boss': None, 'type': 'Епархиальные монастыри Русской Православной Церкви', 'founded': '2014'}",,,,,
Новодевичий ставропигиальный женский монастырь г. Москвы ,55.726176733636,37.556079267845,/upload/iblock/bc9/lmlpya5zg72n06j31tpzfwret6rgob5b/1.jpg,6,/monastyri/monastery/novodevichiy-stavropigialnyy-zhenskiy-monastyr-g-moskvy-/,"{'eparhia': None, 'mitropolia': None, 'boss': None, 'type': 'Ставропигиальные монастыри Русской Православной Церкви', 'founded': '3'}",,,,,
Новосибирский мужской монастырь  в честь Новомучеников и исповедников Церкви Русской,54.974954168587,82.908310906082,/upload/iblock/da6/da6b706a4d9cdcfd7cac33df1dcac12f/1.jpg,2813,/monastyri/monastery/novosibirskiy-muzhskoy-monastyr-v-chest-novomuchenikov-i-ispovednikov-tserkvi-russkoy/,"{'eparhia': None, 'mitropolia': None, 'boss': None, 'type': 'Епархиальные монастыри Русской Православной Церкви', 'founded': '1996'}",,,,,
Новосибирский мужской монастырь в честь Иоанна Предтечи,54.856061199176,82.981556364418,/upload/iblock/429/429242147708aa8a357c70cdc98f3fc1/vid_s_yuzhnoy_storony.jpg,2822,/monastyri/monastery/novosibirskiy-muzhskoy-monastyr-v-chest-proroka-predtechi-i-krestitelya-gospodnya-ioanna/,"{'eparhia': None, 'mitropolia': None, 'boss': None, 'type': 'Епархиальные монастыри Русской Православной Церкви', 'founded': '1996'}",,,,,
Новосибирское подворье Михаило-Архангельского монастыря с.Козиха,54.984718720656,82.828910101189,/upload/iblock/e2a/e2afa9c5eec39b5f9c1f3d7408243147/Troitse_Vladimirskiy_sobor1.jpg,2808,/monastyri/monastery/novosibirskoe-podvore-mikhailo-arkhangelskogo-monastyrya-s-kozikha/,"{'eparhia': None, 'mitropolia': None, 'boss': None, 'type': 'подворье епархиального монастыря', 'founded': '2001'}",,,,,
Новоспасский мужской монастырь с. Терновка г. Севастополя,44.558715,33.78888,/upload/iblock/4cd/4cdf3cda66f52cf5ef637ecaf3aa86e9/0.jpg,1275,/monastyri/monastery/novospasskiy-muzhskoy-monastyr-s-ternovka-g-sevastopolya/,"{'eparhia': None, 'mitropolia': None, 'boss': None, 'type': 'подворье епархиального монастыря', 'founded': '1868'}",,,,,
Новоспасский ставропигиальный мужской монастырь,55.732012702797,37.657568517484,/upload/iblock/d29/novospassky.jpg,4,/monastyri/monastery/novospasskiy-stavropigialnyy-muzhskoy-monastyr/,"{'eparhia': None, 'mitropolia': None, 'boss': None, 'type': 'Ставропигиальные монастыри Русской Православной Церкви', 'founded': '14'}",,,,,
Новоторжский Борисоглебский мужской монастырь,57.034210929353,34.956387890213,/upload/iblock/ced/ced26dd02efd04ca30a7f8bf90d917d6/1.jpg,217,/monastyri/monastery/novotorzhskiy-borisoglebskiy-muzhskoy-monastyr/,"{'eparhia': None, 'mitropolia': None, 'boss': None, 'type': 'Епархиальные монастыри Русской Православной Церкви', 'founded': '1038'}",,,,,
Одигитриевский женский монастырь в городе Челябинске,55.133236502385,61.452419219323,/upload/iblock/7d1/7d14a88a4cb544d0891d649e7ebb15c7/1.jpg,1498,/monastyri/monastery/odigitrievskiy-zhenskiy-monastyr-v-gorode-chelyabinske/,"{'eparhia': None, 'mitropolia': None, 'boss': None, 'type': 'Епархиальные монастыри Русской Православной Церкви', 'founded': '2015'}",,,,,
Ольгинский женский монастырь ,57.251474,32.470299,/upload/iblock/361/361f2f5a0d594bb24701b65456b180ce/01.png,357,/monastyri/monastery/olginskiy-zhenskiy-monastyr-/,"{'eparhia': None, 'mitropolia': None, 'boss': None, 'type': 'Епархиальные монастыри Русской Православной Церкви', 'founded': '1909'}",,,,,
Свято-Онуфриевский мужской монастырь Львовской епархии,49.032589,23.106999,/upload/iblock/d99/3ot8frnoh10139kavtf8qe3avjivtgmr/00.jpg,1233,/monastyri/monastery/svyato-onufrievskiy-muzhskoy-monastyr-lvovskoy-eparkhii/,"{'eparhia': None, 'mitropolia': None, 'boss': None, 'type': 'Монастыри УПЦ МП', 'founded': '1993'}",,,,,
Свято-Онуфриевский мужской монастырь Черкасской епархии,49.2239,32.218449,/upload/iblock/b24/3b9j6ed79ukjc1vlsxmhutcyuwaojvda/00-_1_.jpg,813,/monastyri/monastery/svyato-onufrievskiy-muzhskoy-monastyr-cherkasskoy-eparkhii/,"{'eparhia': None, 'mitropolia': None, 'boss': None, 'type': 'Монастыри УПЦ МП', 'founded': '1993'}",,,,,
Орловский Свято-Введенский женский монастырь,52.957437852397,36.095180183363,/upload/iblock/324/324ffb54c5c6de09f62e5d939904c4f1/tLVje2whYZE.jpg,327,/monastyri/monastery/orlovskiy-svyato-vvedenskiy-zhenskiy-monastyr/,"{'eparhia': None, 'mitropolia': None, 'boss': None, 'type': 'Епархиальные монастыри Русской Православной Церкви', 'founded': '1686'}",,,,,
Орловский Свято-Успенский мужской монастырь ,52.976765576495,36.077669982803,/upload/iblock/531/531a78b267ea048bfe57ec1fffcdae45/2.jpg,325,/monastyri/monastery/orlovskiy-svyato-uspenskiy-muzhskoy-monastyr-/,"{'eparhia': None, 'mitropolia': None, 'boss': None, 'type': 'Епархиальные монастыри Русской Православной Церкви', 'founded': '1684'}",,,,,
Орский Иверский женский монастырь,51.236451408583,58.636975440475,/upload/iblock/874/874b77602b55be6f6adc077b87c7ff1e/rrrrr.jpg,1472,/monastyri/monastery/orskiy-iverskiy-zhenskiy-monastyr/,"{'eparhia': None, 'mitropolia': None, 'boss': None, 'type': 'Епархиальные монастыри Русской Православной Церкви', 'founded': '2016'}",,,,,
Свято-Пантелеимонов мужской  монастырь в с.  Безруково ,53.780439976051,87.554282873016,/upload/iblock/d6e/d6e0383bd239e17355bd89ad80c9037f/1.jpg,3141,/monastyri/monastery/svyato-panteleimonov-muzhskoy-monastyr-v-s-bezrukovo-/,"{'eparhia': None, 'mitropolia': None, 'boss': None, 'type': 'Епархиальные монастыри Русской Православной Церкви', 'founded': '1997'}",,,,,
Свято-Пантелеимоновский женский монастырь  Уманской епархии,49.093429516312,30.217115068123,/upload/iblock/cb4/txjkjx1ezm88y2edzj1digez0oda74en/p_0008.jpg,894,/monastyri/monastery/svyato-panteleimonovskiy-zhenskiy-monastyr-/,"{'eparhia': None, 'mitropolia': None, 'boss': None, 'type': 'Монастыри УПЦ МП', 'founded': '2011'}",,,,,
Свято-Пантелеимоновский женский монастырь Киевской епархии,50.344639267199,30.487571329062,/upload/iblock/402/okybycg8g3s0buxs8y2oph31itnq648w/00.jpg,767,/monastyri/monastery/svyato-panteleimonovskiy-zhenskiy-monastyr-kievskoy-eparkhii/,"{'eparhia': None, 'mitropolia': None, 'boss': None, 'type': 'Монастыри УПЦ МП', 'founded': ''}",,,,,
Свято-Пантелеимоновский мужской монастырь Хустской епархии,48.192070427184,23.281440997079,/upload/iblock/5af/uf6tvv4ik762hi6czoulyowtlyspspix/00.jpg,1289,/monastyri/monastery/svyato-panteleimonovskiy-muzhskoy-monastyr-khustskoy-eparkhii/,"{'eparhia': None, 'mitropolia': None, 'boss': None, 'type': 'Монастыри УПЦ МП', 'founded': '1997'}",,,,,
Свято-Пантелеимоновский Одесский мужской монастырь Одесской епархии,46.469668998738,30.739778690165,/upload/iblock/9c6/jwpggc4vszuzusltymfii8ozzc07b0v6/svyato_pantelejmonivskij_cholovichij_monastir_1024x768.jpg,1138,/monastyri/monastery/svyato-panteleimonovskiy-odesskiy-muzhskoy-monastyr-odesskoy-eparkhii/,"{'eparhia': None, 'mitropolia': None, 'boss': None, 'type': 'Монастыри УПЦ МП', 'founded': '1876'}",,,,,
Пантелеймоновское подворье Непоротовского Свято-Николаевского мужского пещерного монастыря Черновицко-Буковинской епархии,48.273728,25.943719,/upload/iblock/8d6/8m9sgqefcqmx9675nenj2vjn9u3wq448/06.jpg,1151,/monastyri/monastery/panteleymonovskoe-podvore-neporotovskogo-svyato-nikolaevskogo-muzhskogo-peshchernogo-monastyrya-cher/,"{'eparhia': None, 'mitropolia': None, 'boss': None, 'type': 'подворье епархиального монастыря', 'founded': ''}",,,,,
Параскевинский Хынковский женский монастырь  Унгенской и Ниспоренской епархии,47.077790994591,28.3219330639,/upload/iblock/dd8/jtg7fpyyoecq6734vs4bl7yz3ga2xxco/11.jpg,1159,/monastyri/monastery/paraskevinskiy-khynkovskiy-zhenskiy-monastyr-ungenskoy-i-nisporenskoy-eparkhii/,"{'eparhia': None, 'mitropolia': None, 'boss': None, 'type': 'Монастыри Православной Церкви Молдовы', 'founded': '1678'}",,,,,
"Патриаршее Подворье при храмах прп. Алексия, человека Божия, и Воздвижения Креста Господня в Красном селе г.Москвы",55.782905411676,37.664937392018,/upload/iblock/241/rv04gjerz5hbdpn6upv9wr8u9qithjaa/Hram_prp_A.jpg,5,/monastyri/monastery/patriarshee-podvore-pri-khramakh-prp-aleksiya-cheloveka-bozhiya-i-vozdvizheniya-kresta-gospodnya-v-k/,"{'eparhia': None, 'mitropolia': None, 'boss': None, 'type': 'подворье ставропигиального монастыря', 'founded': ''}",,,,,
Патриаршее подворье  Серафимо-Дивеевского женского монастыря в Москве,55.77664387825,37.633124228836,/upload/iblock/ee6/6.jpg,3,/monastyri/monastery/patriarshee-podvore-svyato-troitskogo-serafimo-diveevskogo-zhenskogo-monastyrya-v-moskve/,"{'eparhia': None, 'mitropolia': None, 'boss': None, 'type': 'подворье епархиального монастыря', 'founded': '1911'}",,,,,
Патриаршее подворье храма великомученика Дмитрия Солунского в селе Дмитровском Алексеевского ставропигиального женского монастыря гор. Москвы,55.756260785707,37.123437679932,,31,/monastyri/monastery/patriarshee-podvore-khrama-velikomuchenika-dmitriya-solunskogo-v-sele-dmitrovskom-alekseevskogo-stav/,"{'eparhia': None, 'mitropolia': None, 'boss': None, 'type': 'подворье ставропигиального монастыря', 'founded': ''}",,,,,
Рождества Богородицы Свято-Пафнутьев Боровский монастырь,55.214002392638,36.533469110969,/upload/iblock/a5d/a5de6c106270616e7e4a5f7a9c96d9e1/borovskiy_monastyrprudp.jpg,92,/monastyri/monastery/rozhdestva-bogoroditsy-svyato-pafnutev-borovskiy-monastyr/,"{'eparhia': None, 'mitropolia': None, 'boss': None, 'type': 'Епархиальные монастыри Русской Православной Церкви', 'founded': '1444'}",,,,,
Пензенский Спасо-Преображенский мужской монастырь,53.182665861154,45.017248560477,/upload/iblock/b4a/b4a1e50a48d4bc7fa3960d4c31064b1c/IMG_0284.jpg,557,/monastyri/monastery/penzenskiy-spaso-preobrazhenskiy-muzhskoy-monastyr/,"{'eparhia': None, 'mitropolia': None, 'boss': None, 'type': 'Епархиальные монастыри Русской Православной Церкви', 'founded': '1689'}",,,,,
Пензенский Троицкий женский монастырь,53.187385462968,45.018039272116,/upload/iblock/906/90644eaaa4a2e88f99106b9997b5939f/slide_9.jpg,557,/monastyri/monastery/penzenskiy-troitskiy-zhenskiy-monastyr/,"{'eparhia': None, 'mitropolia': None, 'boss': None, 'type': 'Епархиальные монастыри Русской Православной Церкви', 'founded': '1692'}",,,,,
Пересветское подворье Троице -Сергиевой лавры,56.418350293626,38.170109326706,/upload/iblock/eff/monasterium.ru_003.jpg,82,/monastyri/monastery/peresvetskoe-podvore/,"{'eparhia': None, 'mitropolia': None, 'boss': None, 'type': 'подворье ставропигиального монастыря', 'founded': '2000'}",,,,,
Пермский Богоявленский мужской монастырь,58.048138495237,56.292557804893,/upload/iblock/3ef/3ef3a84d0a50401982c625e84e6f83e0/ca9ERe_2tnU.jpg,1159,/monastyri/monastery/permskiy-bogoyavlenskiy-muzhskoy-monastyr/,"{'eparhia': None, 'mitropolia': None, 'boss': None, 'type': 'Епархиальные монастыри Русской Православной Церкви', 'founded': '1994'}",,,,,
Пермский Свято-Троицкий Стефанов мужской монастырь ,58.036977601922,56.321201135582,/upload/iblock/b16/b16c433446763993b30be22f59e334e8/11111.jpg,1160,/monastyri/monastery/permskiy-svyato-troitskiy-stefanov-muzhskoy-monastyr-/,"{'eparhia': None, 'mitropolia': None, 'boss': None, 'type': 'Епархиальные монастыри Русской Православной Церкви', 'founded': '1995'}",,,,,
Пермский Успенский женский монастырь ,58.004234936841,56.204812305557,/upload/iblock/214/214366325609708c45798d5a0da01df8/monv.jpg,1153,/monastyri/monastery/permskiy-uspenskiy-zhenskiy-monastyr-/,"{'eparhia': None, 'mitropolia': None, 'boss': None, 'type': 'Епархиальные монастыри Русской Православной Церкви', 'founded': '1873'}",,,,,
Перынский Рождества Богородицы скит Свято-Юрьева мужского монастыря,58.47303611191,31.274518925934,/upload/iblock/234/234134b7bd3659579509dc6e8d38363c/Ee3AEQOEY_M.jpg,488,/monastyri/monastery/perynskiy-rozhdestva-bogoroditsy-skit-svyato-yureva-muzhskogo-monastyrya/,"{'eparhia': None, 'mitropolia': None, 'boss': None, 'type': 'скит епархиального монастыря', 'founded': ''}",,,,,
Петро-Павловский мужской монастырь   с. Боканча Бельцко-Фалештской епархии,47.511218865612,28.136318822754,/upload/iblock/c0f/1.jpg,1125,/monastyri/monastery/petro-pavlovskiy-muzhskoy-monastyr-s-bokancha-beltsko-faleshtskoy-eparkhii/,"{'eparhia': None, 'mitropolia': None, 'boss': None, 'type': 'Монастыри Православной Церкви Молдовы', 'founded': '1869'}",,,,,
Петровский мужской монастырь г. Ростова Великого,57.202197240431,39.460156907716,/upload/iblock/826/8269aa709db2778228b250e78824d338/8.jpg,197,/monastyri/monastery/petrovskiy-muzhskoy-monastyr-g-rostova-velikogo/,"{'eparhia': None, 'mitropolia': None, 'boss': None, 'type': 'Епархиальные монастыри Русской Православной Церкви', 'founded': '13'}",,,,,
Петрозаводское подворье Корнилие-Палеостровского мужского монастыря,61.769134715137,34.393948959,/upload/iblock/f41/f41ba71ad96e3403886437c9f5f840bc/A9sdrvHjchE.jpg,694,/monastyri/monastery/petrozavodskoe-podvore-kornilie-paleostrovskogo-muzhskogo-monastyrya/,"{'eparhia': None, 'mitropolia': None, 'boss': None, 'type': 'подворье епархиального монастыря', 'founded': '2011'}",,,,,
Петропавловский  мужской монастырь Раненбургская пустынь,53.262682414387,39.996683403164,/upload/iblock/4b7/4b730a86d5c1e5ffafb5038cfab60cb6/32.jpg,317,/monastyri/monastery/petropavlovskiy-muzhskoy-monastyr-ranenburgskaya-pustyn/,"{'eparhia': None, 'mitropolia': None, 'boss': None, 'type': 'Епархиальные монастыри Русской Православной Церкви', 'founded': '1711'}",,,,,
"Петропавловский женский монастырь г. Павлодар , Павлодарской епархии",52.396991374572,76.850802584656,/upload/iblock/e1b/IMG_4394-_1_.jpg,2552,/monastyri/monastery/petropavlovskiy-zhenskiy-monastyr-g-pavlodar-pavlodarskoy-eparkhii/,"{'eparhia': None, 'mitropolia': None, 'boss': None, 'type': 'Монастыри Митрополичьего округа Русской Православной Церкви в республике Казахстан', 'founded': '1998'}",,,,,
Петропавловский мужской монастырь Владимир-Волынской епархии,51.487228,23.855471,/upload/iblock/970/gw8027fif7mycgl1vkj38p5kp4c7bw91/01.jpg,1022,/monastyri/monastery/petropavlovskiy-muzhskoy-monastyr-vladimir-volynskoy-eparkhii/,"{'eparhia': None, 'mitropolia': None, 'boss': None, 'type': 'Монастыри УПЦ МП', 'founded': '2006'}",,,,,
Печорский Скоропослушнический женский монастырь ,65.139238578756,57.225513332016,/upload/iblock/22b/22b5d681dd763c8515d8818fd5551d87/mon.jpg,1487,/monastyri/monastery/pechorskiy-skoroposlushnicheskiy-zhenskiy-monastyr-/,"{'eparhia': None, 'mitropolia': None, 'boss': None, 'type': 'Епархиальные монастыри Русской Православной Церкви', 'founded': '1992'}",,,,,
Подворье Данилова монастыря ﻿во имя преподобного Сергия Радонежского,54.062613,40.858522,/upload/iblock/56b/56b24de3c986b3edc8391b7aa6469d6b/IMG_1954.jpg,280,/monastyri/monastery/podvore-danilova-monastyrya-vo-imya-prepodobnogo-sergiya-radonezhskogo/,"{'eparhia': None, 'mitropolia': None, 'boss': None, 'type': 'скит ставропигиального монастыря', 'founded': '1992'}",,,,,
Подворье  Успенского Тадулинского женского монастыря в д. Берники,55.167699503431,30.385690686508,/upload/iblock/152/152415580a9776956841f5d0cb12e945/11.jpg,461,/monastyri/monastery/podvore-uspenskogo-tadulinskogo-zhenskogo-monastyrya-v-d-berniki/,"{'eparhia': None, 'mitropolia': None, 'boss': None, 'type': 'подворье епархиального монастыря', 'founded': '2011'}",,,,,
Подворье Александро-Невского Ново-Тихвинского женского монастыря во имя Всемилостивого Спаса и Пресвятой Богородицы,56.74247070943,60.611006323467,/upload/iblock/760/012.jpg,1418,/monastyri/monastery/podvore-aleksandro-nevskogo-novo-tikhvinskogo-zhenskogo-monastyryav-chest-vsemilostivogo-spasa-i-pre/,"{'eparhia': None, 'mitropolia': None, 'boss': None, 'type': 'подворье епархиального монастыря', 'founded': ''}",,,,,
Подворье Архангло-Михайловского женского монастыря  Харьковской епархии,48.955945208907,36.337851670821,/upload/iblock/bc4/j4cs713vzw1ws1d7swert50h7ha5f2bz/22.jpg,762,/monastyri/monastery/podvore-arkhanglo-mikhaylovskogo-zhenskogo-monastyrya-kharkovskoy-eparkhii/,"{'eparhia': None, 'mitropolia': None, 'boss': None, 'type': 'подворье епархиального монастыря', 'founded': ''}",,,,,
Подворье Богородице-Рождественского женского монастыря в селе Федоровское,56.145127915357,35.758230065062,/upload/iblock/5a2/monasterium.ru_01.jpg,124,/monastyri/monastery/podvore-v-sele-fedorovskoe/,"{'eparhia': None, 'mitropolia': None, 'boss': None, 'type': 'подворье ставропигиального монастыря', 'founded': ''}",,,,,
Подворье Борисоглебского Аносина ставропигиального женского монастыря «Свято-Успенский женский скит»,53.827501267934,38.547798988463,/upload/iblock/61f/700d4r2n1yftlz32zdjw5gu8h3376265/EPIFAN-USPENSKIY-SKIT.jpg,223,/monastyri/monastery/podvore-borisoglebskogo-anosina-stavropigialnogo-zhenskogo-monastyrya-svyato-uspenskiy-zhenskiy-skit/,"{'eparhia': None, 'mitropolia': None, 'boss': None, 'type': 'подворье ставропигиального монастыря', 'founded': ''}",,,,,
Подворье Борисоглебского монастыря в  селе Никола Бой,57.394206035154,39.294612677246,/upload/iblock/a7b/a7b27800eb3f5c6ccf6db9eff59353b5/YwXysMXHt6o.jpg,210,/monastyri/monastery/podvore-borisoglebskogo-monastyrya-v-sele-nikola-boy/,"{'eparhia': None, 'mitropolia': None, 'boss': None, 'type': 'подворье епархиального монастыря', 'founded': '15'}",,,,,
Подворье Борисоглебского монастыря с. Святогорово,56.403278444821,37.823369560852,,74,/monastyri/monastery/podvore-borisoglebskogo-monastyrya-s-svyatogorovo/,"{'eparhia': None, 'mitropolia': None, 'boss': None, 'type': 'подворье епархиального монастыря', 'founded': ''}",,,,,
Подворье в честь апостола и евангелиста Иоанна Богослова Михайловского женского монастыря Бердянской епархии  ,47.138491523314,36.456688852914,,962,/monastyri/monastery/podvore-v-chest-apostola-i-evangelista-ioanna-bogoslova-mikhaylovskogo-zhenskogo-monastyrya-berdyans/,"{'eparhia': None, 'mitropolia': None, 'boss': None, 'type': 'подворье епархиального монастыря', 'founded': ''}",,,,,
Подворье в честь Владимирской иконы Божией Матери Свято-Успенской Святогорской Лавры Донецкой епархии,48.923225,37.455214,/upload/iblock/c1d/9o4y5kvlwcosd9q61543oszu4wdn29j0/01.jpg,760,/monastyri/monastery/podvore-v-chest-vladimirskoy-ikony-bozhiey-materi-svyato-uspenskoy-svyatogorskoy-lavry-donetskoy-epa/,"{'eparhia': None, 'mitropolia': None, 'boss': None, 'type': 'подворье епархиального монастыря', 'founded': '2013'}",,,,,
Подворье в честь прав. Иоанна Русского Георгиевского Городницкого ставропигиального мужского монастыря Киевской епархии ,50.598219,27.655453,,876,/monastyri/monastery/podvore-v-chest-prav-ioanna-russkogo-georgievskogo-gorodnitskogo-stavropigialnogo-muzhskogo-monastyr/,"{'eparhia': None, 'mitropolia': None, 'boss': None, 'type': 'подворье ставропигиального монастыря', 'founded': '2015'}",,,,,
Подворье в честь святителя Феодосия Черниговского Свято-Успенской Святогорской Лавры Донецкой епархии,49.306804181095,38.018927022843,/upload/iblock/4b3/rybs6mpz8z6mra4bp2k9erhcetsstyk3/00.jpg,718,/monastyri/monastery/podvore-v-chest-svyatitelya-feodosiya-chernigovskogo-svyato-uspenskoy-svyatogorskoy-lavry-donetskoy-/,"{'eparhia': None, 'mitropolia': None, 'boss': None, 'type': 'подворье епархиального монастыря', 'founded': '2008'}",,,,,
Подворье Варсонофиевского женского монастырья в с. п. Зубова Поляна,54.049439910274,42.834164452275,,384,/monastyri/monastery/podvore-varsonofievskogo-zhenskogo-monastyrya-v-s-p-zubova-polyana/,"{'eparhia': None, 'mitropolia': None, 'boss': None, 'type': 'подворье епархиального монастыря', 'founded': ''}",,,,,
Подворье Варсонофиевского женского монастырья в с.Покассы,53.944599310819,43.02628667245,/upload/iblock/bca/bca4a5bd2ff69138bda42cde69d62f7b/p1.jpg,401,/monastyri/monastery/podvore-varsonofievskogo-zhenskogo-monastyrya-v-s-pokassy/,"{'eparhia': None, 'mitropolia': None, 'boss': None, 'type': 'подворье епархиального монастыря', 'founded': '1997'}",,,,,
Подворье Введенской Островной пустыни ,56.038673632256,39.709385386121,/upload/iblock/af9/af99cacd239420f55a08facf1817f38b/0qQXqCAXzwU.jpg,135,/monastyri/monastery/podvore-vvedenskoy-ostrovnoy-pustyni-/,"{'eparhia': None, 'mitropolia': None, 'boss': None, 'type': 'подворье епархиального монастыря', 'founded': '1996'}",,,,,
Подворье великомученика Феодора Стратилата мужского монастыря  «Ай-Тодор»  с. Малое Садовое,44.637880126135,33.826488362382,/upload/iblock/6d5/me7fhzsgqui27nv8cubj79rmif3sqavm/foto-otsutstvuet.jpg,1265,/monastyri/monastery/podvore-velikomuchenika-feodora-stratilata-muzhskogo-monastyrya-ay-todor-s-maloe-sadovoe/,"{'eparhia': None, 'mitropolia': None, 'boss': None, 'type': 'подворье епархиального монастыря', 'founded': ''}",,,,,
Подворье Вознесенской Давидовой пустыни в с. Талеж.,55.082684669865,37.701921132324,/upload/iblock/161/161604e3b793a6104e2f0100c7a21823/3.jpg,76,/monastyri/monastery/podvore-voznesenskoy-davidovoy-pustyni-v-s-talezh/,"{'eparhia': None, 'mitropolia': None, 'boss': None, 'type': 'подворье епархиального монастыря', 'founded': ''}",,,,,
Подворье Воскресенского Белогорского монастыря. Храм в честь Рождества Пресвятой Богородицы.,50.552248,39.914989,/upload/iblock/bf6/002.jpg,599,/monastyri/monastery/podvore-voskresenskogo-belogorskogo-monastyrya-khram-v-chest-rozhdestva-presvyatoy-bogoroditsy/,"{'eparhia': None, 'mitropolia': None, 'boss': None, 'type': 'подворье епархиального монастыря', 'founded': '1860'}",,,,,
Подворье Воскресенского Белогорского монастыря.Храм в честь Пресвятой Живоначальной Троицы.,50.491771165562,40.006141211462,/upload/iblock/eab/003.jpg,607,/monastyri/monastery/khram-v-chest-presvyatoy-troitsy-podvore-voskresenskogo-belogorskogo-monastyrya/,"{'eparhia': None, 'mitropolia': None, 'boss': None, 'type': 'подворье епархиального монастыря', 'founded': '1793'}",,,,,
Подворье Вотчинского Стефано-Афанасьевского женского монастыря с Куниб,61.120025717369,50.264520671997,/upload/iblock/367/3672a75a18d5f510c2c1b3ab6b353519/3.jpg,945,/monastyri/monastery/podvore-votchinskogo-stefano-afanasevskogo-zhenskogo-monastyrya-s-kunib/,"{'eparhia': None, 'mitropolia': None, 'boss': None, 'type': 'подворье епархиального монастыря', 'founded': ''}",,,,,
Подворье Вотчинского Стефано-Афанасьевского женского монастыря с Первомайское,61.116937737447,50.276944173086,,946,/monastyri/monastery/podvore-votchinskogo-stefano-afanasevskogo-zhenskogo-monastyrya-s-pervomayskoe/,"{'eparhia': None, 'mitropolia': None, 'boss': None, 'type': 'подворье епархиального монастыря', 'founded': ''}",,,,,
Подворье Выксунского Иверского женского монастыря. Храм Живоначальной Троицы с. Полдеревка,55.21148423913,42.554074336943,/upload/iblock/1cf/3-.jpg,317,/monastyri/monastery/khram-zhivonachalnoy-troitsy/,"{'eparhia': None, 'mitropolia': None, 'boss': None, 'type': 'подворье епархиального монастыря', 'founded': ''}",,,,,
Подворье Гомельского Никольского мужского монастыря в н/п Терюха в честь иконы Божией Матери «Смоленской» Одигитрии,52.200844,31.004879,/upload/iblock/d80/d80cbc6b1468e178d4be6df02b936c78/23585fe6d736e8936aa9c9b1ee719a1d.jpg,586,/monastyri/monastery/podvore-gomelskogo-nikolskogo-muzhskogo-monastyrya-v-n-p-teryukha-v-chest-ikony-bozhiey-materi-smole/,"{'eparhia': None, 'mitropolia': None, 'boss': None, 'type': 'подворье епархиального монастыря', 'founded': '2002'}",,,,,
Подворье  Данилова ставропигиального мужского монастыря в честь иконы Божией Матери  «Всецарица»,55.77856297951,36.274991910891,/upload/iblock/b2b/b2b3e84131119367e198bd3b6f54f54a/WhatsApp_Image_2018_02_28_at_10.28.05_e1519895316242.jpeg,85,/monastyri/monastery/podvore-danilova-stavropigialnogo-muzhskogo-monastyrya-v-chest-ikony-bozhiey-materi-vsetsaritsa/,"{'eparhia': None, 'mitropolia': None, 'boss': None, 'type': 'скит ставропигиального монастыря', 'founded': '2015'}",,,,,
Подворье Донского ставропигиального мужского монастыря при храме Вознесения Господня в с. Князево,53.739011262436,39.371022280396,/upload/iblock/f54/f549dac466677952bdac908dbaa7f03f/hram_knyazevo.jpg,251,/monastyri/monastery/podvore-donskogo-stavropigialnogo-muzhskogo-monastyrya-pri-khrame-vozneseniya-gospodnya-v-s-knyazevo/,"{'eparhia': None, 'mitropolia': None, 'boss': None, 'type': 'подворье ставропигиального монастыря', 'founded': ''}",,,,,
Подворье женского монастыря в честь    царственной страстотерпицы великой княжны Ольги Луганской епархии  в с.Красное,48.369103244326,39.500014626797,/upload/iblock/903/htx4qjn31nfow15e9t23u390schxm7t2/14g.obshhij_vid_s_gory.jpg,832,/monastyri/monastery/podvore-zhenskogo-monastyrya-v-chest-tsarstvennoy-strastoterpitsy-velikoy-knyazhny-olgi-luganskoy-ep/,"{'eparhia': None, 'mitropolia': None, 'boss': None, 'type': 'скит епархиального монастыря', 'founded': ''}",,,,,
Подворье женского монастыря в честь   блаженной Ксении Петербургской  в д.Юзефово ,54.367371650104,28.559419148071,/upload/iblock/a17/a17b8d23985419472aebae425647c603/podvore.jpg,597,/monastyri/monastery/podvore-zhenskogo-monastyrya-v-chest-blazhennoy-ksenii-peterburgskoy-v-d-yuzefovo-/,"{'eparhia': None, 'mitropolia': None, 'boss': None, 'type': 'подворье епархиального монастыря', 'founded': '2015'}",,,,,
Подворье женского монастыря в честь иконы Божией Матери «Всецарица»,45.306724030846,39.325240432056,/upload/iblock/a2b/a2b6a5919b3065df60e37970685f87ee/content_image_280416228.851343.JPG,1169,/monastyri/monastery/podvore-zhenskogo-monastyrya-v-chest-ikony-bozhiey-materi-vsetsaritsa/,"{'eparhia': None, 'mitropolia': None, 'boss': None, 'type': 'подворье епархиального монастыря', 'founded': '2005'}",,,,,
Подворье Заиконоспасского монастыря в с.Кулово,54.701668200316,41.332548372525,/upload/iblock/cb1/cb164cea4374d7144a06fb6e96f81bcb/DSC00435.jpg,264,/monastyri/monastery/podvore-zaikonospasskogo-monastyrya-v-s-kulovo/,"{'eparhia': None, 'mitropolia': None, 'boss': None, 'type': 'подворье ставропигиального монастыря', 'founded': ''}",,,,,
Подворье Зачатьевского ставропигиального монастыря в Барвихе,55.743153992442,37.281752388621,/upload/iblock/b1b/monasterium.ru_01.jpg,22,/monastyri/monastery/podvore-monastyrya-v-barvikhe/,"{'eparhia': None, 'mitropolia': None, 'boss': None, 'type': 'подворье ставропигиального монастыря', 'founded': '1900'}",,,,,
Подворье Знаменского Ковровского женского монастыря  в с. Овсянникове,56.439456176848,41.738992669312,/upload/iblock/e66/e66e2c1694433ec75f85942e3782b0b2/podvore.jpg,267,/monastyri/monastery/podvore-znamenskogo-kovrovskogo-zhenskogo-monastyrya-v-s-ovsyannikove/,"{'eparhia': None, 'mitropolia': None, 'boss': None, 'type': 'подворье епархиального монастыря', 'founded': '2017'}",,,,,
Подворье Иверского женского монастыря г.Ростов-на-Дону в сл Петровка,47.481462749863,39.446312313492,/upload/iblock/248/248ef06c48d8cc5d19534254ae7d0a1d/DSCN6437_2015_12_29_13_07_33_m1.jpg,929,/monastyri/monastery/podvore-iverskogo-zhenskogo-monastyrya-g-rostov-na-donu-v-sl-petrovka/,"{'eparhia': None, 'mitropolia': None, 'boss': None, 'type': 'подворье епархиального монастыря', 'founded': '2012'}",,,,,
Подворье Инсарского Свято-Ольгинского женского монастыря в г.Ковылкино,54.033965044774,43.924880601852,/upload/iblock/705/7053092e1c73e7d6ea9e05eae681e977/6.jpg,447,/monastyri/monastery/podvore-insarskogo-svyato-olginskogo-zhenskogo-monastyrya-v-g-kovylkino/,"{'eparhia': None, 'mitropolia': None, 'boss': None, 'type': 'подворье епархиального монастыря', 'founded': ''}",,,,,
Подворье Иоанно-Предтеченского ставропигиального женского монастыря при храме прп. Сергия Радонежского на хуторе Чернецово в г. Долгопрудном ,55.919175017492,37.521172982803,/upload/iblock/f6a/d8ejrk2jxp3cy64xry9anf4js5wqijf3/Podvore-Ioanno_Predtechenskogo-mrn.-v-g.-Dolgoprudnom.png,20,/monastyri/monastery/podvore-ioanno-predtechenskogo-stavropigialnogo-zhenskogo-monastyrya-pri-khrame-prp-sergiya-radonezh/,"{'eparhia': None, 'mitropolia': None, 'boss': None, 'type': 'подворье ставропигиального монастыря', 'founded': '1890'}",,,,,
Подворье Константино-Еленинского монастыря в Санкт-Петербурге,59.913791139279,30.289900390213,/upload/iblock/6fa/pageimage.w250.169.jpg,634,/monastyri/monastery/podvore-konstantino-eleninskogo-monastyrya/,"{'eparhia': None, 'mitropolia': None, 'boss': None, 'type': 'подворье епархиального монастыря', 'founded': ''}",,,,,
Подворье Крестовоздвиженского Кылтовского женского монастыря в с. Серёгово,62.325127,50.712052,/upload/iblock/524/5243f045ba66f349d4e80cc0a228dc3f/VacCNacrV7Q.jpg,1043,/monastyri/monastery/podvore-krestovozdvizhenskogo-kyltovskogo-zhenskogo-monastyrya-v-s-seryegovo/,"{'eparhia': None, 'mitropolia': None, 'boss': None, 'type': 'подворье епархиального монастыря', 'founded': ''}",,,,,
Подворье Кунгурского Иоанно-Предтеченского женского монастыря в селе Колпашники.,57.322767293168,56.726870437392,/upload/iblock/fb5/fb5c9c71325dbc62b7da034358dcb71f/YKEWxG4awJc.jpg,1181,/monastyri/monastery/podvore-kungurskogo-ioanno-predtechenskogo-zhenskogo-monastyrya-v-sele-kolpashniki/,"{'eparhia': None, 'mitropolia': None, 'boss': None, 'type': 'подворье епархиального монастыря', 'founded': '2009'}",,,,,
Подворье Мангупского Благовещенского мужского монастыря   в с. Красный Мак,44.643484,33.780691,,1265,/monastyri/monastery/podvore-mangupskogo-blagoveshchenskogo-muzhskogo-monastyrya-v-s-krasnyy-mak/,"{'eparhia': None, 'mitropolia': None, 'boss': None, 'type': 'подворье епархиального монастыря', 'founded': ''}",,,,,
Подворье Марфо-Мариинского женского монастыря в с. Бровничи,43.284049220462,133.00853839353,/upload/iblock/fda/fdaec44fcfddb5b339f437fbda2faf45/podvore.JPG,6462,/monastyri/monastery/podvore-marfo-mariinskogo-zhenskogo-monastyrya-v-s-brovnichi/,"{'eparhia': None, 'mitropolia': None, 'boss': None, 'type': 'подворье епархиального монастыря', 'founded': ''}",,,,,
Подворье Минского Свято-Елисаветинского монастыря в деревне Лысая Гора ,54.177105183963,27.55006466019,/upload/iblock/51b/51ba5b1d212dfed42a0f9fb17d467d09/6E9HepV4MPQ.jpg,666,/monastyri/monastery/podvore-minskogo-svyato-elisavetinskogo-monastyrya-v-derevne-lysaya-gora-/,"{'eparhia': None, 'mitropolia': None, 'boss': None, 'type': 'подворье епархиального монастыря', 'founded': ''}",,,,,
Подворье Минского Свято-Елисаветинского монастыря в деревне Нелидовичи ,54.031470289114,27.505391785312,/upload/iblock/eee/eeee24ba759a0a45772a633d51c9ad01/1205.jpg,674,/monastyri/monastery/podvore-minskogo-svyato-elisavetinskogo-monastyrya-v-derevne-nelidovichi-/,"{'eparhia': None, 'mitropolia': None, 'boss': None, 'type': 'подворье епархиального монастыря', 'founded': '2011'}",,,,,
Подворье Михаило-Архангельского мужского  монастыря в дер. Верх-Чик,54.648073280161,81.935813826246,/upload/iblock/a2b/a2b3d7847557f24ede5b74f6d7ae28ad/Verkh_CHik_Vvedenskiy_khram_vnesh.jpg,2767,/monastyri/monastery/podvore-mikhailo-arkhangelskogo-muzhskogo-monastyrya-v-der-verkh-chik/,"{'eparhia': None, 'mitropolia': None, 'boss': None, 'type': 'подворье епархиального монастыря', 'founded': '1997'}",,,,,
Подворье Михаило-Архангельского мужского  монастыря в дер. Новый Шарап,54.413253529135,82.036294085838,/upload/iblock/2c1/2c1f52736b47f44e72b95610085aa998/SHarap_khram_Rozhdestva_KHristova_vnesh.jpg,2783,/monastyri/monastery/podvore-mikhailo-arkhangelskogo-muzhskogo-monastyrya-v-der-novyy-sharap/,"{'eparhia': None, 'mitropolia': None, 'boss': None, 'type': 'подворье епархиального монастыря', 'founded': '1999'}",,,,,
Подворье Михаило-Архангельского мужского  монастыря в с. Верх-Ирмень,54.579421399103,82.231825444335,/upload/iblock/966/966e6497f304c8e79ad1f36856f9c30c/Verkh_Irmen_khram_pror_Ilii_vnesh_avgust_2013g.jpg,2788,/monastyri/monastery/podvoremikhailo-arkhangelskogo-muzhskogo-monastyrya-v-s-verkh-irmen/,"{'eparhia': None, 'mitropolia': None, 'boss': None, 'type': 'подворье епархиального монастыря', 'founded': '1997'}",,,,,
Подворье Михаило-Архангельского мужского  монастыря в с. Красный Яр,54.453287756162,82.156332952636,/upload/iblock/1f3/1f382bbfa84f0a53c3be850708fd150b/Krasnyy_YAr_vnesh.jpg,2788,/monastyri/monastery/podvore-mikhailo-arkhangelskogo-muzhskogo-monastyrya-v-s-krasnyy-yar/,"{'eparhia': None, 'mitropolia': None, 'boss': None, 'type': 'подворье епархиального монастыря', 'founded': '1999'}",,,,,
Подворье Михаило-Архангельского мужского  монастыря в с. Петровское,54.531586949172,81.745538820384,/upload/iblock/cff/cffbdb2abd9786b27e03f65a21f01b14/iiiiii.jpg,2760,/monastyri/monastery/podvore-mikhailo-arkhangelskogo-muzhskogo-monastyrya-v-s-petrovskoe/,"{'eparhia': None, 'mitropolia': None, 'boss': None, 'type': 'подворье епархиального монастыря', 'founded': '1999'}",,,,,
Подворье монастыря св. Кукши в г.Орел,52.977881,36.060837,/upload/iblock/a31/a314b77d55a51939f85389ecead8d22e/podvore.jpg,325,/monastyri/monastery/podvore-monastyrya-sv-kukshi-v-g-orel/,"{'eparhia': None, 'mitropolia': None, 'boss': None, 'type': 'подворье епархиального монастыря', 'founded': ''}",,,,,
Подворье мужского монастыря иконы Пресвятой Богородицы «Всех скорбящих Радость» (Первейзе) в деревне Аякучо (Перу),-13.176312093053,-74.246480783001,/upload/iblock/2f2/2f2f4351903b091d47cca339109aedfc/peru1.jpg,12578,/monastyri/monastery/podvore-muzhskogo-monastyrya-ikony-presvyatoy-bogoroditsy-vsekh-skorbyashchikh-radost-perveyze-v-der/,"{'eparhia': None, 'mitropolia': None, 'boss': None, 'type': 'подворье епархиального монастыря', 'founded': ''}",,,,,
Подворье мужского монастыря мучеников и бессребреников Космы и Дамиана в пгт. Партенит,44.579308275552,34.344575866798,/upload/iblock/527/52727ebc7b444a80d0209fd5bcb7d910/001_10_1024x576.jpg,1265,/monastyri/monastery/podvore-muzhskogo-monastyrya-muchenikov-i-bessrebrenikov-kosmy-i-damiana-a-pgs-partenit/,"{'eparhia': None, 'mitropolia': None, 'boss': None, 'type': 'подворье епархиального монастыря', 'founded': ''}",,,,,
Подворье мужского монастыря Флорищева пустынь в с. Нуча,55.281257605117,43.170042363478,/upload/iblock/4f9/nucha.jpg,354,/monastyri/monastery/podvore-muzhskogo-monastyrya-florishcheva-pustyn-v-s-nucha/,"{'eparhia': None, 'mitropolia': None, 'boss': None, 'type': 'подворье епархиального монастыря', 'founded': '2018'}",,,,,
Подворье мужского ставропигиального монастыря в честь преподобного Паисия (Величковского) в с Гончарное,44.467891083339,33.697634879623,/upload/iblock/8ea/8ea94eb5c0e2a0d1deef2d791575ed37/135665138_hram.jpg,1286,/monastyri/monastery/podvore-muzhskogo-stavropigialnogo-monastyrya-v-chest-prepodobnogo-paisiya-velichkovskogo-v-s-goncha/,"{'eparhia': None, 'mitropolia': None, 'boss': None, 'type': 'подворье ставропигиального монастыря', 'founded': ''}",,,,,
"Подворье мужской пустыни во имя  преподобномучеников Серафима и Феогноста Алма-Атинских, г. Каскелен,Астанайской и Алма-Атинской епархии",43.197513364023,76.617974293021,,3091,/monastyri/monastery/podvore-muzhskoy-pustyni-vo-imya-prepodobnomuchenikov-serafima-i-feognosta-alma-atinskikh-g-kaskelen/,"{'eparhia': None, 'mitropolia': None, 'boss': None, 'type': 'подворье епархиального монастыря', 'founded': ''}",,,,,
Подворье Муромского Спасо-Преображенского монастыря в с. Малое Юрьево,55.583551,41.851038,/upload/iblock/d8e/d8e713b95ce9c63cc0574089d4afd843/shchpodvore.jpg,267,/monastyri/monastery/podvore-muromskogo-spaso-preobrazhenskogo-monastyrya-v-s-maloe-yurevo/,"{'eparhia': None, 'mitropolia': None, 'boss': None, 'type': 'подворье епархиального монастыря', 'founded': '1995'}",,,,,
Подворье Муромского Успенского мужского монастыря в Пудоже,61.797054709215,36.518885586847,/upload/iblock/662/6628f0b27a542c02fdf25b2959e0920f/LkIZp1J7B_A.jpg,675,/monastyri/monastery/podvore-muromskogo-uspenskogo-muzhskogo-monastyrya-v-pudozhe/,"{'eparhia': None, 'mitropolia': None, 'boss': None, 'type': 'подворье епархиального монастыря', 'founded': ''}",,,,,
Подворье Новодевичьего ставропигиального женского монастыря г. Москвы,55.345226968335,38.01757414418,/upload/iblock/212/4qp42jtj550j8hh9kz7hw6ghibkwratu/domodedovo.jpg,53,/monastyri/monastery/podvore-novodevichego-stavropigialnogo-zhenskogo-monastyrya-g-moskvy/,"{'eparhia': None, 'mitropolia': None, 'boss': None, 'type': 'подворье ставропигиального монастыря', 'founded': '1792'}",,,,,
Подворье Новоспасского   монастыря в  Милюково ,55.52900399541,37.132625522354,/upload/iblock/8bf/milyukovo_podvore_novospasskogo_monastyrya.jpg,40,/monastyri/monastery/podvore-novospasskogo-monastyrya-v-milyukovo-/,"{'eparhia': None, 'mitropolia': None, 'boss': None, 'type': 'подворье ставропигиального монастыря', 'founded': '1998'}",,,,,
Подворье Новоспасского монастыря в Дураково,54.963985159412,36.689260223568,/upload/iblock/11c/durakovo_podvore_novospasskogo_monastyrya_tsentr_reabilitatsii_narkomanov_i_alkogolikov.jpg,106,/monastyri/monastery/durakovo-podvore/,"{'eparhia': None, 'mitropolia': None, 'boss': None, 'type': 'подворье ставропигиального монастыря', 'founded': ''}",,,,,
Подворье Орловского Введенского женского монастыря д. Ивановка,52.826951,36.227959,,338,/monastyri/monastery/podvore-orlovskogo-vvedenskogo-zhenskogo-monastyrya-d-ivanovka/,"{'eparhia': None, 'mitropolia': None, 'boss': None, 'type': 'подворье епархиального монастыря', 'founded': ''}",,,,,
Подворье Переславского Никольского женского монастыря в с.Годеново.,56.975982651667,39.45651214946,/upload/iblock/41a/009.jpg,177,/monastyri/monastery/podvore-pereslavskogo-nikolskogo-zhenskogo-monastyrya-v-s-godenovo/,"{'eparhia': None, 'mitropolia': None, 'boss': None, 'type': 'подворье епархиального монастыря', 'founded': ''}",,,,,
Подворье Пермского Успенского женского монастыря в с. Кольцово,57.813687202962,56.463440145508,/upload/iblock/58e/58eab43f538884a7620777447515f9c6/46b3a8_4bd077c384a540cc99cc1d356d30cf37_mv2_d_6016_4000_s_4_2.jpg,1167,/monastyri/monastery/podvore-permskogo-uspenskogo-zhenskogo-monastyrya-v-s-koltsovo/,"{'eparhia': None, 'mitropolia': None, 'boss': None, 'type': 'подворье епархиального монастыря', 'founded': '1994'}",,,,,
Подворье Покрово-Тервенического монастыря ,60.778784645796,33.319256042328,/upload/iblock/c41/c4103fc9e22c710e25df642e420dd41a/podvorie_svirsk_01.jpg,613,/monastyri/monastery/podvore-pokrovo-tervenicheskogo-monastyrya-/,"{'eparhia': None, 'mitropolia': None, 'boss': None, 'type': 'подворье епархиального монастыря', 'founded': ''}",,,,,
Подворье Покровского женского монастыря в селе Марково,55.455339417893,38.237120423278,/upload/iblock/c19/c19d6cb203ac4e1f7358b2493dad46dc/08_podvore-v-s.-Markovo.jpg,52,/monastyri/monastery/podvore-pokrovskogo-zhenskogo-monastyrya-v-sele-markovo/,"{'eparhia': None, 'mitropolia': None, 'boss': None, 'type': 'подворье ставропигиального монастыря', 'founded': '1998'}",,,,,
Подворье Покровского мужского монастыря в честь иконы Божией Матери «Неупиваемая Чаша» в г. Салавате,53.365516546734,55.954851720706,/upload/iblock/403/403aef931e2fe453b64d9d0245420b5c/20170316_1609401.jpg,1208,/monastyri/monastery/podvore-pokrovskogo-muzhskogo-monastyrya-v-chest-ikony-bozhiey-materi-neupivaemaya-chasha-v-g-salava/,"{'eparhia': None, 'mitropolia': None, 'boss': None, 'type': 'подворье епархиального монастыря', 'founded': '2007'}",,,,,
Подворье Покровского ставропигиального женского монастыря в Троице-Лыково,55.790323105284,37.405772578293,/upload/iblock/3b5/monasterium.ru_00.jpg,14,/monastyri/monastery/podvore-v-troitse-lykovo/,"{'eparhia': None, 'mitropolia': None, 'boss': None, 'type': 'подворье ставропигиального монастыря', 'founded': '2013'}",,,,,
Подворье Покровского Хотькова ставропигиального женского монастыря «Женский скит Покрова на Колпи»,55.914716356505,41.59079051588,/upload/iblock/d8b/34n2tkct2qw11qov4090plcy8q0urf1g/Matveevka-_ZHenskiy-skit-Pokrova-na-Kolpi.jpg,249,/monastyri/monastery/podvore-pokrovskogo-khotkova-stavropigialnogo-zhenskogo-monastyrya-zhenskiy-skit-pokrova-na-kolpi/,"{'eparhia': None, 'mitropolia': None, 'boss': None, 'type': 'подворье ставропигиального монастыря', 'founded': '2020'}",,,,,
Подворье Преображенского храма Приволжского Никольского женского монастыря,57.462513039342,41.496675821444,/upload/iblock/02c/02c1ed96daaf1128cddde8f502f15f7c/i_17486_150x150.png,304,/monastyri/monastery/podvore-preobrazhenskogo-khrama-privolzhskogo-nikolskogo-zhenskogo-monastyrya/,"{'eparhia': None, 'mitropolia': None, 'boss': None, 'type': 'подворье епархиального монастыря', 'founded': '2007'}",,,,,
Подворье Раифского Богородицкого монастыря с. Ильинское,55.881470995521,48.675325577218,/upload/iblock/7ee/7ee46c23d6339a3188e643ae9d5847e7/1_a_17860300926.jpg,691,/monastyri/monastery/podvore-raifskogo-bogoroditskogo-monastyrya-s-ilinskoe/,"{'eparhia': None, 'mitropolia': None, 'boss': None, 'type': 'подворье епархиального монастыря', 'founded': ''}",,,,,
Подворье Свято-Никольского мужского монастыря г.Саратова в с.Елшанка,51.816300892203,46.402258771164,/upload/iblock/575/575c76b01ee9af28ddebea4d050af796/hram_elshanka_01.jpg,724,/monastyri/monastery/podvore-svyato-nikolskogo-muzhskogo-monastyrya-g-saratova-v-s-elshanka/,"{'eparhia': None, 'mitropolia': None, 'boss': None, 'type': 'подворье епархиального монастыря', 'founded': '2018'}",,,,,
Подворье Свято - Николаевского монастыря Путимка в честь Святителя Николая Чудотворца ,58.803868784512,60.986572917999,/upload/iblock/4b6/007.jpg,1437,/monastyri/monastery/podvore-monastyrya-putimka-v-chest-svyatitelya-nikolaya-chudotvortsa-/,"{'eparhia': None, 'mitropolia': None, 'boss': None, 'type': 'подворье епархиального монастыря', 'founded': ''}",,,,,
Подворье Свято-Варсонофиевского женского монастыря села Покровские Селищи в честь иконы Божией Матери «Живоносный Источник» в с. Журавкино,54.13226901185,42.592157026694,/upload/iblock/097/0978744515488b7fae753ccaa22ccf10/cropped_3.jpg,366,/monastyri/monastery/podvore-svyato-varsonofievskogo-zhenskogo-monastyrya-sela-pokrovskie-selishchi-v-chest-ikony-bozhiey/,"{'eparhia': None, 'mitropolia': None, 'boss': None, 'type': 'подворье епархиального монастыря', 'founded': '2000'}",,,,,
Подворье Свято-Елисаветинского монастыря в честь иконы Божьей Матери « Утоли моя печали» ,54.744845900482,20.461143805557,/upload/iblock/1f8/1f82e738ec2e19806a02a01b1973a59a/5_podvore.png,1091,/monastyri/monastery/podvore-svyato-elisavetinskogo-monastyrya-v-chest-ikony-bozhey-materi-utoli-moya-pechali-/,"{'eparhia': None, 'mitropolia': None, 'boss': None, 'type': 'подворье епархиального монастыря', 'founded': ''}",,,,,
Подворье Свято-Никольского Черноостровского женского монастыря в г. Малоярославце при бывшем Успенском Шаровкином монастыре в с. Ильинское,54.202791023842,36.079998866927,/upload/iblock/848/848eb0d8555075c4d1617512ad090c19/main_top_big_678x381.jpg,199,/monastyri/monastery/podvore-svyato-nikolskogo-chernoostrovskogo-zhenskogo-monastyrya-v-g-maloyaroslavtse-pri-byvshem-usp/,"{'eparhia': None, 'mitropolia': None, 'boss': None, 'type': 'подворье епархиального монастыря', 'founded': '0'}",,,,,
Подворье Свято-Сергиевского женского монастыря с. Алексеевка в с. Ивановка Базарно-Карабулакского р-на ,52.144283251363,46.25580011377,/upload/iblock/fdb/fdb37c7aa8c5196aeb6ace2073b3c2d4/DSC05054.jpg,693,/monastyri/monastery/podvore-svyato-sergievskogo-zhenskogo-monastyrya-s-alekseevka-v-s-ivanovka-bazarno-karabulakskogo-r-/,"{'eparhia': None, 'mitropolia': None, 'boss': None, 'type': 'подворье епархиального монастыря', 'founded': '2012'}",,,,,
Подворье Свято-Троицкого Антониево-Сийского мужского монастыря в Санкт-Петербурге,60.037135959512,30.390076240526,/upload/iblock/c01/c01354c8f5f10d3fb37467933353fd2a/255.JPG,639,/monastyri/monastery/podvore-svyato-troitskogo-antonievo-siyskogo-muzhskogo-monastyrya-v-sankt-peterburge/,"{'eparhia': None, 'mitropolia': None, 'boss': None, 'type': 'подворье епархиального монастыря', 'founded': ''}",,,,,
Подворье Свято-Троицкого женского монастыря города Муромав честь Муромской иконы Божией Матери близ села Мишино,55.498275255264,42.001539046353,/upload/iblock/3cf/3cf971b5214cb475b6a9524becd04b37/yuyu.jpg,277,/monastyri/monastery/podvore-svyato-troitskogo-zhenskogo-monastyrya-goroda-muromav-chest-muromskoy-ikony-bozhiey-materi-b/,"{'eparhia': None, 'mitropolia': None, 'boss': None, 'type': 'подворье епархиального монастыря', 'founded': '1992'}",,,,,
Подворье Свято-Троицкого Серафимо-Дивеевского женского монастыря в г.Среднеуральске,57.04065,60.499713,/upload/iblock/b11/271ygl96ol416e4wejm5z58etnlo8ext/46077_20151129_122014_1_.jpg,1409,/monastyri/monastery/podvore-svyato-troitskogo-serafimo-diveevskogo-zhenskogo-monastyrya-v-g-sredneuralske/,"{'eparhia': None, 'mitropolia': None, 'boss': None, 'type': 'подворье епархиального монастыря', 'founded': '2023'}",,,,,
Подворье Свято-Успенского Трифонова монастыря села Великорецкое. ,58.89345520896,49.049367068787,/upload/iblock/55f/55f9eaea7e77ce5232024928396b473f/podvore.jpg,769,/monastyri/monastery/podvore-svyato-uspenskogo-trifonova-monastyrya-sela-velikoretskoe-/,"{'eparhia': None, 'mitropolia': None, 'boss': None, 'type': 'подворье епархиального монастыря', 'founded': ''}",,,,,
Подворье Свято–Михайло-Афонской Закубанской пустыни в с.Береговое г.Геленджик.,44.422573,38.36362,/upload/iblock/d1d/d1da855f66cc3378c51eaa0446708173/6.jpg,1262,/monastyri/monastery/podvore-svyato-mikhaylo-afonskoy-zakubanskoy-pustyni-v-s-beregovoe-g-gelendzhik/,"{'eparhia': None, 'mitropolia': None, 'boss': None, 'type': 'подворье епархиального монастыря', 'founded': '2006'}",,,,,
"Подворье Свято–Михайло-Афонской Закубанской пустыни в честь  мучеников Гурия, Самона и Авива  в п. Хамышки.",44.091445,40.137971,/upload/iblock/ebb/ebb798f47cf6e45d37a2d7b634f6e1de/small_hram_sviatyh_muchenikov_Guriya_Samona_Aviva_04.jpg,1310,/monastyri/monastery/podvore-svyato-mikhaylo-afonskoy-zakubanskoy-pustyni-v-chest-muchenikov-guriya-samona-i-aviva-v-p-kh/,"{'eparhia': None, 'mitropolia': None, 'boss': None, 'type': 'подворье епархиального монастыря', 'founded': ''}",,,,,
"Подворье святых мучениц Веры, Надежды, Любови и матери их Софии мужского монастыря в честь Святых Царственных страстотерпцев Белоцерковской епархии ",49.562176,30.488978,,839,/monastyri/monastery/podvore-svyatykh-muchenits-very-nadezhdy-lyubovi-i-materi-ikh-sofii-muzhskogo-monastyrya-v-chest-svya/,"{'eparhia': None, 'mitropolia': None, 'boss': None, 'type': 'подворье епархиального монастыря', 'founded': ''}",,,,,
Подворье Слободского Христорождественского женского монастыря в селе Холуново,59.056454614637,50.118639763229,/upload/iblock/7e8/7e8a40b07b8124674d69fbffddecb9c7/podvore.jpg,833,/monastyri/monastery/podvore-slobodskogo-khristorozhdestvenskogo-zhenskogo-monastyrya-v-sele-kholunovo/,"{'eparhia': None, 'mitropolia': None, 'boss': None, 'type': 'подворье епархиального монастыря', 'founded': ''}",,,,,
 Подворье Спасо-Евфросиниевского ставропигиального  женского монастыря в деревне Захарничи ,55.545942881672,28.862695251252,/upload/iblock/ee5/ee553848feffe4e87edfd907bf999ae5/2.jpg,550,/monastyri/monastery/podvore-spaso-evfrosinievskogo-stavropigialnogo-zhenskogo-monastyrya-v-derevne-zakharnichi-/,"{'eparhia': None, 'mitropolia': None, 'boss': None, 'type': 'подворье ставропигиального монастыря', 'founded': ''}",,,,,
Подворье Спасо-Казанского женского монастыря в с. Михайловский погост,57.373789035534,28.16331090741,/upload/iblock/628/628de2620155c08c52f6593169b82754/pogost.jpg,606,/monastyri/monastery/podvore-spaso-kazanskogo-zhenskogo-monastyrya-v-s-mikhaylovskiy-pogost/,"{'eparhia': None, 'mitropolia': None, 'boss': None, 'type': 'подворье епархиального монастыря', 'founded': ''}",,,,,
Подворье Сызранского Вознесенского мужского  монастыря,53.046775976057,48.438726746033,/upload/iblock/e2a/e2a0f7499c13d2852289fb9a89989f41/C_h1phSrcKE.jpg,762,/monastyri/monastery/podvore-syzranskogo-voznesenskogo-muzhskogo-monastyrya/,"{'eparhia': None, 'mitropolia': None, 'boss': None, 'type': 'подворье епархиального монастыря', 'founded': '2007'}",,,,,
Подворье Тихвинского женского монастыря Днепропетровской епархии  в с. Кочережки,48.669500175004,35.669733472058,,799,/monastyri/monastery/podvore-tikhvinskogo-zhenskogo-monastyrya-dnepropetrovskoy-eparkhii-v-s-kocherezhki/,"{'eparhia': None, 'mitropolia': None, 'boss': None, 'type': 'подворье епархиального монастыря', 'founded': ''}",,,,,
Подворье Троицкого Чуфаровского  мужского монастыря в п.Ромоданов,54.421454828592,45.329737926789,/upload/iblock/de1/de162761f2f52c0fa75c6c8ebf108ee4/P1090894_1024x768.jpg,513,/monastyri/monastery/podvore-troitskogo-chufarovskogo-muzhskogo-monastyrya-v-p-romodanov/,"{'eparhia': None, 'mitropolia': None, 'boss': None, 'type': 'подворье епархиального монастыря', 'founded': '2012'}",,,,,
Подворье Успенского Вышенского монастыря Быкова гора,54.034614800442,42.063050703145,/upload/iblock/bb0/bb0f38fa9680afa731bc6d8c33baa373/rrrr.jpg,343,/monastyri/monastery/podvore-uspenskogo-vyshenskogo-monastyrya-bykova-gora/,"{'eparhia': None, 'mitropolia': None, 'boss': None, 'type': 'подворье епархиального монастыря', 'founded': '2004'}",,,,,
Подворье Успенского Святогорского мужского монастыря в Мехово,57.025308675824,28.886526388855,/upload/iblock/1d3/1d31d263d2ae49ae8fe3b7684828cb1c/podvore.jpg,556,/monastyri/monastery/podvore-uspenskogo-svyatogorskogo-muzhskogo-monastyrya-v-mekhovo/,"{'eparhia': None, 'mitropolia': None, 'boss': None, 'type': 'подворье епархиального монастыря', 'founded': ''}",,,,,
Подсобное хозяйство Успенского Святогорского мужского монастыря в местечке Подборье,57.033355486146,28.900678249738,/upload/iblock/e36/e3618532146a3c89a5b9770dc2ff7c77/IMG_1046.jpg,555,/monastyri/monastery/podsobnoe-khozyaystvo-uspenskogo-svyatogorskogo-muzhskogo-monastyrya-v-mestechke-podbore/,"{'eparhia': None, 'mitropolia': None, 'boss': None, 'type': 'подворье епархиального монастыря', 'founded': ''}",,,,,
Покрово-Тервенический  женский монастырь,60.319597930489,34.103693150787,/upload/iblock/e07/e07541b66a5ce607cb4bff08cc2ad015/01.jpg,548,/monastyri/monastery/pokrovo-tervenicheskiy-monastyr/,"{'eparhia': None, 'mitropolia': None, 'boss': None, 'type': 'Епархиальные монастыри Русской Православной Церкви', 'founded': '1991'}",,,,,
Покровский   скит Спасо-Преображенского Мгарского мужского  монастыря Полтавской епархии,50.034089,33.059832,/upload/iblock/ebc/udakaqzbm636o6ehytn32hf5ts9rgpl4/01.jpg,706,/monastyri/monastery/pokrovskiy-skit-spaso-preobrazhenskogo-mgarskogo-muzhskogo-monastyrya-poltavskoy-eparkhii/,"{'eparhia': None, 'mitropolia': None, 'boss': None, 'type': 'скит епархиального монастыря', 'founded': ''}",,,,,
Свято-Покровский Хотынский мужской монастырь Сарненской епархии,50.94757,26.858968,/upload/iblock/3d7/0i2p25m06ovnatr0k7l1tt6iyqtggpc9/00.jpg,891,/monastyri/monastery/svyato-pokrovskiy-khotynskiy-muzhskoy-monastyr-sarnenskoy-eparkhii/,"{'eparhia': None, 'mitropolia': None, 'boss': None, 'type': 'Монастыри УПЦ МП', 'founded': '2001'}",,,,,
Свято-Покровский Авраамиево-Городецкий мужской монастырь,58.814586137175,42.613715446005,/upload/iblock/acd/acd8bda8a1f4ca9255aab417b41334cf/1.jpg,454,/monastyri/monastery/svyato-pokrovskiy-avraamievo-gorodetskiy-muzhskoy-monastyr/,"{'eparhia': None, 'mitropolia': None, 'boss': None, 'type': 'Епархиальные монастыри Русской Православной Церкви', 'founded': '1350'}",,,,,
Покровский Александро-Невский женский монастырь р.п. Колывань,55.299633977718,82.732630296295,/upload/iblock/055/0553277bad57207b2c7eaf2bacc53f66/ssssss.png,2790,/monastyri/monastery/pokrovskiy-aleksandro-nevskiy-zhenskiy-monastyr-r-p-kolyvan/,"{'eparhia': None, 'mitropolia': None, 'boss': None, 'type': 'Епархиальные монастыри Русской Православной Церкви', 'founded': '1992'}",,,,,
Покровский Александро-Чагринский женский монастырь поселка Кировский ,52.688965,49.838529,/upload/iblock/804/i4ut2zyq01sfiowcgpjf0dd4q3bi8t2w/1.jpg,864,/monastyri/monastery/pokrovskiy-aleksandro-chagrinskiy-zhenskiy-monastyr-poselka-kirovskiy-/,"{'eparhia': None, 'mitropolia': None, 'boss': None, 'type': 'Епархиальные монастыри Русской Православной Церкви', 'founded': ''}",,,,,
Покровский Архангело-Михайловский женский монастырь Каменской епархии,48.522073,34.513512,/upload/iblock/372/evvha0pwjxm83bcauyja7pvyvv0aiu5f/NedavneeProshloe_0.gif,832,/monastyri/monastery/pokrovskiy-arkhangelo-mikhaylovskiy-zhenskiy-monastyr-kamenskoy-eparkhii/,"{'eparhia': None, 'mitropolia': None, 'boss': None, 'type': 'Монастыри УПЦ МП', 'founded': '1995'}",,,,,
Свято-Покровский Балтско-Феодосиевский мужской монастырь Балтской епархии,47.926781164205,29.625520738013,/upload/iblock/ac5/yucl89gyurvrmtn831o712bhtjq0m91x/00.jpg,1028,/monastyri/monastery/svyato-pokrovskiy-baltsko-feodosievskiy-muzhskoy-monastyr-baltskoy-eparkhii/,"{'eparhia': None, 'mitropolia': None, 'boss': None, 'type': 'Монастыри УПЦ МП', 'founded': '1907'}",,,,,
Покровский Верхнемакеевский мужской монастырь,49.162364179673,41.072698398811,/upload/iblock/e01/e01cbd1f0df8d67924b50bcb1cb33e6b/o.jpg,770,/monastyri/monastery/pokrovskiy-verkhnemakeevskiy-muzhskoy-monastyr/,"{'eparhia': None, 'mitropolia': None, 'boss': None, 'type': 'Епархиальные монастыри Русской Православной Церкви', 'founded': '2004'}",,,,,
Свято-Покровский  мужской монастырь с. Доброе,54.1824,36.324153,/upload/iblock/003/003972b1cf7c265012f9631e79022ee7/4.jpg,194,/monastyri/monastery/svyato-pokrovskiy-muzhskoy-monastyr-s-dobroe/,"{'eparhia': None, 'mitropolia': None, 'boss': None, 'type': 'Епархиальные монастыри Русской Православной Церкви', 'founded': '14'}",,,,,
"Покровский женский монастырь, с. Лукино",55.980345385749,43.602754669311,/upload/iblock/f7d/f7da3fd877ee7a62bfcfff8e76869c5a/Pokrovskiy_monastyr_s._Lukino.jpg,375,/monastyri/monastery/pokrovskiy-zhenskiy-monastyr-s-lukino/,"{'eparhia': None, 'mitropolia': None, 'boss': None, 'type': 'Епархиальные монастыри Русской Православной Церкви', 'founded': ''}",,,,,
Свято-Покровский женский монастырь г. Верхотурье,58.854926250308,60.812486357117,/upload/iblock/2b2/59.jpg,1428,/monastyri/monastery/svyato-pokrovskiy-zhenskiy-monastyr-g-verkhoture/,"{'eparhia': None, 'mitropolia': None, 'boss': None, 'type': 'Епархиальные монастыри Русской Православной Церкви', 'founded': '1621'}",,,,,
Свято-Покровский женский монастырь Горловской епархии,48.984673,37.792519,/upload/iblock/d34/2pcxzjgm0j1nqeji3117fgwhmb6sfdwk/00.jpg,754,/monastyri/monastery/svyato-pokrovskiy-zhenskiy-monastyr-gorlovskoy-eparkhii/,"{'eparhia': None, 'mitropolia': None, 'boss': None, 'type': 'Монастыри УПЦ МП', 'founded': '2016'}",,,,,
Свято-Покровский женский монастырь город Дустабад Ташкентской и Узбекистанской епархия,40.855427,68.933094,/upload/iblock/11a/11a446b191a538285ea78525accbd0ec/ppp.jpg,2809,/monastyri/monastery/svyato-pokrovskiy-zhenskiy-monastyr-gorod-dustabad-tashkentskoy-i-uzbekistanskoy-eparkhiya/,"{'eparhia': None, 'mitropolia': None, 'boss': None, 'type': 'Монастыри Среднеазиатского митрополичьего округа Русской Православной Церкви', 'founded': '1998'}",,,,,
Покровский женский монастырь Ивано-Франковской епархии,49.126783,24.769545,/upload/iblock/46c/k7wmxfooxoam0ji859hl0qf9kloj9059/00.jpg,1138,/monastyri/monastery/pokrovskiy-zhenskiy-monastyr-ivano-frankovskoy-eparkhii/,"{'eparhia': None, 'mitropolia': None, 'boss': None, 'type': 'Монастыри УПЦ МП', 'founded': '1995'}",,,,,
Свято-Покровский женский монастырь Киевской епархии,50.459029392632,30.493412279099,/upload/iblock/160/cklhct0ozbehbkaf5f8qhn2beu2h67zi/00.jpg,757,/monastyri/monastery/svyato-pokrovskiy-zhenskiy-monastyr-kievskoy-eparkhii/,"{'eparhia': None, 'mitropolia': None, 'boss': None, 'type': 'Монастыри УПЦ МП', 'founded': '1889'}",,,,,
Свято-Покровский женский монастырь Криворожской епархии,47.971776114675,33.431792235818,/upload/iblock/019/dvgjl62yq6oumlapacj00qezjthrk54a/00-_1_.jpg,912,/monastyri/monastery/svyato-pokrovskiy-zhenskiy-monastyr-krivorozhskoy-eparkhii/,"{'eparhia': None, 'mitropolia': None, 'boss': None, 'type': 'Монастыри УПЦ МП', 'founded': '1995'}",,,,,
Покровский женский монастырь Кэлинешты Бельцко-Фалештской епархии,47.576809788594,27.471033010498,,1146,/monastyri/monastery/pokrovskiy-zhenskiy-monastyr-kelineshty-beltsko-faleshtskoy-eparkhii/,"{'eparhia': None, 'mitropolia': None, 'boss': None, 'type': 'Монастыри Православной Церкви Молдовы', 'founded': '1774'}",,,,,
Свято-Покровский женский монастырь Ровенской епархии,50.587688108499,26.665373808839,/upload/iblock/f2b/o16j55n50g34hx2xwhlfqo0079v5jnal/00-_1_.jpg,928,/monastyri/monastery/svyato-pokrovskiy-zhenskiy-monastyr-rovenskoy-eparkhii/,"{'eparhia': None, 'mitropolia': None, 'boss': None, 'type': 'Монастыри УПЦ МП', 'founded': '1639'}",,,,,
Покровский женский монастырь с. Колчедан,56.366236410171,62.19027732209,/upload/iblock/ca6/ca6ef1a67779ddfe932b3878a19bdcc4/ee.jpg,1519,/monastyri/monastery/pokrovskiy-zhenskiy-monastyr-s-kolchedan/,"{'eparhia': None, 'mitropolia': None, 'boss': None, 'type': 'Епархиальные монастыри Русской Православной Церкви', 'founded': '1857'}",,,,,
Покровский женский монастырь с. Шаморга ,54.04452,42.032614,/upload/iblock/fa3/fa3b497c6d3964052e3fecae97d466b9/1.jpg,341,/monastyri/monastery/pokrovskiy-zhenskiy-monastyr-s-shamorga-/,"{'eparhia': None, 'mitropolia': None, 'boss': None, 'type': 'Епархиальные монастыри Русской Православной Церкви', 'founded': '2002'}",,,,,
Свято-Покровский женский монастырь Черновицко-Буковинской епархии,48.209340655069,26.031920129912,/upload/iblock/3e5/0wpycunph98mi6pqs949mrjm17vee5jv/00.jpg,1152,/monastyri/monastery/svyato-pokrovskiy-zhenskiy-monastyr-chernovitsko-bukovinskoy-eparkhii/,"{'eparhia': None, 'mitropolia': None, 'boss': None, 'type': 'Монастыри УПЦ МП', 'founded': '2011'}",,,,,
"Свято-Покровский женский монастырь, г. Хойники Туровской епархии",51.907289304295,29.975156131288,/upload/iblock/28a/28acb6b47fc9b71e2789c955668ae542/1.jpg,659,/monastyri/monastery/svyato-pokrovskiy-zhenskiy-monastyr-g-khoyniki-turovskoy-eparkhii/,"{'eparhia': None, 'mitropolia': None, 'boss': None, 'type': 'Монастыри Белорусской Православной Церкви', 'founded': '1705'}",,,,,
Покровский Косэуцкий мужской монастырь Кишиневской епархии,48.209093,28.244892,/upload/iblock/cf1/k9d1gfkx2hdkt2184flghkmgt3nee8dz/1.jpg,1055,/monastyri/monastery/pokrovskiy-koseutskiy-muzhskoy-monastyr-kishinevskoy-eparkhii/,"{'eparhia': None, 'mitropolia': None, 'boss': None, 'type': 'Монастыри Православной Церкви Молдовы', 'founded': '0'}",,,,,
Свято-Покровский Красногорский женский монастырь Черкасской епархии,49.705962062591,32.04749074177,/upload/iblock/868/x253nlpu0fxyxr1fhwu5lc0dl06a812j/00.jpg,770,/monastyri/monastery/svyato-pokrovskiy-krasnogorskiy-zhenskiy-monastyr-cherkasskoy-eparkhii/,"{'eparhia': None, 'mitropolia': None, 'boss': None, 'type': 'Монастыри УПЦ МП', 'founded': ''}",,,,,
Свято-Покровский монастырь Голосеевская пустынь Киевской епархии,50.377880079366,30.509474185181,/upload/iblock/55c/69kequwq0rx9ipe0m25ws6ipc363r1aa/000.jpg,763,/monastyri/monastery/svyato-pokrovskiy-monastyr-goloseevskaya-pustyn-kievskoy-eparkhii/,"{'eparhia': None, 'mitropolia': None, 'boss': None, 'type': 'Монастыри УПЦ МП', 'founded': ''}",,,,,
Покровский мужской монастырь  Херсонской епархии,46.735906536432,32.574378018675,/upload/iblock/96d/wl2xe9z36jdwaq23f42o66xj0uw2t5x5/2.jpg,1062,/monastyri/monastery/pokrovskiy-muzhskoy-monastyr-khersonskoy-eparkhii/,"{'eparhia': None, 'mitropolia': None, 'boss': None, 'type': 'Монастыри УПЦ МП', 'founded': '2009'}",,,,,
Покровский мужской монастырь в с. Дедово,53.03148884951,55.118181790255,/upload/iblock/465/465267454ba2eac7e69a846c1be51507/73524605_141442633893653_5199964970246209536_o.jpg,1170,/monastyri/monastery/pokrovskiy-muzhskoy-monastyr-v-s-dedovo/,"{'eparhia': None, 'mitropolia': None, 'boss': None, 'type': 'Епархиальные монастыри Русской Православной Церкви', 'founded': '1898'}",,,,,
Покровский мужской монастырь в с. Дракино,54.046573485782,43.259062059525,/upload/iblock/432/432adc076f11fb153000e29d037dd92d/EFA57AD6D5CE_15.jpg,408,/monastyri/monastery/pokrovskiy-muzhskoy-monastyr-v-s-drakino/,"{'eparhia': None, 'mitropolia': None, 'boss': None, 'type': 'Епархиальные монастыри Русской Православной Церкви', 'founded': '1998'}",,,,,
Свято-Покровский мужской монастырь Мукачевской епархии,48.711846249429,22.455851736274,/upload/iblock/c09/inidc1r2nsq2rpff5x4jvwb8t9rdly62/00.jpg,1292,/monastyri/monastery/svyato-pokrovskiy-muzhskoy-monastyr-mukachevskoy-eparkhii/,"{'eparhia': None, 'mitropolia': None, 'boss': None, 'type': 'Монастыри УПЦ МП', 'founded': '2006'}",,,,,
Свято-Покровский мужской монастырь с Ракошино  Мукачевской епархии,48.455187600456,22.591102662875,/upload/iblock/d0c/v8gs6p4q9zh9t2537wcfvokiftz74cih/07.jpg,1304,/monastyri/monastery/svyato-pokrovskiy-muzhskoy-monastyr-s-rakoshino-mukachevskoy-eparkhii/,"{'eparhia': None, 'mitropolia': None, 'boss': None, 'type': 'Монастыри УПЦ МП', 'founded': '2002'}",,,,,
Свято-Покровский мужской монастырь Сарненской епархии,51.380898,26.382856,/upload/iblock/aab/gch5sm0siqeh60c147qeacskjiuoff5i/00-_1_.jpg,886,/monastyri/monastery/svyato-pokrovskiy-muzhskoy-monastyr-sarnenskoy-eparkhii/,"{'eparhia': None, 'mitropolia': None, 'boss': None, 'type': 'Монастыри УПЦ МП', 'founded': '2002'}",,,,,
Покровский мужской монастырь Харьковской епархии,49.991432417342,36.228841163195,/upload/iblock/34a/2r41219vc5wwc95s8k90ugnr8hpmt0pa/2.jpg,648,/monastyri/monastery/pokrovskiy-muzhskoy-monastyr-kharkovskoy-eparkhii/,"{'eparhia': None, 'mitropolia': None, 'boss': None, 'type': 'Монастыри УПЦ МП', 'founded': '1726'}",,,,,
Покровский мужской скит Георгиевского мужского монастыря Хустской епархии ,48.200322,23.616384,/upload/iblock/fb0/eqni9hyq9ymz396h10l0agevp4986y9i/00-_1_.jpg,1271,/monastyri/monastery/pokrovskiy-muzhskoy-skit-georgievskogo-muzhskogo-monastyrya-khustskoy-eparkhii-/,"{'eparhia': None, 'mitropolia': None, 'boss': None, 'type': 'скит епархиального монастыря', 'founded': ''}",,,,,
Свято-Покровский мужской скит с  Кострино  Покровского мужского монастыря   с. Ракошино  Мукачевской епархии,48.941907009948,22.590099118862,/upload/iblock/22b/7pgdrnessuvxxe2chj16c39r0gbiyo90/00.jpg,1267,/monastyri/monastery/svyato-pokrovskiy-muzhskoy-skit-s-kostrino-pokrovskogo-muzhskogo-monastyrya-s-rakoshino-mukachevskoy/,"{'eparhia': None, 'mitropolia': None, 'boss': None, 'type': 'скит епархиального монастыря', 'founded': '2006'}",,,,,
Покровский скит села Боброво Рыльского Свято-Николаевского мужского монастыря,51.575548289842,34.542899459742,/upload/iblock/e3d/e3d41060d04c765015259fdefe99c87f/skit1.jpg,507,/monastyri/monastery/pokrovskiy-skit-sela-bobrovo-rylskogo-svyato-nikolaevskogo-muzhskogo-monastyrya/,"{'eparhia': None, 'mitropolia': None, 'boss': None, 'type': 'скит епархиального монастыря', 'founded': '1996'}",,,,,
Покровский скит Серафимо - Дивеевского монастыря в селе Канерга,55.0886989878,43.116762351898,/upload/iblock/02c/kenerga.jpg,355,/monastyri/monastery/pokrovskiy-skit-serafimo-diveevskogo-monastyrya-v-sele-kanerga/,"{'eparhia': None, 'mitropolia': None, 'boss': None, 'type': 'скит епархиального монастыря', 'founded': '1993'}",,,,,
Покровский ставропигиальный женский монастырь у Покровской заставы г. Москвы,55.737929455027,37.66992510015,/upload/iblock/434/monasterium.ru_00.jpg,4,/monastyri/monastery/pokrovskiy-stavropigialnyy-zhenskiy-monastyr-u-pokrovskoy-zastavy-g-moskvy/,"{'eparhia': None, 'mitropolia': None, 'boss': None, 'type': 'Ставропигиальные монастыри Русской Православной Церкви', 'founded': '1635'}",,,,,
Свято-Покровский Суздальский женский монастырь,56.429475891568,40.437206584656,/upload/iblock/88b/88b0674bbb1e883bfa92d9d0ddc553d5/09.jpg,191,/monastyri/monastery/svyato-pokrovskiy-suzdalskiy-zhenskiy-monastyr/,"{'eparhia': None, 'mitropolia': None, 'boss': None, 'type': 'Епархиальные монастыри Русской Православной Церкви', 'founded': '1364'}",,,,,
Покровский Хотьков ставропигиальный женский монастырь,56.251252845187,37.993740764182,/upload/iblock/5d2/5d2a36769dfeb18b0b50f54a6bb2efd7/Pokrovskiy-KHotkov-monastyr-vid.jpg,60,/monastyri/monastery/pokrovskiy-khotkov-stavropigialnyy-zhenskiy-monastyr/,"{'eparhia': None, 'mitropolia': None, 'boss': None, 'type': 'Ставропигиальные монастыри Русской Православной Церкви', 'founded': '1308'}",,,,,
Покровский Шиханский женский монастырь,53.615394,46.303566,/upload/iblock/fd2/fd29dd807e8d135c7f29ed05ab819e8a/110.jpg,607,/monastyri/monastery/pokrovskiy-shikhanskiy-zhenskiy-monastyr/,"{'eparhia': None, 'mitropolia': None, 'boss': None, 'type': 'Епархиальные монастыри Русской Православной Церкви', 'founded': '1890'}",,,,,
Покровско-Васильевский мужской монастырь,55.78891711677,38.652112323806,/upload/iblock/f7f/f7f8ad702096f78bb6ebef2337fb3ca9/2.jpg,65,/monastyri/monastery/pokrovsko-vasilevskiy-muzhskoy-monastyr/,"{'eparhia': None, 'mitropolia': None, 'boss': None, 'type': 'Епархиальные монастыри Русской Православной Церкви', 'founded': '1903'}",,,,,
Покровское Отмицкое подворье  Николаевского Малицкого монастыря,56.851285982208,35.674100537048,/upload/iblock/704/70496d4327544fa74f4a15e7f76b5832/P6140643.JPG,171,/monastyri/monastery/boriso-glebskoe-podvore-nikolaevskogo-malitskogo-monastyrya/,"{'eparhia': None, 'mitropolia': None, 'boss': None, 'type': 'подворье епархиального монастыря', 'founded': '2012'}",,,,,
Покровское подворье Введенского женского монастыря г. Иваново,56.893375249833,40.794503331936,/upload/iblock/acc/accebdc7ca3fca8ba886cb8c213ca9ed/Pokrovskoe-podvore.JPG,234,/monastyri/monastery/pokrovskoe-podvore-vvedenskogo-zhenskogo-monastyrya-g-ivanovo/,"{'eparhia': None, 'mitropolia': None, 'boss': None, 'type': 'подворье епархиального монастыря', 'founded': '1993'}",,,,,
Свято-Покровское подворье Свято-Успенской Святогорской Лавры Донецкой епархии,48.946549438827,37.630468817127,/upload/iblock/76a/fnx490mvakypkutcw2qa9plng0yk8dvt/00.jpg,758,/monastyri/monastery/svyato-pokrovskoe-podvore-svyato-uspenskoy-svyatogorskoy-lavry-donetskoy-eparkhii/,"{'eparhia': None, 'mitropolia': None, 'boss': None, 'type': 'подворье епархиального монастыря', 'founded': '2018'}",,,,,
Почаевский Свято-Духовский мужской монастырь Тернопольской епархии,49.994503473373,25.547495139391,/upload/iblock/3fb/yl1qfacpbh90y8z2razkuzeravqbhm9x/1024px_Svyato_Dukhovskiy_Pochaevskiy_monastyr.jpg,1031,/monastyri/monastery/pochaevskiy-svyato-dukhovskiy-muzhskoy-monastyr-ternopolskoy-eparkhii/,"{'eparhia': None, 'mitropolia': None, 'boss': None, 'type': 'Монастыри УПЦ МП', 'founded': '1219'}",,,,,
Предтеченский скит Свято-Иверского Одесского мужского монастыря Одесской епархии,46.947375051716,30.234567032565,/upload/iblock/61d/tnfan7q7eufv96l45ek53fq10j00a4hp/skit.jpg,1105,/monastyri/monastery/predtechenskiy-skit-svyato-iverskogo-odesskogo-muzhskogo-monastyrya-odesskoy-eparkhii/,"{'eparhia': None, 'mitropolia': None, 'boss': None, 'type': 'скит епархиального монастыря', 'founded': '2012'}",,,,,
Свято-Преображенский мужской монастырь Житомирской епархии  ,50.198149531194,28.372778884218,/upload/iblock/01c/l761qk9z6ztjkzrkvijfvq6tqmb8orec/02.jpg,874,/monastyri/monastery/svyato-preobrazhenskiy-muzhskoy-monastyr-zhitomirskoy-eparkhii-/,"{'eparhia': None, 'mitropolia': None, 'boss': None, 'type': 'Монастыри УПЦ МП', 'founded': '1575'}",,,,,
Преображенское подворье Введенского женского монастыря г. Иваново,56.971686962804,40.641907344383,/upload/iblock/d28/d280220259f7df9bc2323a49261d7a7e/hzH8qKj2ty4.jpg,231,/monastyri/monastery/preobrazhenskoe-podvore-vvedenskogo-zhenskogo-monastyrya-g-ivanovo/,"{'eparhia': None, 'mitropolia': None, 'boss': None, 'type': 'подворье епархиального монастыря', 'founded': '1991'}",,,,,
Преподобного Лазаря Муромского мужской монастырь  ,44.823557794673,33.996940305557,/upload/iblock/502/502eb9cd9925ea76c269992bb3f7c2d8/1.jpg,1243,/monastyri/monastery/prepodobnogo-lazarya-muromskogo-muzhskoy-monastyr-simferopolskoy-i-krymskoy-eparkhii/,"{'eparhia': None, 'mitropolia': None, 'boss': None, 'type': 'Епархиальные монастыри Русской Православной Церкви', 'founded': '2013'}",,,,,
Преподобных Сергия и Германа Валаамских чудотворцев мужской монастырь г. Волжского,48.812381677134,44.722082069159,/upload/iblock/aaa/aaafb4b17868a1bdbb558161881a339d/u.jpg,910,/monastyri/monastery/prepodobnykh-sergiya-i-germana-valaamskikh-chudotvortsev-muzhskoy-monastyr-g-volzhskogo/,"{'eparhia': None, 'mitropolia': None, 'boss': None, 'type': 'Епархиальные монастыри Русской Православной Церкви', 'founded': '2008'}",,,,,
Приписная часовня Благовещенского женского монастыря г. Красноярска в честь мученика Василия Мангазейского ,56.0220953299,92.887126604959,/upload/iblock/2f1/i.jpg,3354,/monastyri/monastery/pripisnaya-chasovnya-blagoveshchenskogo-zhenskogo-monastyrya-g-krasnoyarska-v-chest-muchenika-vasili/,"{'eparhia': None, 'mitropolia': None, 'boss': None, 'type': 'часовня епархиального монастыря', 'founded': ''}",,,,,
Приписная часовня в честь святителя Николая Чудотворца,56.989899838403,41.420244200912,/upload/iblock/609/609192506efb1f6361db213da0a9a1ed/CHasovnya-v-chest-svyatitelya-Nikolaya-CHudotvortsa-m.jpg,272,/monastyri/monastery/pripisnaya-asovnya-v-chest-svyatitelya-nikolaya-chudotvortsa/,"{'eparhia': None, 'mitropolia': None, 'boss': None, 'type': 'часовня епархиального монастыря', 'founded': ''}",,,,,
"Приписная часовня в честь Усекновения главы Пророка,Предтечи и Крестителя Господня Иоанна",58.192484,41.682216,/upload/iblock/658/658536024bbc2a64dc918c9482bd2f62/gg.jpg,367,/monastyri/monastery/pripisnaya-chasovnya-v-chest-useknoveniya-glavy-proroka-predtechi-i-krestitelya-gospodnya-ioanna/,"{'eparhia': None, 'mitropolia': None, 'boss': None, 'type': 'часовня епархиального монастыря', 'founded': '1913'}",,,,,
Приписной  храм в честь первоверховных апостолов Петра и Павла в с. Большепетровское,56.459300482755,39.322980906293,/upload/iblock/747/7475f63c8e5a1cb2116462387aa1a332/008_Petropavlovskiy-pripisnoy-khram-v-s.-Bolshepetrovskoe.jpg,132,/monastyri/monastery/pripisnoy-khram-v-chest-pervoverkhovnykh-apostolov-petra-i-pavla/,"{'eparhia': None, 'mitropolia': None, 'boss': None, 'type': 'приписной храм епархиального монастыря', 'founded': ''}",,,,,
Приписной к Иоанно-Предтеченскому подворью Новоспасского монастыря в Сумароково  храм в честь святителя Иоанна Милостивого в д. Щербинке,55.433867777132,37.651054613161,/upload/iblock/6d5/me7fhzsgqui27nv8cubj79rmif3sqavm/foto-otsutstvuet.jpg,36,/monastyri/monastery/pripisnoy-k-ioanno-predtechenskomu-podvoryu-novospasskogo-monastyrya-v-sumarokovo-khram-v-chest-svya/,"{'eparhia': None, 'mitropolia': None, 'boss': None, 'type': 'приписной храм ставропигиального монастыря', 'founded': ''}",,,,,
Приписной храм в честь Живоначальной Троицы,53.047513369926,37.539429696408,/upload/iblock/e6d/e6d9f4fdcdb720026c9dc465f38ca798/SVYATO_TROITSKIY_KHRAM_V_S._PANKOVO.jpg,302,/monastyri/monastery/pripisnoy-khram-v-chest-zhivonachalnoy-troitsy/,"{'eparhia': None, 'mitropolia': None, 'boss': None, 'type': 'приписной храм епархиального монастыря', 'founded': '2004'}",,,,,
Приписной храм в честь иконы  Божией Матери «Всех скорбящих Радость»,53.269638687443,37.401280517844,/upload/iblock/83a/83a4915ee9e26144148c6d7330792313/korsakovo.jpg,277,/monastyri/monastery/pripisnoy-khram-v-chest-ikony-bozhiey-materi-vsekh-skorbyashchikh-radost/,"{'eparhia': None, 'mitropolia': None, 'boss': None, 'type': 'приписной храм епархиального монастыря', 'founded': ''}",,,,,
"Приписной храм в честь Никандра пустынножителя,Псковского чудотворца",56.927387702078,29.058893541273,/upload/iblock/beb/bebedb4054264da13bae965d9e4e6618/u1DSCF5099.jpg,543,/monastyri/monastery/khram-v-chest-nikandra-pustynnozhitelya-pskovskogo-chudotvortsa/,"{'eparhia': None, 'mitropolia': None, 'boss': None, 'type': 'приписной храм епархиального монастыря', 'founded': '2014'}",,,,,
Приписной храм Воскресения Христова в с. Шипилово,56.522456210364,39.896201588144,/upload/iblock/ef7/ef7b6c3d737022f9db24dae176350e6c/009_Voskresenskiy-pripisnoy-khram-v-s.-SHipilovo.jpg,165,/monastyri/monastery/pripisnoy-khram-voskreseniya-khristova-v-s-shipilovo/,"{'eparhia': None, 'mitropolia': None, 'boss': None, 'type': 'приписной храм епархиального монастыря', 'founded': ''}",,,,,
Пронский Спасо-Преображенский мужской монастырь,54.10445,39.626063,/upload/iblock/c02/c02ab68170a1f7421480e9cee112df59/9T6B10mPTkQ.jpg,224,/monastyri/monastery/pronskiy-spaso-preobrazhenskiy-muzhskoy-monastyr/,"{'eparhia': None, 'mitropolia': None, 'boss': None, 'type': 'Епархиальные монастыри Русской Православной Церкви', 'founded': ''}",,,,,
Пророко-Илиинский мужской монастырь с. Месягутово ,55.532247356711,58.247992100525,/upload/iblock/767/767714e1975a4c6d18b1b4450f9b65c9/YBkBax7cFq8.jpg,1291,/monastyri/monastery/proroko-iliinskiy-muzhskoy-monastyr-s-mesyagutovo-/,"{'eparhia': None, 'mitropolia': None, 'boss': None, 'type': 'Епархиальные монастыри Русской Православной Церкви', 'founded': '1998'}",,,,,
Пророко-Илиинский скит Богородице-Тихвинского женского монастыря,53.993959,54.035819,/upload/iblock/1c5/1c5beb702d792c14bdfac0a5a2d3be30/P1080251_300x225.jpg,1066,/monastyri/monastery/proroko-iliinskiy-skit-bogoroditse-tikhvinskogo-zhenskogo-monastyr/,"{'eparhia': None, 'mitropolia': None, 'boss': None, 'type': 'скит епархиального монастыря', 'founded': '2005'}",,,,,
Псковский Рождества Богородицы Снетогорский женский монастырь,57.835157347494,28.263417546594,/upload/iblock/9a4/9a40b8e448d8c82ad97a88500e6fb6b4/111.jpg,615,/monastyri/monastery/pskovskiy-rozhdestva-bogoroditsy-snetogorskiy-zhenskiy-monastyr/,"{'eparhia': None, 'mitropolia': None, 'boss': None, 'type': 'Епархиальные монастыри Русской Православной Церкви', 'founded': '1299'}",,,,,
Псковское подворье Успенского Псково-Печерского мужского монастыря,57.815111391233,28.33150949269,/upload/iblock/ecc/ecc77b7b18317481f5ed4f57710ebe8c/DPvR6AgwH9k.jpg,610,/monastyri/monastery/pskovskoe-podvore-uspenskogo-pskovo-pecherskogo-muzhskogo-monastyrya/,"{'eparhia': None, 'mitropolia': None, 'boss': None, 'type': 'подворье епархиального монастыря', 'founded': '1906'}",,,,,
Пустынно-Николаевский скит Свято-Покровского женского монастыря г. Киева Киевской епархии ,51.20888,29.87371,/upload/iblock/84e/3jsn2e5l0zink8aux16l2hksabl0j2m6/0000.jpg,720,/monastyri/monastery/pustynno-nikolaevskiy-skit-svyato-pokrovskogo-zhenskogo-monastyrya-g-kieva-kievskoy-eparkhii-/,"{'eparhia': None, 'mitropolia': None, 'boss': None, 'type': 'скит епархиального монастыря', 'founded': '2011'}",,,,,
"Свято-Пустынский Успенский мужской монастырь, д. Пустынки Могилевской епархии",54.101082,31.746551,/upload/iblock/102/102f89b4f68fb55a10fd6422c3f028ee/c9dd3dc6ad98bc655455bc5b4253c17e.jpg,418,/monastyri/monastery/svyato-pustynskiy-uspenskiy-muzhskoy-monastyr-d-pustynki-mogilevskoy-eparkhii/,"{'eparhia': None, 'mitropolia': None, 'boss': None, 'type': 'Монастыри Белорусской Православной Церкви', 'founded': '1380'}",,,,,
Пюхтицкий Успенский ставропигиальный женский монастырь в Эстонии,59.199666,27.534501,/upload/iblock/ffd/ffd16a767e626bfaaef56b1dc4391ed5/Panorama_bez_nazvaniya1.jpg,714,/monastyri/monastery/pyukhtitskiy-uspenskiy-stavropigialnyy-zhenskiy-monastyr-v-estonii/,"{'eparhia': None, 'mitropolia': None, 'boss': None, 'type': 'Ставропигиальные монастыри Русской Православной Церкви', 'founded': '1891'}",,,,,
Равноапостольных  Константина и Елены мужской монастырь Николаевской епархии,46.987731040368,32.313436147472,/upload/iblock/4a1/kinbwln84h41b5hnr9k20hqo4pb675pa/07.jpg,1042,/monastyri/monastery/ravnoapostolnykh-konstantina-i-eleny-muzhskoy-monastyr-nikolaevskoy-eparkhii/,"{'eparhia': None, 'mitropolia': None, 'boss': None, 'type': 'Монастыри УПЦ МП', 'founded': '1998'}",,,,,
Раифский Богородицкий мужской монастырь,55.901831801746,48.729495707657,/upload/iblock/f6b/f6bddd06714c009f8bf74d3eff51ca46/1.jpg,694,/monastyri/monastery/raifskiy-bogoroditskiy-muzhskoy-monastyr/,"{'eparhia': None, 'mitropolia': None, 'boss': None, 'type': 'Епархиальные монастыри Русской Православной Церкви', 'founded': '1613'}",,,,,
Речульский Богородично-Рождественский женский монастырь  Унгенской и Ниспоренской епархии,47.307528,28.356646,/upload/iblock/ebe/307qgfl13n76cx58klha3m8brvh8p7ic/8.jpg,1135,/monastyri/monastery/rechulskiy-bogorodichno-rozhdestvenskiy-zhenskiy-monastyr-ungenskoy-i-nisporenskoy-eparkhii/,"{'eparhia': None, 'mitropolia': None, 'boss': None, 'type': 'Монастыри Православной Церкви Молдовы', 'founded': '1798'}",,,,,
Рижский Сергиев во имя Святой Троицы женский монастырь Рижской епархии,56.963957303871,24.147653169312,/upload/iblock/9e9/0_1568373399_baznica_182.jpg,840,/monastyri/monastery/rizhskiy-sergiev-vo-imya-svyatoy-troitsy-zhenskiy-monastyr-rizhskoy-eparkhii/,"{'eparhia': None, 'mitropolia': None, 'boss': None, 'type': 'Монастыри Латвийской Православной Церкви ', 'founded': '1892'}",,,,,
Ризоположенский женский монастырь города Суздаля,56.424247177602,40.446903160049,/upload/iblock/c1f/c1f135e5d8f55a6b102e9d68bd1871d5/HMsvuRlB0cM.jpg,191,/monastyri/monastery/rizopolozhenskiy-zhenskiy-monastyr-goroda-suzdalya/,"{'eparhia': None, 'mitropolia': None, 'boss': None, 'type': 'Епархиальные монастыри Русской Православной Церкви', 'founded': '1207'}",,,,,
Ризоположенский  женский монастырь в с. Люк,56.913904448514,52.7931859021,/upload/iblock/599/monasheskaya_obshchina_rizopolozheniya_s._lyuk.jpg,943,/monastyri/monastery/rizopolozhenskiy-zhenskiy-monastyr-v-s-lyuk/,"{'eparhia': None, 'mitropolia': None, 'boss': None, 'type': 'Епархиальные монастыри Русской Православной Церкви', 'founded': '2016'}",,,,,
Рождества Богородицы (Глинская пустынь) ставропигиальный мужской монастырь Киевской епархии,51.600421463427,34.079113777771,/upload/iblock/a33/oo7m0k9lry1igxr83cgsa8li6ahmvrr2/00.jpg,518,/monastyri/monastery/rozhdestva-bogoroditsy-glinskaya-pustyn-stavropigialnyy-muzhskoy-monastyr-kievskoy-eparkhii/,"{'eparhia': None, 'mitropolia': None, 'boss': None, 'type': 'Монастыри УПЦ МП', 'founded': ''}",,,,,
Рождества Богородицы Анастасов мужской монастырь,53.944973554653,36.715485187805,/upload/iblock/122/12258d62796339815329efbba1bc03c6/111.jpg,210,/monastyri/monastery/rozhdestva-bogoroditsy-anastasov-muzhskoy-monastyr/,"{'eparhia': None, 'mitropolia': None, 'boss': None, 'type': 'Епархиальные монастыри Русской Православной Церкви', 'founded': '16'}",,,,,
Свято-Рождества Богородицы Городищенский мужской монастырь Шепетовской епархии,50.123736,27.069293,/upload/iblock/6cc/oi2y6b2c0s1jrpl4r3gx4o0g06nsb7bs/ujhjlbotycrbq.jpg,943,/monastyri/monastery/svyato-rozhdestva-bogoroditsy-gorodishchenskiy-muzhskoy-monastyr-shepetovskoy-eparkhii/,"{'eparhia': None, 'mitropolia': None, 'boss': None, 'type': 'Монастыри УПЦ МП', 'founded': '1538'}",,,,,
Рождества Богородицы Десятинный мужской монастырь Киевской епархии,50.458104447344,30.517213468262,/upload/iblock/a02/a6hw04r67y6qwtqvmjd63vs2ex0bilav/11.jpg,756,/monastyri/monastery/rozhdestva-bogoroditsy-desyatinnyy-muzhskoy-monastyr-kievskoy-eparkhii/,"{'eparhia': None, 'mitropolia': None, 'boss': None, 'type': 'Монастыри УПЦ МП', 'founded': ''}",,,,,
Рождества Богородицы женский монастырь города Ростова Великого,57.184882202648,39.420851920624,/upload/iblock/6fe/foto-21.jpg,194,/monastyri/monastery/rozhdestva-bogoroditsy-zhenskiy-monastyr-goroda-rostova-velikogo/,"{'eparhia': None, 'mitropolia': None, 'boss': None, 'type': 'Епархиальные монастыри Русской Православной Церкви', 'founded': ''}",,,,,
Рождества Богородицы Козельщанский женский монастырь Кременчугской епархии,49.214367703899,33.851101488287,/upload/iblock/9af/0j5m1glbyfwbznf6ns56g0gx0p0et8tf/00-_1_.jpg,771,/monastyri/monastery/rozhdestva-bogoroditsy-kozelshchanskiy-zhenskiy-monastyr-kremenchugskoy-eparkhii/,"{'eparhia': None, 'mitropolia': None, 'boss': None, 'type': 'Монастыри УПЦ МП', 'founded': '1885'}",,,,,
Рождества Богородицы Молченский Печерский женский монастырь Конотопской епархии,51.325059723851,33.875221270212,/upload/iblock/03a/gruyz0dwlnmajiutgrmpdmltd2zw9h1a/20.jpg,552,/monastyri/monastery/rozhdestva-bogoroditsy-molchenskiy-pecherskiy-zhenskiy-monastyr-konotopskoy-eparkhii/,"{'eparhia': None, 'mitropolia': None, 'boss': None, 'type': 'Монастыри УПЦ МП', 'founded': '1591'}",,,,,
Рождества Богородицы мужской монастырь Черкасской епархии,49.42078035371,32.090354777877,/upload/iblock/786/g2ox3kndpmqkqk54zqd22mxp3oizpavx/00.jpg,797,/monastyri/monastery/rozhdestva-bogoroditsy-muzhskoy-monastyr-cherkasskoy-eparkhii/,"{'eparhia': None, 'mitropolia': None, 'boss': None, 'type': 'Монастыри УПЦ МП', 'founded': '2002'}",,,,,
Рождества Христова Свято-Лаврентьев мужской монастырь города Калуги,54.535079798804,36.245237741935,/upload/iblock/ca7/ca7103d5676b06c6c835bb6478fab666/528_0273862b.jpg,162,/monastyri/monastery/rozhdestva-khristova-svyato-lavrentev-muzhskoy-monastyr-goroda-kalugi/,"{'eparhia': None, 'mitropolia': None, 'boss': None, 'type': 'Епархиальные монастыри Русской Православной Церкви', 'founded': '1515'}",,,,,
Рождества Христова Червонский женский монастырь Житомирской епархии,49.957108,28.881203,/upload/iblock/1c5/eyn16e0dtvgwiwxgd0a9dsdvuv1i3lq6/00.jpg,871,/monastyri/monastery/rozhdestva-khristova-chervonskiy-zhenskiy-monastyr-zhitomirskoy-eparkhii/,"{'eparhia': None, 'mitropolia': None, 'boss': None, 'type': 'Монастыри УПЦ МП', 'founded': '2001'}",,,,,
Свято-Рождества-Богородичный женский монастырь Луганской епархии ,48.854584904793,39.824966666773,/upload/iblock/748/qvidvqahcnesvkl7eeer7p1dx58f5fsi/kk.jpg,782,/monastyri/monastery/svyato-rozhdestva-bogorodichnyy-zhenskiy-monastyr-luganskoy-eparkhii-/,"{'eparhia': None, 'mitropolia': None, 'boss': None, 'type': 'Монастыри УПЦ МП', 'founded': '2015'}",,,,,
Свято-Рождества-Богородичный женский монастырь Хустской епархии,48.277468788079,23.383402553789,/upload/iblock/42d/x8x4hdiejqjp615vay6x6wutzldcsj9k/00.jpg,1277,/monastyri/monastery/svyato-rozhdestva-bogorodichnyy-zhenskiy-monastyr-khustskoy-eparkhii/,"{'eparhia': None, 'mitropolia': None, 'boss': None, 'type': 'Монастыри УПЦ МП', 'founded': '1925'}",,,,,
Рождественский скит - подворье АлатырскогоТроицкого мужского монастыря,54.830547,46.460651,/upload/iblock/b0b/b0bb4a21d2420bdb082705a49a804d1e/image157_800x599_.jpg,569,/monastyri/monastery/rozhdestvenskiy-skit-podvore-alatyrskogotroitskogo-muzhskogo-monastyrya/,"{'eparhia': None, 'mitropolia': None, 'boss': None, 'type': 'подворье епархиального монастыря', 'founded': '1999'}",,,,,
Рождество-Богородичный  скит Архангело-Михайловского Одесского женского монастыря Одесской епархии,46.926145005307,30.416727704764,/upload/iblock/e7a/qtsh5ugxybb4uhytut08yjh2vgv7zo4k/2._Monakhini_u_khrama.jpg,1101,/monastyri/monastery/rozhdestvo-bogorodichnyy-skit-arkhangelo-mikhaylovskogo-odesskogo-zhenskogo-monastyrya-odesskoy-epar/,"{'eparhia': None, 'mitropolia': None, 'boss': None, 'type': 'скит епархиального монастыря', 'founded': '1997'}",,,,,
Свято-Рождество-Богородичный женский монастырь в с. Александровка Одесской епархии,45.886480264559,28.963951448907,/upload/iblock/740/3utvs14dhqg6vwg9t0hkt4tcq4tmvudl/26221723697_57cfe71da4_b.jpg,1253,/monastyri/monastery/svyato-rozhdestvo-bogorodichnyy-zhenskiy-monastyr-v-s-aleksandrovka-odesskoy-eparkhii/,"{'eparhia': None, 'mitropolia': None, 'boss': None, 'type': 'Монастыри УПЦ МП', 'founded': '1925'}",,,,,
"Свято-Рождество-Богородичный женский монастырь, г. Брест Брестской епархии",52.07652305878,23.657544981476,/upload/iblock/99a/99ab63cfe19ffdf982e47345149d8bdc/img_7907.jpg,1000,/monastyri/monastery/svyato-rozhdestvo-bogorodichnyy-zhenskiy-monastyr-g-brest-brestskoy-eparkhii/,"{'eparhia': None, 'mitropolia': None, 'boss': None, 'type': 'Монастыри Белорусской Православной Церкви', 'founded': '2001'}",,,,,
Свято-Рождество-Богородичный митрополичий женский монастырь в г. Гродно,53.677026853934,23.826643982803,/upload/iblock/2e0/2e0dc2665adab72d9cbfe2aee82542cf/1.jpg,914,/monastyri/monastery/svyato-rozhdestvo-bogorodichnyy-stavropigialnyy-zhenskiy-monastyr-v-g-grodno/,"{'eparhia': None, 'mitropolia': None, 'boss': None, 'type': 'Монастыри Белорусской Православной Церкви', 'founded': ''}",,,,,
Рождество-Богородичный Санаксарский мужской монастырь,54.653540048127,43.165161093254,/upload/iblock/1ef/1efc4d6f54b568923c54f0c7d3d0be26/pp.jpg,373,/monastyri/monastery/rozhdestvo-bogorodichnyy-sanaksarskiy-muzhskoy-monastyr/,"{'eparhia': None, 'mitropolia': None, 'boss': None, 'type': 'Епархиальные монастыри Русской Православной Церкви', 'founded': '1659'}",,,,,
Свято-Рождество-Богородичный Юровичский мужской монастырь  Туровской епархии,51.942022,29.532536,/upload/iblock/c77/c77637c21f465704cc2ddc81ae6e70e1/d7c1d1d103a62c7ea5b6ee8674ac32c6.jpg,679,/monastyri/monastery/svyato-rozhdestvo-bogorodichnyy-yurovichskiy-muzhskoy-monastyr-turovskoy-eparkhii/,"{'eparhia': None, 'mitropolia': None, 'boss': None, 'type': 'Монастыри Белорусской Православной Церкви', 'founded': ''}",,,,,
Русский Спасо-Вознесенский женский монастырь на святой горе Елеон,31.781195589295,35.221787389532,/upload/iblock/da6/vw0q18clfx0d5oq59xxg4fl5gbeewown/1.jpg,2673,/monastyri/monastery/russkiy-spaso-voznesenskiy-zhenskiy-monastyr-na-svyatoy-gore-eleon/,"{'eparhia': None, 'mitropolia': None, 'boss': None, 'type': 'Монастыри РПЦЗ', 'founded': '1906'}",,,,,
Рыльский Свято-Николаевский мужской монастырь,51.584604986011,34.693935171966,/upload/iblock/277/277a00a792a22ba1abcbdd67f7e8a420/11.jpg,503,/monastyri/monastery/rylskiy-svyato-nikolaevskiy-muzhskoy-monastyr/,"{'eparhia': None, 'mitropolia': None, 'boss': None, 'type': 'Епархиальные монастыри Русской Православной Церкви', 'founded': '1505'}",,,,,
Рязанский Казанский женский монастырь,54.631777,39.76309,/upload/iblock/7ca/7ca2ad64af7c24b93d512683d9f39bb1/5DjjSzr_G2E.jpg,185,/monastyri/monastery/rzanskiy-kazanskiy-zhenskiy-monastyr/,"{'eparhia': None, 'mitropolia': None, 'boss': None, 'type': 'Епархиальные монастыри Русской Православной Церкви', 'founded': ''}",,,,,
Рязанский Спасо-Преображенский мужской монастырь,54.635221084457,39.749684847885,/upload/iblock/681/681c1ae2711c7d952b4222adffec850c/spas.jpg,184,/monastyri/monastery/ryazanskiy-spaso-preobrazhenskiy-muzhskoy-monastyr/,"{'eparhia': None, 'mitropolia': None, 'boss': None, 'type': 'Епархиальные монастыри Русской Православной Церкви', 'founded': ''}",,,,,
Рязанский Троицкий монастырь,54.634312632873,39.699789531738,/upload/iblock/46e/46e80e7eb7194ff6922f8fbae9d16548/Screenshot_2018_11_13-Svyato_Troitskiy-muzhskoy-monastyr-goroda-Ryazani.png,182,/monastyri/monastery/ryazanskiy-troitskiy-monastyr/,"{'eparhia': None, 'mitropolia': None, 'boss': None, 'type': 'Епархиальные монастыри Русской Православной Церкви', 'founded': ''}",,,,,
Рязанское подворье Иоанно-Богословского монастыря,54.630028630415,39.734903269176,/upload/iblock/0ba/0ba9e73ee5f3d33d4138fb2f4ee0bdca/podvor.jpg,184,/monastyri/monastery/ryazanskoe-podvore-ioanno-bogoslovskogo-monastyrya/,"{'eparhia': None, 'mitropolia': None, 'boss': None, 'type': 'подворье епархиального монастыря', 'founded': '2006'}",,,,,
Саввино-Сторожевский ставропигиальный мужской монастырь,55.728561128303,36.816932094858,/upload/iblock/c24/monasterium.ru_savvastor_00.jpg,51,/monastyri/monastery/savvino-storozhevskiy-stavropigialnyy-muzhskoy-monastyr/,"{'eparhia': None, 'mitropolia': None, 'boss': None, 'type': 'Ставропигиальные монастыри Русской Православной Церкви', 'founded': '1398'}",,,,,
Самарский Свято-Николаевский пустынный мужской монастырь Днепропетровской епархии,48.631171,35.285683,/upload/iblock/4e9/yg0cp0zi0pfrbohnu02jrkiq1axuftv0/02.jpg,808,/monastyri/monastery/samarskiy-svyato-nikolaevskiy-pustynnyy-muzhskoy-monastyr-dnepropetrovskoy-eparkhii/,"{'eparhia': None, 'mitropolia': None, 'boss': None, 'type': 'Монастыри УПЦ МП', 'founded': '1602'}",,,,,
Самарское подворье Заволжского мужского монастыря в честь Честного и Животворящего Креста Господня,53.207346917704,50.190492211639,/upload/iblock/727/7278b5709ca51a11952b9e32e800c2b6/x_d02bec97.jpg,859,/monastyri/monastery/samarskoe-podvore-zavolzhskogo-muzhskogo-monastyrya-v-chest-chestnogo-i-zhivotvoryashchego-kresta-go/,"{'eparhia': None, 'mitropolia': None, 'boss': None, 'type': 'подворье епархиального монастыря', 'founded': '2007'}",,,,,
Саратовский Свято-Алексиевский женский монастырь,51.559698118491,45.98056432209,/upload/iblock/691/6911ff7c791f70ccd1e54193bb65275c/z_b0a5d61c.jpg,722,/monastyri/monastery/saratovskiy-svyato-aleksievskiy-zhenskiy-monastyr/,"{'eparhia': None, 'mitropolia': None, 'boss': None, 'type': 'Епархиальные монастыри Русской Православной Церкви', 'founded': '1850'}",,,,,
Саратовский Свято-Никольский мужской монастырь,51.518038513769,45.991431559525,/upload/iblock/1da/1da60482b6dbc0193c803f5bfdc44959/Eb9QtJ9bW8c.jpg,725,/monastyri/monastery/saratovskiy-svyato-nikolskiy-muzhskoy-monastyr/,"{'eparhia': None, 'mitropolia': None, 'boss': None, 'type': 'Епархиальные монастыри Русской Православной Церкви', 'founded': ''}",,,,,
Саратовский Спасо-Преображенский мужской монастырь ,51.556134224341,45.993754246033,/upload/iblock/6eb/6eb8ff964ea8750fa99109112a09462f/1.JPG,723,/monastyri/monastery/saratovskiy-spaso-preobrazhenskiy-muzhskoy-monastyr-/,"{'eparhia': None, 'mitropolia': None, 'boss': None, 'type': 'Епархиальные монастыри Русской Православной Церкви', 'founded': '1814'}",,,,,
Сарсинский Боголюбский женский монастырь,56.234376966107,57.983604646102,/upload/iblock/f0c/4uj7fgp5t9y.jpg,1263,/monastyri/monastery/sarsinskiy-bogolyubskiy-zhenskiy-monastyr/,"{'eparhia': None, 'mitropolia': None, 'boss': None, 'type': 'Епархиальные монастыри Русской Православной Церкви', 'founded': '1896'}",,,,,
Свенский Успенский мужской монастырь п. Супонево,53.205529733368,34.328363975048,/upload/iblock/92d/92d0405b7e7938e1a1298aa1ed7d12e8/20120515143901.jpg,355,/monastyri/monastery/svenskiy-uspenskiy-muzhskoy-monastyr-p-suponevo/,"{'eparhia': None, 'mitropolia': None, 'boss': None, 'type': 'Епархиальные монастыри Русской Православной Церкви', 'founded': '1288'}",,,,,
Свияжский Богородице-Успенский мужской монастырь ,55.770309549577,48.653252178543,/upload/iblock/af1/3kn9xpyz2s09hyq7h004qaeun6hxr99f/DJI_0200_690.jpg,690,/monastyri/monastery/sviyazhskiy-bogoroditse-uspenskiy-muzhskoy-monastyr-/,"{'eparhia': None, 'mitropolia': None, 'boss': None, 'type': 'Епархиальные монастыри Русской Православной Церкви', 'founded': '1555'}",,,,,
Свято - Георгиевский женский монастырь близ станицы Ессентукской,44.027710205536,42.81273661377,/upload/iblock/415/415f6a8762d898bc04ee867eeb19d276/243400.p.jpg,1356,/monastyri/monastery/svyato-georgievskiy-zhenskiy-monastyr-bliz-stanitsy-essentukskoy/,"{'eparhia': None, 'mitropolia': None, 'boss': None, 'type': 'Епархиальные монастыри Русской Православной Церкви', 'founded': '2006'}",,,,,
Свято - Троицкий Чуфаровский  мужской монастырь,54.422623892596,45.518750454414,/upload/iblock/0b6/0b6c4ad18d8ac4ff182b31f5145e44e3/20140615_065805_1024x505.jpg,524,/monastyri/monastery/svyato-troitskiy-chufarovskiy-muzhskoy-monastyr/,"{'eparhia': None, 'mitropolia': None, 'boss': None, 'type': 'Епархиальные монастыри Русской Православной Церкви', 'founded': '1885'}",,,,,
"Свято - Успенский скит в с. Серебряно, подворье Казанского Девичьего монастыря в г. Калуге ",54.336530492788,35.254126837683,/upload/iblock/39e/39e35c3cd9892c6a122d37d4000b561a/Serebr_mon2019.jpg,219,/monastyri/monastery/svyato-uspenskiy-skit-v-s-serebryano-podvore-kazanskogo-devichego-monastyrya-v-g-kaluge-/,"{'eparhia': None, 'mitropolia': None, 'boss': None, 'type': 'подворье епархиального монастыря', 'founded': '2017'}",,,,,
Свято-Архангельский монастырь Чикагской и Средне-Американской епархии,38.40793477665,-90.570119386619,/upload/iblock/772/ai9fmfya8j2gugr09vmn3pgeimks9d7a/IMG_3331.jpg,8458,/monastyri/monastery/svyato-arkhangelskiy-monastyr-chikagskoy-i-sredne-amerikanskoy-eparkhii/,"{'eparhia': None, 'mitropolia': None, 'boss': None, 'type': 'Монастыри РПЦЗ', 'founded': ''}",,,,,
"Свято-Афанасьевский мужской монастырь, г. Брест, Брестской епархии",52.057375854153,23.699278162704,/upload/iblock/99f/99f3a7137807c00fcde603c9bf9d6b12/32b8db9257d9a87d3c199f6afe0ee982.jpg,998,/monastyri/monastery/svyato-afanasevskiy-muzhskoy-monastyr-g-brest-brestskoy-eparkhii/,"{'eparhia': None, 'mitropolia': None, 'boss': None, 'type': 'Монастыри Белорусской Православной Церкви', 'founded': '1996'}",,,,,
Свято-Богородичный Казанский мужской монастырь с. Винновка ,53.187940493337,49.688101728836,/upload/iblock/f5c/f5cfa580541d79560419a4a95a963717/22_big.jpg,830,/monastyri/monastery/svyato-bogorodichnyy-kazanskiy-muzhskoy-monastyr-s-vinnovka-/,"{'eparhia': None, 'mitropolia': None, 'boss': None, 'type': 'Епархиальные монастыри Русской Православной Церкви', 'founded': '2006'}",,,,,
Свято-Введенский Макарьевский Жабынский мужской монастырь,53.849188991824,36.206707960943,/upload/iblock/999/9993f564a893a8289a5ffeaa6f2197b4/okkk.jpg,231,/monastyri/monastery/svyato-vvedenskiy-makarevskiy-zhabynskiy-muzhskoy-monastyr/,"{'eparhia': None, 'mitropolia': None, 'boss': None, 'type': 'Епархиальные монастыри Русской Православной Церкви', 'founded': '1585'}",,,,,
Свято-Владимирский мужской монастырь на истоке Днепра,55.778744005218,33.982866885643,/upload/iblock/aa7/aa7553e997509cd7623372f3328d60c9/1.jpg,228,/monastyri/monastery/svyato-vladimirskiy-muzhskoy-monastyr-na-istoke-dnepra/,"{'eparhia': None, 'mitropolia': None, 'boss': None, 'type': 'Епархиальные монастыри Русской Православной Церкви', 'founded': '2016'}",,,,,
Свято-Вознесенский мужской монастырь Восточно-Американской епархии,34.580818806435,-84.942254428558,/upload/iblock/645/z8mldqnz85yiiiw1mivbor2nciwezty8/resaca.jpg,8596,/monastyri/monastery/svyato-voznesenskiy-muzhskoy-monastyr-vostochno-amerikanskoy-eparkhii/,"{'eparhia': None, 'mitropolia': None, 'boss': None, 'type': 'Монастыри РПЦЗ', 'founded': ''}",,,,,
Свято-Воскресенский женский скит  монастыря в честь Святых Царственных страстотерпцев Белоцерковской епархии,49.518023,30.615413,/upload/iblock/e80/ts3gs70343g031bhxmqltekxdmafyjcu/00.jpg,839,/monastyri/monastery/svyato-voskresenskiy-zhenskiy-skit-monastyrya-v-chest-svyatykh-tsarstvennykh-strastoterptsev-belotse/,"{'eparhia': None, 'mitropolia': None, 'boss': None, 'type': 'скит епархиального монастыря', 'founded': '2008'}",,,,,
Свято-Воскресенский мужской монастырь г.Самара ,53.232195261965,50.244290009262,/upload/iblock/cb2/cb21e23d5e6e58cad28ac7bea186f21d/111.jpg,861,/monastyri/monastery/svyato-voskresenskiy-muzhskoy-monastyr-g-samara-/,"{'eparhia': None, 'mitropolia': None, 'boss': None, 'type': 'Епархиальные монастыри Русской Православной Церкви', 'founded': '1992'}",,,,,
Свято-Донской Старочеркасский мужской монастырь,47.236819859113,40.043218632294,/upload/iblock/f11/f11d2f8f3493df6d038ff5a35ea12940/1.jpg,962,/monastyri/monastery/svyato-donskoy-starocherkasskiy-muzhskoy-monastyr/,"{'eparhia': None, 'mitropolia': None, 'boss': None, 'type': 'Епархиальные монастыри Русской Православной Церкви', 'founded': '1836'}",,,,,
"Свято-Духов женский монастырь, г. Витебск, Витебской епархии.",55.194928960656,30.201905347885,/upload/iblock/1e0/1e0ef4e6819f735c1eac80373576fcb2/33873e566d48bfac4105a177a6e6923a.jpg,472,/monastyri/monastery/svyato-dukhov-zhenskiy-monastyr-g-vitebsk/,"{'eparhia': None, 'mitropolia': None, 'boss': None, 'type': 'Монастыри Белорусской Православной Церкви', 'founded': '1345'}",,,,,
Свято-Духов Иаковлев Боровичский мужской монастырь,58.393467697021,33.897600576057,/upload/iblock/de1/de1bf866b0a1024bff23b1e5ddfefebb/ooooooooooooooooooo.jpg,370,/monastyri/monastery/svyato-dukhov-iakovlev-borovichskiy-muzhskoy-monastyr/,"{'eparhia': None, 'mitropolia': None, 'boss': None, 'type': 'Епархиальные монастыри Русской Православной Церкви', 'founded': '1327'}",,,,,
Свято-Духов мужской монастырь в с. Задушное,52.981610507691,36.984801164048,/upload/iblock/733/733e12c1561a8287c0675f2254b6ec29/1.jpg,312,/monastyri/monastery/svyato-dukhov-muzhskoy-monastyr-v-s-zadushnoe/,"{'eparhia': None, 'mitropolia': None, 'boss': None, 'type': 'Епархиальные монастыри Русской Православной Церкви', 'founded': '1113'}",,,,,
Свято-Духов мужской монастырь г. Тимашевска,45.601244640335,38.954443261238,/upload/iblock/6a9/6a934921da6972cbb0d99cf0eec73e0a/jk.jpg,1134,/monastyri/monastery/svyato-dukhov-muzhskoy-monastyr-g-timashevska/,"{'eparhia': None, 'mitropolia': None, 'boss': None, 'type': 'Епархиальные монастыри Русской Православной Церкви', 'founded': '1992'}",,,,,
Свято-Духов скит Успенской Почаевской лавры,49.995354,25.543567,/upload/iblock/48e/7kxor23u598zh52x2v5ofkkj5kj30s3m/pochaev22.jpg,1031,/monastyri/monastery/svyato-dukhov-skit-uspenskoy-pochaevskoy-lavry/,"{'eparhia': None, 'mitropolia': None, 'boss': None, 'type': 'скит епархиального монастыря', 'founded': '1901'}",,,,,
Свято-Духовский мужской монастырь Днепропетровской епархии,48.404740740117,34.952242383064,/upload/iblock/d97/6qdb98aujy4vyuq331018i3u4nrftsgg/00-_1_.jpg,838,/monastyri/monastery/svyato-dukhovskiy-muzhskoy-monastyr-dnepropetrovskoy-eparkhii/,"{'eparhia': None, 'mitropolia': None, 'boss': None, 'type': 'Монастыри УПЦ МП', 'founded': '2017'}",,,,,
Свято-Елисаветинский женский монастырь   ,54.985619240606,21.761768113892,/upload/iblock/c72/c7271b17c3728be83c2e0b28e7a3a183/a.jpg,1004,/monastyri/monastery/svyato-elisavetinskiy-zhenskiy-monastyr-/,"{'eparhia': None, 'mitropolia': None, 'boss': None, 'type': 'Епархиальные монастыри Русской Православной Церкви', 'founded': '2001'}",,,,,
Свято-Иверский женский монастырь г. Ростова-на-Дону,47.281423985286,39.697059833344,/upload/iblock/c44/c44a8b46b5b9de8c6dfa43ea0a49f832/4.png,954,/monastyri/monastery/svyato-iverskiy-zhenskiy-monastyr-g-rostova-na-donu/,"{'eparhia': None, 'mitropolia': None, 'boss': None, 'type': 'Епархиальные монастыри Русской Православной Церкви', 'founded': '1903'}",,,,,
Свято-Казанский женский монастырь  с. Папоротка,53.631598506543,38.351318534424,/upload/iblock/75a/75ad1450091a2af3cc5d53a0801a9e69/005.JPG,241,/monastyri/monastery/svyato-kazanskiy-zhenskiy-monastyr-s-paporotka/,"{'eparhia': None, 'mitropolia': None, 'boss': None, 'type': 'Епархиальные монастыри Русской Православной Церкви', 'founded': '2001'}",,,,,
Свято-Казанский женский монастырь с. Колюпаново,54.477048933935,37.074093773819,/upload/iblock/301/30154b8a89ab77feddd16265bca1a62a/1.jpg,147,/monastyri/monastery/svyato-kazanskiy-zhenskiy-monastyr-s-kolyupanovo/,"{'eparhia': None, 'mitropolia': None, 'boss': None, 'type': 'Епархиальные монастыри Русской Православной Церкви', 'founded': '1995'}",,,,,
Свято-Казанский скит Мстёрского Богоявленского мужского монастыря урочища Акиньшино,56.356543826121,41.864988336216,/upload/iblock/6b9/6b93a8a48ca5eaccbb3edc940ba73d49/2.jpg,272,/monastyri/monastery/svyato-kazanskiy-skit-mstyerskogo-bogoyavlenskogo-muzhskogo-monastyrya-urochishcha-akinshino/,"{'eparhia': None, 'mitropolia': None, 'boss': None, 'type': 'скит епархиального монастыря', 'founded': '2001'}",,,,,
Женский монастырь в честь блаженной Ксении Петербургской в д. Барань Борисовской епархии,54.494742492344,28.68241128336,/upload/iblock/2c3/2c35e96d6e0615ffd3dfd8ee49c9ff40/3b66267d759c692cbd2a283b162e6b0e.jpg,585,/monastyri/monastery/zhenskiy-monastyr-v-chest-blazhennoy-ksenii-peterburgskoy-v-d-baran-borisovskoy-eparkhii/,"{'eparhia': None, 'mitropolia': None, 'boss': None, 'type': 'Монастыри Белорусской Православной Церкви', 'founded': '2002'}",,,,,
Свято-Михайло-Афонская Закубанская общежительная Пустынь - мужской монастырь по.Победа,44.290502144852,40.318088701772,/upload/iblock/02a/02a9a8f68b460ddac547a5c5bb0d3b30/hram_uspeniya_bogoroditsy_11big.jpg,1290,/monastyri/monastery/svyato-mikhaylo-afonskaya-zakubanskaya-obshchezhitelnaya-pustyn-muzhskoy-monastyr-po-pobeda/,"{'eparhia': None, 'mitropolia': None, 'boss': None, 'type': 'Епархиальные монастыри Русской Православной Церкви', 'founded': '1877'}",,,,,
Свято-Никитский скит Пафнутьев-Боровского,55.120745,36.351426,/upload/iblock/7f6/53r7kv41ep02ghs63lfnhrsumr77s4sd/408_0300936b.jpg,107,/monastyri/monastery/svyato-nikitskiy-skit-pafnutev-borovskogo/,"{'eparhia': None, 'mitropolia': None, 'boss': None, 'type': 'скит епархиального монастыря', 'founded': '2011'}",,,,,
Свято-Николаевский женский монастырь в с. Покровка,51.997768,53.892809,/upload/iblock/07a/07a68bbb36b693ed469485c11f31e0b6/1000_865_e3c8bcabf26758d689b582b67ad8.jpg,1143,/monastyri/monastery/svyato-nikolaevskiy-zhenskiy-monastyr-v-s-pokrovka/,"{'eparhia': None, 'mitropolia': None, 'boss': None, 'type': 'Епархиальные монастыри Русской Православной Церкви', 'founded': '1896'}",,,,,
Свято-Николаевский женский монастырь г. Туринска,58.057339866263,63.69260164418,/upload/iblock/0e5/0e5ac36c6ed6a6d31281232f2fc0687b/4.jpg,1594,/monastyri/monastery/svyato-nikolaevskiy-zhenskiy-monastyr-g-turinska/,"{'eparhia': None, 'mitropolia': None, 'boss': None, 'type': 'Епархиальные монастыри Русской Православной Церкви', 'founded': '1624'}",,,,,
Свято-Николаевский скит  во Фрихолде  Восточно-Американской епархии,40.261051522638,-74.263495099167,/upload/iblock/fc0/8x9geofn6ust3ubcin9xo8gh7699t2yz/ed2hp485p3dtmzqj8biva59uuforqqjj.jpg,7565,/monastyri/monastery/svyato-nikolaevskiy-skit-vo-frikholde-vostochno-amerikanskoy-eparkhii/,"{'eparhia': None, 'mitropolia': None, 'boss': None, 'type': 'Монастыри РПЦЗ', 'founded': ''}",,,,,
Свято-Никольский женский монастырь с. Венев,54.337449754486,38.03503131485,/upload/iblock/675/Vneshniy-vid-monastyrya-.JPG,160,/monastyri/monastery/svyato-nikolskiy-zhenskiy-monastyr-s-venev/,"{'eparhia': None, 'mitropolia': None, 'boss': None, 'type': 'Епархиальные монастыри Русской Православной Церкви', 'founded': '13'}",,,,,
Свято-Никольский скит Нило-Столобенской пустыни,57.552880735126,33.52232312531,/upload/iblock/718/7189e139e5b1acc2180e3da27badecf4/jabny.jpg,321,/monastyri/monastery/svyato-nikolskiy-skit-nilo-stolobenskoy-pustyni/,"{'eparhia': None, 'mitropolia': None, 'boss': None, 'type': 'скит епархиального монастыря', 'founded': '2006'}",,,,,
Свято-Никольский скит Серафимо - Дивеевского монастыря в селе Автодеево,55.179901369399,43.107253285311,/upload/iblock/0cf/avtodeevo.jpg,352,/monastyri/monastery/svyato-nikolskiy-skit-serafimo-diveevskogo-monastyrya-v-sele-avtodeevo/,"{'eparhia': None, 'mitropolia': None, 'boss': None, 'type': 'скит епархиального монастыря', 'founded': ''}",,,,,
Свято-Пантелеимонов мужской монастырь г. Петропавловск-Камчатский,53.031650638456,158.63482249766,/upload/iblock/d5c/d5c47dadbed248ba5966ae03c092ceea/eW2fAxtEgzI.jpg,6774,/monastyri/monastery/svyato-panteleimonov-muzhskoy-monastyr-g-petropavlovsk-kamchatskiy/,"{'eparhia': None, 'mitropolia': None, 'boss': None, 'type': 'Епархиальные монастыри Русской Православной Церкви', 'founded': '2000'}",,,,,
"Свято-Пантелеимоновский женский монастырь, г. Краснотурьинск",59.773789850556,60.221705556263,/upload/iblock/bd0/6.jpg,1406,/monastyri/monastery/svyato-panteleimonovskiy-zhenskiy-monastyr-g-verkhoture/,"{'eparhia': None, 'mitropolia': None, 'boss': None, 'type': 'Епархиальные монастыри Русской Православной Церкви', 'founded': '1995'}",,,,,
Свято-Пантелеимоновский скит Восточно-Американской епархии,26.245378431557,-80.183131297977,/upload/iblock/2dc/ycshc5dlsvt3d3oec37utwvy0ndo2gn4/coconutcreekskete.jpg,9176,/monastyri/monastery/svyato-panteleimonovskiy-skit-vostochno-amerikanskoy-eparkhii/,"{'eparhia': None, 'mitropolia': None, 'boss': None, 'type': 'Монастыри РПЦЗ', 'founded': ''}",,,,,
Свято-Покровский женский монастырь г. Якутск,62.047650696762,129.72332282639,/upload/iblock/27b/27b1d073c88a991a3e6bd3631fbffa6a/6Z7V0065.jpg,4882,/monastyri/monastery/svyato-pokrovskiy-zhenskiy-monastyr-g-yakutsk/,"{'eparhia': None, 'mitropolia': None, 'boss': None, 'type': 'Епархиальные монастыри Русской Православной Церкви', 'founded': '1996'}",,,,,
Свято-Покровский мужской монастырь  г. Александрия  Александрийской епархии,48.686998407746,33.118483015869,/upload/iblock/712/de01636eyqnamcd7zsm03h0caf97tare/00.jpg,844,/monastyri/monastery/svyato-pokrovskiy-muzhskoy-monastyr-g-aleksandriya-aleksandriyskoy-eparkhii/,"{'eparhia': None, 'mitropolia': None, 'boss': None, 'type': 'Монастыри УПЦ МП', 'founded': '2012'}",,,,,
Свято-Покровский мужской монастырь города Корсакова,46.6446515185,142.76589094048,/upload/iblock/0fe/0fea4da8d357cf7697d556c651a75001/2.jpg,6671,/monastyri/monastery/svyato-pokrovskiy-muzhskoy-monastyr-goroda-korsakova/,"{'eparhia': None, 'mitropolia': None, 'boss': None, 'type': 'Епархиальные монастыри Русской Православной Церкви', 'founded': '1999'}",,,,,
Свято-Предтеченский Иаково-Железноборовский монастырь,58.353655946494,41.622323954053,/upload/iblock/f5d/f5d94d07c994bb4cb9eef74802482006/iakov_1smal.jpg,377,/monastyri/monastery/svyato-predtechenskiy-iakovo-zheleznoborovskiy-monastyr/,"{'eparhia': None, 'mitropolia': None, 'boss': None, 'type': 'Епархиальные монастыри Русской Православной Церкви', 'founded': '1390'}",,,,,
Свято-Преображенский мужской монастырь с. Большой Волок,57.788007088811,83.607655564487,/upload/iblock/5e3/5e3c393d68b382e1d699786032a5a847/2.jpg,2758,/monastyri/monastery/svyato-preobrazhenskiy-muzhskoy-monastyr-s-bolshoy-volok/,"{'eparhia': None, 'mitropolia': None, 'boss': None, 'type': 'Епархиальные монастыри Русской Православной Церкви', 'founded': '2000'}",,,,,
Свято-Преображенский Оковецкий скит Нило-Столобенской пустыни,56.64708107906,33.489246102594,/upload/iblock/c38/c38c57249f87d9e4c7d8d5ed74665d3d/Spaso_Preobrazhenskiy-skit-_Okovetskiy-istochnik_.png,274,/monastyri/monastery/svyato-preobrazhenskiy-okovetskiy-skit-nilo-stolobenskoy-pustyni/,"{'eparhia': None, 'mitropolia': None, 'boss': None, 'type': 'скит епархиального монастыря', 'founded': ''}",,,,,
Свято-Преображенское подворье  Данилова ставропигиального мужского монастыря в деревне Ланьшино ,54.849985323206,37.307854868599,/upload/iblock/b37/b374c5f5c038e4e7bf7579f251e16a6c/dji_0087.jpg,103,/monastyri/monastery/svyato-preobrazhenskoe-podvore-danilova-stavropigialnogo-muzhskogo-monastyrya-v-derevne-lanshino-/,"{'eparhia': None, 'mitropolia': None, 'boss': None, 'type': 'скит ставропигиального монастыря', 'founded': '2007'}",,,,,
Свято-Серафимо-Покровский женский монастырь г.Ленинск-Кузнецкий ,54.652492802063,86.134230220238,/upload/iblock/c1b/d54vsqumfp3136fveqg75042y86njsjh/glavnoe-foto.jpg,3018,/monastyri/monastery/svyato-serafimo-pokrovskiy-zhenskiy-monastyr-g-leninsk-kuznetskiy-/,"{'eparhia': None, 'mitropolia': None, 'boss': None, 'type': 'Епархиальные монастыри Русской Православной Церкви', 'founded': '1987'}",,,,,
Свято-Серафимовский мужской монастырь о. Русский,43.043969,131.821436,/upload/iblock/7f2/7f25ed59e5615c1fb630edd33a2cd775/1_1_.jpg,6418,/monastyri/monastery/svyato-serafimovskiy-muzhskoy-monastyr-o-russkiy/,"{'eparhia': None, 'mitropolia': None, 'boss': None, 'type': 'Епархиальные монастыри Русской Православной Церкви', 'founded': '2001'}",,,,,
Свято-Сергиевский женский монастырь в с. Алексеевка Базарно-Карабулакского района,52.233027,46.356339,/upload/iblock/e28/e2808a79579fd70d08ead04f3c4f0b64/zhzh.jpg,692,/monastyri/monastery/svyato-sergievskiy-zhenskiy-monastyr-v-s-alekseevka-bazarno-karabulakskogo-rayona/,"{'eparhia': None, 'mitropolia': None, 'boss': None, 'type': 'Епархиальные монастыри Русской Православной Церкви', 'founded': '2007'}",,,,,
Свято-Сергиевский женский монастырь г. Белебей,54.111617844912,54.134382984131,/upload/iblock/b8f/b8f5f7ce174e7356f7f86dfdaa419d7e/b24bccf31933f359683282db276ca778_L.jpg,1069,/monastyri/monastery/svyato-sergievskiy-zhenskiy-monastyr-g-belebey/,"{'eparhia': None, 'mitropolia': None, 'boss': None, 'type': 'Епархиальные монастыри Русской Православной Церкви', 'founded': '2017'}",,,,,
"Свято-Силуановский мужской монастырь в  поселке  Сонора, Западно-Американской епархии",37.982255038816,-120.38099035294,/upload/iblock/d1a/88ztglrhh1vj92md34757rtfcmyhjxw0/St_Silouan_06.jpg,9386,/monastyri/monastery/svyato-siluanovskiy-muzhskoy-monastyr-v-poselke-sonora-zapadno-amerikanskoy-eparkhii/,"{'eparhia': None, 'mitropolia': None, 'boss': None, 'type': 'Монастыри РПЦЗ', 'founded': '2015'}",,,,,
Свято-Симеоновское подворье Александро-Невского Ново-Тихвинского женского монастыря,58.760475505348,61.592769287697,/upload/iblock/6fe/015.jpg,1472,/monastyri/monastery/svyato-simeonovskoe-podvore-aleksandro-nevskogo-novo-tikhvinskogo-zhenskogo-monastyrya/,"{'eparhia': None, 'mitropolia': None, 'boss': None, 'type': 'подворье епархиального монастыря', 'founded': ''}",,,,,
Свято-Тихвинский женский  монастырь в селе Курилово,54.456069,45.466662,/upload/iblock/2f5/2f5148b2a6181dd36e95c31754a136e8/jr2a3019.JPG,520,/monastyri/monastery/svyato-tikhvinskiy-zhenskiy-monastyr-v-sele-kurilovo/,"{'eparhia': None, 'mitropolia': None, 'boss': None, 'type': 'Епархиальные монастыри Русской Православной Церкви', 'founded': '1890'}",,,,,
Свято-Тихоновский женский монастырь г. Торопец,56.499336293122,31.636878228836,/upload/iblock/ae0/ae068540ea5367b73506cda255821ba8/0.jpg,380,/monastyri/monastery/svyato-tikhonovskiy-zhenskiy-monastyr-g-toropets/,"{'eparhia': None, 'mitropolia': None, 'boss': None, 'type': 'Епархиальные монастыри Русской Православной Церкви', 'founded': '6'}",,,,,
Свято-Троицкий Белопесоцкий монастырь,54.854162385905,38.150289031799,/upload/iblock/7eb/7eb9550ddd4e14186a27af6a025d18c1/dji_0041.jpg,106,/monastyri/monastery/svyato-troitskiy-belopesotskiy-monastyr/,"{'eparhia': None, 'mitropolia': None, 'boss': None, 'type': 'Епархиальные монастыри Русской Православной Церкви', 'founded': '1498'}",,,,,
Свято-Троицкий Болдин мужской монастырь ,54.927105367614,33.521283156128,/upload/iblock/98d/98d4314c95dd4178550680757cb7e69a/svyato_troitskiy_gerasimo_boldinskiy_m.jpg,275,/monastyri/monastery/svyato-troitskiy-boldin-muzhskoy-monastyr-/,"{'eparhia': None, 'mitropolia': None, 'boss': None, 'type': 'Епархиальные монастыри Русской Православной Церкви', 'founded': '1530'}",,,,,
Свято-Троицкий женский монастырь в с. Старый Ковыляй,54.647044,43.515432,/upload/iblock/185/185530b53833f9848d22b684144e1529/monasterium.ru_22.jpg,394,/monastyri/monastery/svyato-troitskiy-zhenskiy-monastyr-v-s-staryy-kovylyay/,"{'eparhia': None, 'mitropolia': None, 'boss': None, 'type': 'Епархиальные монастыри Русской Православной Церкви', 'founded': '1834'}",,,,,
Свято-Троицкий женский монастырь г. Смоленска ,54.786249563781,32.054056084656,/upload/iblock/496/4965d860f88d700fc7e53fc542ef52f8/1.jpg,369,/monastyri/monastery/svyato-troitskiy-zhenskiy-monastyr-g-smolenska-/,"{'eparhia': None, 'mitropolia': None, 'boss': None, 'type': 'Епархиальные монастыри Русской Православной Церкви', 'founded': '1390'}",,,,,
Свято-Троицкий женский монастырь с. Совхозное,43.795206856894,43.146884238433,/upload/iblock/638/6389fa7cc580b729d88022b41e12e256/monastic_trinity_20110621_9_thumb240_.jpg,1387,/monastyri/monastery/svyato-troitskiy-zhenskiy-monastyr-s-sovkhoznoe/,"{'eparhia': None, 'mitropolia': None, 'boss': None, 'type': 'Епархиальные монастыри Русской Православной Церкви', 'founded': '1902'}",,,,,
Свято-Троицкий Михаило-Клопский мужской монастырь,58.376176,31.12164,/upload/iblock/c3d/c3d57611e899e8f68f322b0fd0ad1842/klopskiy.jpg,489,/monastyri/monastery/svyato-troitskiy-mikhailo-klopskiy-muzhskoy-monastyr/,"{'eparhia': None, 'mitropolia': None, 'boss': None, 'type': 'Епархиальные монастыри Русской Православной Церкви', 'founded': '1220'}",,,,,
Свято-Троицкий мужской  монастырь  в городе Мехико (Мексика) Западно-Американской епархии,19.432442,-99.168774,/upload/iblock/3b2/m03jpc27cu0lz80ekczopelm63jzhxyd/8.jpg,10721,/monastyri/monastery/svyato-troitskiy-muzhskoy-monastyr-v-gorode-mekhiko-meksika-zapadno-amerikanskoy-eparkhii/,"{'eparhia': None, 'mitropolia': None, 'boss': None, 'type': 'Монастыри РПЦЗ', 'founded': '2007'}",,,,,
Свято-Троицкий мужской монастырь с. Троицкое ,50.758550977331,127.94099266661,/upload/iblock/849/849dc1dca13ed04602ec0e2f223b8b75/Svyato_Troitskiy_muzhskoy_monastyr_s._Troitskoe_Ivanovskogo_rayona.jpg,5598,/monastyri/monastery/svyato-troitskiy-muzhskoy-monastyr-s-troitskoe-/,"{'eparhia': None, 'mitropolia': None, 'boss': None, 'type': 'Епархиальные монастыри Русской Православной Церкви', 'founded': '2003'}",,,,,
Свято-Троицкий Никандров женский монастырь,58.830564745148,33.836651320718,/upload/iblock/0e8/0e8813e53f5c2ac5933935f570012fd4/1fMgnxXhnVU.jpg,411,/monastyri/monastery/svyato-troitskiy-nikandrov-zhenskiy-monastyr/,"{'eparhia': None, 'mitropolia': None, 'boss': None, 'type': 'Епархиальные монастыри Русской Православной Церкви', 'founded': '1550'}",,,,,
Свято-Троицкий Николаевский мужской монастырь п. Горные Ключи ,45.226509681869,133.51116939748,/upload/iblock/833/83393c47671e35b8007d042ace94e962/1muhskoi_monastir_gornie_klyh_5.jpg,6327,/monastyri/monastery/svyato-troitskiy-nikolaevskiy-muzhskoy-monastyr-p-gornye-klyuchi-/,"{'eparhia': None, 'mitropolia': None, 'boss': None, 'type': 'Епархиальные монастыри Русской Православной Церкви', 'founded': '1895'}",,,,,
Свято-Троицкий Павло-Обнорский мужской монастырь с. Юношеское ,58.761077550016,40.338931152115,/upload/iblock/5ae/5ae8a43c7f1676f5c3d3996c00ca15a3/IAS_2005.jpg,373,/monastyri/monastery/svyato-troitskiy-pavlo-obnorskiy-muzhskoy-monastyr-s-yunosheskoe-/,"{'eparhia': None, 'mitropolia': None, 'boss': None, 'type': 'Епархиальные монастыри Русской Православной Церкви', 'founded': '1414'}",,,,,
Свято-Троицкий скит в д. Сенно Введенского женского монастыря г. Тихвина.,59.532748646469,33.916675607067,/upload/iblock/d81/d81f17f4af284b6086fa9f34b264c7c0/10.jpg,475,/monastyri/monastery/svyato-troitskiy-skit-v-d-senno-vvedenskogo-zhenskogo-monastyrya-g-tikhvina/,"{'eparhia': None, 'mitropolia': None, 'boss': None, 'type': 'скит епархиального монастыря', 'founded': '1996'}",,,,,
Свято-Троицкий скит Воскресенского Новодевичьего монастыря,56.150852634191,28.349676639826,/upload/iblock/3de/img_0231.jpg,579,/monastyri/monastery/svyato-troitskiy-skit-novodev-mon-spb/,"{'eparhia': None, 'mitropolia': None, 'boss': None, 'type': 'скит епархиального монастыря', 'founded': '2012'}",,,,,
Свято-Троицкий ставропигиальный мужской монастырь в Джорданвилле,42.927394,-74.93503,/upload/iblock/9c3/ld2mtm4apwd9enrn01a60tlcqrn4uncs/0.jpg,7352,/monastyri/monastery/svyato-troitskiy-stavropigialnyy-muzhskoy-monastyr-v-dzhordanville/,"{'eparhia': None, 'mitropolia': None, 'boss': None, 'type': 'Монастыри РПЦЗ', 'founded': '1928'}",,,,,
Свято-Троицкий Туруханский мужской монастырь,65.790510162157,87.975886660713,/upload/iblock/e02/e029323ac90f788211e55f1228fb396d/20151221_125452.jpg,2857,/monastyri/monastery/svyato-troitskiy-turukhanskiy-muzhskoy-monastyr/,"{'eparhia': None, 'mitropolia': None, 'boss': None, 'type': 'Епархиальные монастыри Русской Православной Церкви', 'founded': '1660'}",,,,,
"Свято-Троицкий Филиппо-Ирапский мужской монастырь, пос. Зеленый Берег",59.32561347564,37.181467939774,/upload/iblock/227/22774f0edaa6e7f0444767d72cab15d7/QusAKTxzRXc.jpg,398,/monastyri/monastery/svyato-troitskiy-filippo-irapskiy-muzhskoy-monastyr-pos-zelenyy-bereg/,"{'eparhia': None, 'mitropolia': None, 'boss': None, 'type': 'Епархиальные монастыри Русской Православной Церкви', 'founded': '1537'}",,,,,
"Свято-Троицкий храм с. Большой Сундырь Моргаушского района, подворье Свято-Троицкого мужского монастыря",56.114858814821,46.749869490114,/upload/iblock/b4a/b4a8b2ed590314100eae0150a764f16e/sund.jpg,570,/monastyri/monastery/svyato-troitskiy-khram-s-bolshoy-sundyr-morgaushskogo-rayona-podvore-svyato-troitskogo-muzhskogo-mon/,"{'eparhia': None, 'mitropolia': None, 'boss': None, 'type': 'подворье епархиального монастыря', 'founded': ''}",,,,,
Свято-Успенская Киево-Печерская лавра Киевской епархии,50.433617286739,30.559054812195,/upload/iblock/570/jp61979tq4uzy7ylso2ot6r5a13dgzgi/00.jpg,756,/monastyri/monastery/svyato-uspenskaya-kievo-pecherskaya-lavra-kievskoy-eparkhii/,"{'eparhia': None, 'mitropolia': None, 'boss': None, 'type': 'Монастыри УПЦ МП', 'founded': '1051'}",,,,,
Свято-Успенская Макарьевская пустынь,59.505872198972,31.384737024887,/upload/iblock/4e7/13301_20091021_084717.jpg,558,/monastyri/monastery/makareva-pustyn/,"{'eparhia': None, 'mitropolia': None, 'boss': None, 'type': 'Епархиальные монастыри Русской Православной Церкви', 'founded': '0'}",,,,,
"Свято-Успенская Почаевская Лавра, мужской ставропигиальный монастырь  Киевской епархии",50.004713021942,25.50748984523,/upload/iblock/888/xs5f24h3221c85l9fydgx7pymatv07yq/enifing2.jpg,1032,/monastyri/monastery/svyato-uspenskaya-pochaevskaya-lavra-muzhskoy-stavropigialnyy-monastyr-kievskoy-eparkhii/,"{'eparhia': None, 'mitropolia': None, 'boss': None, 'type': 'Монастыри УПЦ МП', 'founded': '1240'}",,,,,
Свято-Успенский Дивногорский мужской монастырь,50.980142052726,39.317259834532,/upload/iblock/2b8/v8vx6hv4i9a8ad5l65nr3x60v22odjba/1dbfe068_9325_4742_a0ed_d220009aa9ac.jpg,543,/monastyri/monastery/svyato-uspenskiy-divnogorskiy-muzhskoy-monastyr/,"{'eparhia': None, 'mitropolia': None, 'boss': None, 'type': 'Епархиальные монастыри Русской Православной Церкви', 'founded': '1653'}",,,,,
Свято-Успенский женский монастырь г. Оренбурга,51.772706258671,55.110438138692,/upload/iblock/24a/24a6fcc2fa93745df6b83ac5fe41f972/11111.jpg,1228,/monastyri/monastery/svyato-uspenskiy-zhenskiy-monastyr-g-orenburga/,"{'eparhia': None, 'mitropolia': None, 'boss': None, 'type': 'Епархиальные монастыри Русской Православной Церкви', 'founded': '1872'}",,,,,
Свято-Успенский женский монастырь села Елыкаево,55.300843,86.258728,/upload/iblock/5ba/5ba832b34e729fa3f22c25f055b82968/rr.jpeg,2999,/monastyri/monastery/svyato-uspenskiy-zhenskiy-monastyr-sela-elykaevo/,"{'eparhia': None, 'mitropolia': None, 'boss': None, 'type': 'Епархиальные монастыри Русской Православной Церкви', 'founded': '2008'}",,,,,
Свято-Успенский мужской монастырь в г. Новомосковск ,54.017988117221,38.309388468421,/upload/iblock/e5b/020.jpg,199,/monastyri/monastery/svyato-uspenskiy-muzhskoy-monastyr-v-g-novomoskovsk-/,"{'eparhia': None, 'mitropolia': None, 'boss': None, 'type': 'Епархиальные монастыри Русской Православной Церкви', 'founded': '1995'}",,,,,
Свято-Юрьев мужской монастырь,58.48746936202,31.284022313492,/upload/iblock/cf3/cf31f8c8a1f914e5d7b32c90df8fdda8/L6m7FdMhV2w.jpg,488,/monastyri/monastery/svyato-yurev-muzhskoy-monastyr/,"{'eparhia': None, 'mitropolia': None, 'boss': None, 'type': 'Епархиальные монастыри Русской Православной Церкви', 'founded': '1119'}",,,,,
Святого Саввы Освященного мужской монастырь Запорожской епархии ,46.833728235534,35.376609315483,/upload/iblock/3ea/641ecmig2w0n1ab16qx4q9en1qmolmpr/00.jpg,1005,/monastyri/monastery/svyatogo-savvy-osvyashchennogo-muzhskoy-monastyr-zaporozhskoy-eparkhii-/,"{'eparhia': None, 'mitropolia': None, 'boss': None, 'type': 'Монастыри УПЦ МП', 'founded': '1994'}",,,,,
Святогорский Крестовоздвиженский женский монастырь с. Егорьевка ,50.679740312213,127.69620710849,/upload/iblock/d83/d83cf7b72efa824d0ead054b2269f6bd/vVGU2bU9Nmw.jpg,5592,/monastyri/monastery/svyatogorskiy-krestovozdvizhenskiy-zhenskiy-monastyr-s-egorevka-/,"{'eparhia': None, 'mitropolia': None, 'boss': None, 'type': 'Епархиальные монастыри Русской Православной Церкви', 'founded': '2002'}",,,,,
Женский монастырь Святоезерская Иверская пустынь в с. Мугреевский,56.602718524957,42.352482880231,/upload/iblock/9db/9dbf9cd9883ffb4eff857747607c0a9a/11.jpg,308,/monastyri/monastery/zhenskiy-monastyr-svyatoezerskaya-iverskaya-pustyn-v-s-mugreevskiy/,"{'eparhia': None, 'mitropolia': None, 'boss': None, 'type': 'Епархиальные монастыри Русской Православной Церкви', 'founded': '1350'}",,,,,
"Святой Троицы мужской монастырь, г. Хуст-Городилово Хустской епархии",48.182288952086,23.266769437172,/upload/iblock/fc8/ous7ewe5wva0cp3ofb4ng5tyn65axe0m/00.jpg,1291,/monastyri/monastery/svyatoy-troitsy-muzhskoy-monastyr-g-khust-gorodilovo-khustskoy-eparkhii/,"{'eparhia': None, 'mitropolia': None, 'boss': None, 'type': 'Монастыри УПЦ МП', 'founded': '1990'}",,,,,
Святых жен-мироносиц женский монастырь «Леорда»  Черновицко-Буковинской епархии,48.082994286641,25.676362798874,/upload/iblock/2ba/11zfx9v24u7ayhj0ivvn3yviino10u9m/00.jpg,1180,/monastyri/monastery/svyatykh-zhen-mironosits-zhenskiy-monastyr-leorda-chernovitsko-bukovinskoy-eparkhii/,"{'eparhia': None, 'mitropolia': None, 'boss': None, 'type': 'Монастыри УПЦ МП', 'founded': '1994'}",,,,,
Священномученика Владимира мужской монастырь Криворожской епархии,48.011451254019,33.444325682728,/upload/iblock/98e/stnkbskyq06fnvqqgbjea2z4xz0totcb/00.jpg,908,/monastyri/monastery/svyashchennomuchenika-vladimira-muzhskoy-monastyr-krivorozhskoy-eparkhii/,"{'eparhia': None, 'mitropolia': None, 'boss': None, 'type': 'Монастыри УПЦ МП', 'founded': '1996'}",,,,,
Севский Кресто-Воздвиженский женский монастырь,52.161572277531,34.488799898148,/upload/iblock/52c/52cc8fe77d0e932f86f7636d705720b2/49208.jpg,449,/monastyri/monastery/sevskiy-kresto-vozdvizhenskiy-zhenskiy-monastyr/,"{'eparhia': None, 'mitropolia': None, 'boss': None, 'type': 'Епархиальные монастыри Русской Православной Церкви', 'founded': '2000'}",,,,,
Севский Троицкий мужской монастырь,52.153502475844,34.496855847221,/upload/iblock/6f4/6f47e0045872471689ef6661b1316afe/36339.jpg,450,/monastyri/monastery/sevskiy-troitskiy-muzhskoy-monastyr/,"{'eparhia': None, 'mitropolia': None, 'boss': None, 'type': 'Епархиальные монастыри Русской Православной Церкви', 'founded': '1612'}",,,,,
Сезеновский Иоанно-Казанский  женский монастырь ,53.076098189298,39.312172597589,/upload/iblock/ac4/ac4201dc0c9e133866b79e212ad15073/1.JPG,318,/monastyri/monastery/sezenovskiy-ioanno-kazanskiy-zhenskiy-monastyr-/,"{'eparhia': None, 'mitropolia': None, 'boss': None, 'type': 'Епархиальные монастыри Русской Православной Церкви', 'founded': '1853'}",,,,,
Серафимо - Понетаеевский монастырь - скит Серафимо - Дивеевского монастыря,55.115833992402,43.886032628311,/upload/iblock/4bc/9.jpg,402,/monastyri/monastery/serafimo-ponetaeevskiy-monastyr-skit-serafimo-diveevskogo-monastyrya/,"{'eparhia': None, 'mitropolia': None, 'boss': None, 'type': 'скит епархиального монастыря', 'founded': ''}",,,,,
Серафимо-Алексеевский скит Белогорского Николаевского мужского монастыря,57.376379,56.162088,/upload/iblock/4cb/4cb334926a80391fe6f07ad7085d4a6d/kr5_yEEC5oo.jpg,1147,/monastyri/monastery/serafimo-alekseevskiy-skit-belogorskogo-nikolaevskogo-muzhskogo-monastyrya/,"{'eparhia': None, 'mitropolia': None, 'boss': None, 'type': 'подворье епархиального монастыря', 'founded': ''}",,,,,
Серафимо-Саровский мужской монастырь с. Новомакарово,51.456792983157,41.23571624157,/upload/iblock/79f/79fd4ab7bcb48585ff05a98c572be0ae/IMG_4295_.jpg,535,/monastyri/monastery/serafimo-sarovskiy-muzhskoy-monastyr-s-novomakarovo/,"{'eparhia': None, 'mitropolia': None, 'boss': None, 'type': 'Епархиальные монастыри Русской Православной Церкви', 'founded': '1995'}",,,,,
Свято-Серафимовский женский  монастырь Хустской епархии ,48.396571,24.02423,/upload/iblock/889/w81y1r9v33g8vuj3xluud8uy9moue6wa/00.jpg,1235,/monastyri/monastery/svyato-serafimovskiy-zhenskiy-monastyr-khustskoy-eparkhii-/,"{'eparhia': None, 'mitropolia': None, 'boss': None, 'type': 'Монастыри УПЦ МП', 'founded': '2006'}",,,,,
Свято-Серафимовский женский монастырь Бердянской епархии,47.331029357204,36.698809415344,/upload/iblock/645/p2ur56pteodutt97uoa8ugk89mqlt47m/00.jpg,939,/monastyri/monastery/svyato-serafimovskiy-zhenskiy-monastyr-berdyanskoy-eparkhii/,"{'eparhia': None, 'mitropolia': None, 'boss': None, 'type': 'Монастыри УПЦ МП', 'founded': '2010'}",,,,,
Серафимовский женский монастырь близ ж/д остановочного пункта Татьяновский ,54.959377,72.435664,/upload/iblock/d40/d40dc11ff6e9b994e189929b8ba16924/a.jpg,2180,/monastyri/monastery/serafimovskiy-zhenskiy-monastyr-bliz-zh-d-ostanovochnogo-punkta-tatyanovskiy-/,"{'eparhia': None, 'mitropolia': None, 'boss': None, 'type': 'Епархиальные монастыри Русской Православной Церкви', 'founded': '2006'}",,,,,
Свято-Серафимовский женский монастырь Мукачевской епархии,48.373027,23.220609,/upload/iblock/80c/mlrypskyg65wbxa2iol8yywd28lx3v2d/00.jpg,1278,/monastyri/monastery/svyato-serafimovskiy-zhenskiy-monastyr-mukachevskoy-eparkhii/,"{'eparhia': None, 'mitropolia': None, 'boss': None, 'type': 'Монастыри УПЦ МП', 'founded': '1938'}",,,,,
"Сергиева пустынь, женский монастырь Хустской епархии",48.004763191387,23.767433207809,/upload/iblock/c7e/xotv07gnfb2nnuik06kh783hsezhxmq5/00.jpg,1280,/monastyri/monastery/sergieva-pustyn-zhenskiy-monastyr-khustskoy-eparkhii/,"{'eparhia': None, 'mitropolia': None, 'boss': None, 'type': 'Монастыри УПЦ МП', 'founded': '2001'}",,,,,
"Сергиева пустынь, подворье Введенского женского монастыря г. Иваново",56.903291,40.756391,/upload/iblock/f04/f040de7195692835a71eb8907d545480/IRcI88eW8Mk.jpg,232,/monastyri/monastery/sergieva-pustyn-podvore-vvedenskogo-zhenskogo-monastyrya-g-ivanovo/,"{'eparhia': None, 'mitropolia': None, 'boss': None, 'type': 'подворье епархиального монастыря', 'founded': '2014'}",,,,,
Свято-Сергиевский мужской монастырь Северодонецкой епархии,49.035881025183,38.218788782274,/upload/iblock/255/ceogjka4u7u3l25b7zcov20jru7nnuu7/00.jpg,749,/monastyri/monastery/svyato-sergievskiy-muzhskoy-monastyr-severodonetskoy-eparkhii/,"{'eparhia': None, 'mitropolia': None, 'boss': None, 'type': 'Монастыри УПЦ МП', 'founded': '2003'}",,,,,
Сергиевский скит Троицкого Серафимо-Дивеевского монастыря,55.372402553875,43.792698135614,/upload/iblock/0d1/sskit.jpg,391,/monastyri/monastery/sergievskiy-skit-troitskogo-serafimo-diveevskogo-monastyrya/,"{'eparhia': None, 'mitropolia': None, 'boss': None, 'type': 'скит епархиального монастыря', 'founded': ''}",,,,,
Серпуховской Высоцкий ставропигиальный мужской монастырь,54.901990626452,37.419426867073,/upload/iblock/90f/90fda8da0ad9f2a78e011a34da62c387/1.jpg,96,/monastyri/monastery/vysotskiy-muzhskoy-monastyr/,"{'eparhia': None, 'mitropolia': None, 'boss': None, 'type': 'Ставропигиальные монастыри Русской Православной Церкви', 'founded': '1374'}",,,,,
Серпуховской Введенский Владычний женский монастырь,54.898688094216,37.398685186508,/upload/iblock/b0f/b0f5a9fb61196fb648c6b938655f90e4/1.JPG,97,/monastyri/monastery/serpukhovskoy-vvedenskiy-vladychniy-zhenskiy-monastyr/,"{'eparhia': None, 'mitropolia': None, 'boss': None, 'type': 'Епархиальные монастыри Русской Православной Церкви', 'founded': '1360'}",,,,,
Симбирский Спасский  женский монастырь,54.316679,48.400084,/upload/iblock/f4b/f4b3b0b797cde00d89ff5addec68b89c/fL_dB4rkXMQ.jpg,705,/monastyri/monastery/simbirskiy-spasskiy-zhenskiy-monastyr/,"{'eparhia': None, 'mitropolia': None, 'boss': None, 'type': 'Епархиальные монастыри Русской Православной Церкви', 'founded': '1663'}",,,,,
Свято-Симеоновский мужской монастырь Хустской епархии,48.164326,23.046751,/upload/iblock/bce/yre2k4rqsnnslnueeympg18yidqkph3l/00.jpg,1303,/monastyri/monastery/svyato-simeonovskiy-muzhskoy-monastyr-khustskoy-eparkhii/,"{'eparhia': None, 'mitropolia': None, 'boss': None, 'type': 'Монастыри УПЦ МП', 'founded': '2000'}",,,,,
Сирецкий во имя великомученика  Иакова Персянина мужской монастырь Кишиневской епархии,47.125956,28.711032,/upload/iblock/e4f/sag6pvuizg25bkelacf1owjj2o8ug184/29_2008.jpg,1140,/monastyri/monastery/siretskiy-vo-imya-velikomuchenika-iakova-persyanina-muzhskoy-monastyr-kishinevskoy-eparkhii/,"{'eparhia': None, 'mitropolia': None, 'boss': None, 'type': 'Монастыри Православной Церкви Молдовы', 'founded': '1999'}",,,,,
"Скит  в честь преподобного Трифона Вятского, подворье Троицкого Соликамского мужского монастыря в селе Пыскор",59.4876334526,56.564695712512,/upload/iblock/0e8/0e8291e0429dddea77f5e725e15a1948/pyskor.jpg,1198,/monastyri/monastery/skit-v-chest-prepodobnogo-trifona-vyatskogo-podvore-troitskogo-solikamskogo-muzhskogo-monastyrya-v-s/,"{'eparhia': None, 'mitropolia': None, 'boss': None, 'type': 'подворье епархиального монастыря', 'founded': '2017'}",,,,,
Скит  в честь преподобной Марии Египетской Свято-Елисаветинсого женского монастыря,55.001234882226,21.744296294292,/upload/iblock/06e/06e39b98503f277b6eb3bc775411ce6c/12.jpg,1005,/monastyri/monastery/skit-v-chest-prepodobnoy-marii-egipetskoy-svyato-elisavetinsogo-zhenskogo-monastyrya/,"{'eparhia': None, 'mitropolia': None, 'boss': None, 'type': 'скит епархиального монастыря', 'founded': '2007'}",,,,,
Скит Анастасии Узорешительницы Успенского Бахчисарайского мужского монастыря,44.698140999313,33.884323760512,/upload/iblock/b32/b324652da859ccc26643dc503e9d5763/DSC_2808.jpg,1258,/monastyri/monastery/skit-anastasii-uzoreshitelnitsy-uspenskogo-bakhchisarayskogo-muzhskogo-monastyrya/,"{'eparhia': None, 'mitropolia': None, 'boss': None, 'type': 'скит епархиального монастыря', 'founded': '2005'}",,,,,
Скит Богородицкого Житенного женского монастыря в честь иконы Божией Матери «Экономисса»,57.358071,33.263362,/upload/iblock/cc4/cc40f1bfd9f46ee09c3a9ff89b6d585b/IMG_3433.jpg,321,/monastyri/monastery/skit-bogoroditskogo-zhitennogo-zhenskogo-monastyrya-v-chest-ikony-bozhiey-materi-ekonomissa/,"{'eparhia': None, 'mitropolia': None, 'boss': None, 'type': 'скит епархиального монастыря', 'founded': ''}",,,,,
Скит в честь  праведной Анны Николаевского Городокского  женского монастыря Ровенской епархии,50.183159955378,25.629075300536,/upload/iblock/8db/7sfqy6xehpcvrup9cr4xljpdn5239sd0/b_200_200_16777215_00_images_stories_sezd_nastoyatelnic_2009._454.jpg,1012,/monastyri/monastery/skit-v-chest-pravednoy-anny-nikolaevskogo-gorodokskogo-zhenskogo-monastyrya-rovenskoy-eparkhii/,"{'eparhia': None, 'mitropolia': None, 'boss': None, 'type': 'скит епархиального монастыря', 'founded': '2000'}",,,,,
Скит в честь «Владимирской» иконы Божией Матери,54.614719731066,35.999278223319,/upload/iblock/2d5/2d5aa43ed87720849d8dff4c8c2df33f/DJI_0006.JPG,164,/monastyri/monastery/skit-v-chest-vladimirskoy-ikony-bozhiey-materi/,"{'eparhia': None, 'mitropolia': None, 'boss': None, 'type': 'скит епархиального монастыря', 'founded': ''}",,,,,
Скит в честь Жен-мироносиц Свято-Покровского женского монастыря пгт. Гоща Ровенской епархии,50.562951951812,26.632638885308,/upload/iblock/7db/ux63m2w7tpa94ohardd5iw7d6756f6qn/00.jpg,931,/monastyri/monastery/skit-v-chest-zhen-mironosits-svyato-pokrovskogo-zhenskogo-monastyrya-pgt-goshcha-rovenskoy-eparkhii/,"{'eparhia': None, 'mitropolia': None, 'boss': None, 'type': 'скит епархиального монастыря', 'founded': ''}",,,,,
Скит в честь Иверской иконы Божией Матери ставропигиального женского монастыря в честь Афонской иконы Божией Матери  Киевской епархии ,50.117118,29.435651,/upload/iblock/a7a/k8e9142f43tgobzql5sm5hw7az2tybjq/00-_1_.jpg,832,/monastyri/monastery/skit-v-chest-iverskoy-ikony-bozhiey-materi-stavropigialnogo-zhenskogo-monastyrya-v-chest-afonskoy-ik/,"{'eparhia': None, 'mitropolia': None, 'boss': None, 'type': 'скит епархиального монастыря', 'founded': '2013'}",,,,,
Скит в честь иконы Божией Матери  «Скоропослушница» Тихвинского женского монастыря Днепропетровской епархии,48.4241,35.3346,,830,/monastyri/monastery/skit-v-chest-ikony-bozhiey-materi-skoroposlushnitsa-tikhvinskogo-zhenskogo-monastyrya-dnepropetrovsk/,"{'eparhia': None, 'mitropolia': None, 'boss': None, 'type': 'скит епархиального монастыря', 'founded': ''}",,,,,
Скит в честь иконы Божией Матери «Валаамская» Московского подворья Валаамского мужского монастыря. ,55.220362336667,38.694030939117,/upload/iblock/b01/12.jpg,91,/monastyri/monastery/skit-v-chest-ikony-bozhiey-materi-valaamskaya/,"{'eparhia': None, 'mitropolia': None, 'boss': None, 'type': 'скит ставропигиального монастыря', 'founded': '1995'}",,,,,
Скит в честь иконы Божией Матери «Всех скорбящих Радость» Свято-Успенской Святогорской Лавры Донецкой епархии ,49.014927816629,37.514199549599,/upload/iblock/3b6/d14m5mw2giovk3fssyg53kf5wljqou4p/00.jpg,750,/monastyri/monastery/skit-v-chest-ikony-bozhiey-materi-svyato-uspenskoy-svyatogorskoy-lavry-donetskoy-eparkhii-/,"{'eparhia': None, 'mitropolia': None, 'boss': None, 'type': 'скит епархиального монастыря', 'founded': '2005'}",,,,,
Скит в честь Печерской иконы Божией Матери Свято-Успенской Киево-Печерськой Лавры Киевской епархии ,50.369402091282,30.514396590711,/upload/iblock/651/8fnud84dvu3s3xmt63lca2ldvd3p8l80/00-_1_.jpg,764,/monastyri/monastery/skit-v-chest-pecherskoy-ikony-bozhiey-materi-svyato-uspenskoy-kievo-pecherskoy-lavry-kievskoy-eparkh/,"{'eparhia': None, 'mitropolia': None, 'boss': None, 'type': 'скит ставропигиального монастыря', 'founded': ''}",,,,,
Скит в честь Почаевской иконы Божией Матери Троицкого ставропигиального женского монастыря Киевской епархии,48.684599,29.226034,/upload/iblock/ff6/vfxhxnnyipkxokjo1rqvnk0drvelp7z0/01.jpg,971,/monastyri/monastery/skit-v-chest-pochaevskoy-ikony-bozhiey-materi-troitskogo-stavropigialnogo-zhenskogo-monastyrya-kievs/,"{'eparhia': None, 'mitropolia': None, 'boss': None, 'type': 'скит ставропигиального монастыря', 'founded': '2012'}",,,,,
Скит в честь преподобного Серафима Саровского  Курской Коренной Рождества Пресвятой Богородицы мужской пустыни,51.96420138036,36.311812410528,/upload/iblock/81e/81eaab997557e873ada5637836710520/skit1.jpg,431,/monastyri/monastery/skit-v-chest-prepodobnogo-serafima-sarovskogo-kurskoy-korennoy-rozhdestva-presvyatoy-bogoroditsy-muzh/,"{'eparhia': None, 'mitropolia': None, 'boss': None, 'type': 'подворье епархиального монастыря', 'founded': ''}",,,,,
Скит в честь преподобного Серафима Саровского. Тихвинского женского монастыря Днепропетровской епархии,48.66262871315,35.378222706799,,804,/monastyri/monastery/skit-v-chest-prepodobnogo-serafima-sarovskogo-tikhvinskogo-zhenskogo-monastyrya-dnepropetrovskoy-epa/,"{'eparhia': None, 'mitropolia': None, 'boss': None, 'type': 'скит епархиального монастыря', 'founded': '2005'}",,,,,
Скит в честь преподобного Ферапонта Лужнецкого Свято-Елисаветинского женского монастыря,55.001348808325,21.749537240784,/upload/iblock/ef0/ef08e7abe96229ad2aefe412dc92724a/vid_na_skit.JPG,1004,/monastyri/monastery/skit-v-chest-prepodobnogo-feraponta-luzhnetskogo-svyato-elisavetinskogo-zhenskogo-monastyrya/,"{'eparhia': None, 'mitropolia': None, 'boss': None, 'type': 'скит епархиального монастыря', 'founded': '2004'}",,,,,
Скит в честь преподобных Антония и Феодосия Печерских Свято-Успенской Святогорской Лавры Донецкой епархии ,49.029154,37.570327,/upload/iblock/ce5/r0hgzi250wum4gnxrfxvjj3zfd4hr7vi/08.jpg,748,/monastyri/monastery/skit-v-chest-prepodobnykh-antoniya-i-feodosiya-pecherskikh-svyato-uspenskoy-svyatogorskoy-lavry-done/,"{'eparhia': None, 'mitropolia': None, 'boss': None, 'type': 'скит епархиального монастыря', 'founded': '2001'}",,,,,
 Скит в честь Рождества Иоанна Крестителя  Троицкого женского монастыря Фрумоаса ,47.327165872401,28.391659259225,,1132,/monastyri/monastery/skit-v-chest-rozhdestva-ioanna-krestitelya-troitskogo-zhenskogo-monastyrya-frumoasa-/,"{'eparhia': None, 'mitropolia': None, 'boss': None, 'type': 'скит епархиального монастыря', 'founded': '2005'}",,,,,
Скит в честь свт. Иоанна Шанхайского Свято-Успенской Святогорской Лавры Донецкой епархии ,48.941503343153,37.45660819964,/upload/iblock/de6/vnrlgfb3504s87fi1dce0kji53t9i6fb/01.jpg,758,/monastyri/monastery/skit-v-chest-svt-ioanna-shankhayskogo-svyato-uspenskoy-svyatogorskoy-lavry-donetskoy-eparkhii-/,"{'eparhia': None, 'mitropolia': None, 'boss': None, 'type': 'скит епархиального монастыря', 'founded': '2018'}",,,,,
Скит в честь святителя Нектария Эгинского Заволжского мужского монастыря в честь Честного и Животворящего Креста Господня,53.32534356027,50.09478585582,/upload/iblock/040/0403c62325a37e48638a1752db50a0f7/08988790ca53f7fc50d5c3cc53601e60.jpg,848,/monastyri/monastery/skit-v-chest-svyatitelya-nektariya-eginskogo-zavolzhskogo-muzhskogo-monastyrya-v-chest-chestnogo-i-zh/,"{'eparhia': None, 'mitropolia': None, 'boss': None, 'type': 'скит епархиального монастыря', 'founded': '2007'}",,,,,
Скит в честь святого мученика Александра Римского Свято-Кирилловского мужского монастыря Киевской епархии,50.18198,31.278146,/upload/iblock/496/tgvhfuttewr76pyii0bh2rv64nm3rbmy/00.jpg,751,/monastyri/monastery/skit-v-chest-svyatogo-muchenika-aleksandra-rimskogo-svyato-kirillovskogo-muzhskogo-monastyrya-kievsk/,"{'eparhia': None, 'mitropolia': None, 'boss': None, 'type': 'скит епархиального монастыря', 'founded': '2012'}",,,,,
Скит в честь Тихвинской иконы Божией Матери Свято-Николаевского женского монастыря Запорожской епархии,47.567441574628,35.329711213217,,924,/monastyri/monastery/skit-v-chest-tikhvinskoy-ikony-bozhiey-materi-svyato-nikolaevskogo-zhenskogo-monastyrya-zaporozhskoy/,"{'eparhia': None, 'mitropolia': None, 'boss': None, 'type': 'скит епархиального монастыря', 'founded': '2013'}",,,,,
Скит великомученика Димитрия Солунского  монастыря первоверховных апостолов Петра и Павла,47.427054174114,27.666005451822,/upload/iblock/098/8lvbtsqjhrfhhftd63hmt4pt6lr299ml/1.jpg,1151,/monastyri/monastery/skit-velikomuchenika-dimitriya-solunskogo-monastyrya-pervoverkhovnykh-apostolov-petra-i-pavla/,"{'eparhia': None, 'mitropolia': None, 'boss': None, 'type': 'скит епархиального монастыря', 'founded': ''}",,,,,
Скит Троицкого Рождества Богородицы Оптина женского монастыря в честь  великомученика и победоносца Георгия близ Кривцовского мемориала,53.309870740106,36.159873915344,/upload/iblock/352/3521851ebf041e340ed9048080f62321/skit.jpg,288,/monastyri/monastery/skit-troitskogo-rozhdestva-bogoroditsy-optina-zhenskogo-monastyrya-v-chest-velikomuchenika-i-pobedon/,"{'eparhia': None, 'mitropolia': None, 'boss': None, 'type': 'скит епархиального монастыря', 'founded': ''}",,,,,
Скит Верещагинского Лазаревского женского монастыря в честь праведного Лазаря Четверодневног,58.150133782914,54.713054490484,/upload/iblock/822/82291906e4ecfe3866c38e8b016c47a2/skit2.jpg,1068,/monastyri/monastery/skit-vereshchaginskogo-lazarevskogo-zhenskogo-monastyrya-v-chest-pravednogo-lazarya-chetverodnevnog/,"{'eparhia': None, 'mitropolia': None, 'boss': None, 'type': 'скит епархиального монастыря', 'founded': ''}",,,,,
"Скит во имя  Всех Святых, Валаамский монастырь",61.392450300864,30.913008755037,/upload/iblock/6b7/6b7eafdb1afa8ae213e35da4fb7f7d9b/valaam_dost6.jpg,737,/monastyri/monastery/skit-vo-imya-vsekh-svyatykh/,"{'eparhia': None, 'mitropolia': None, 'boss': None, 'type': 'скит ставропигиального монастыря', 'founded': ''}",,,,,
Скит во имя Всех Святых Успенского Иосифо-Волоцкого ставропигиального монастыря,56.173796929097,36.127512129639,/upload/iblock/1ba/1ba917151f2edbdd1aff26b95b01bb00/005.jpg,104,/monastyri/monastery/skit-vo-imya-vsekh-svyatykh-uspenskogo-iosifo-volotskogo-stavropigialnogo-monastyrya/,"{'eparhia': None, 'mitropolia': None, 'boss': None, 'type': 'скит ставропигиального монастыря', 'founded': ''}",,,,,
Скит во имя святителя Николая Чудотворца Троицкой Александро-Невской лавры,59.907111082314,29.699165047995,/upload/iblock/543/01.jpg,658,/monastyri/monastery/skit-vo-imya-svyatitelya-nikolaya-chudotvortsa/,"{'eparhia': None, 'mitropolia': None, 'boss': None, 'type': 'скит епархиального монастыря', 'founded': ''}",,,,,
Скит во имя Святого Духа Самарского Иверского женского монастыря,53.174311555053,50.456277067459,/upload/iblock/088/088c77d215fb05ac54751ae997ec88fc/m59.jpg,877,/monastyri/monastery/skit-vo-imya-svyatogo-dukha-samarskogo-iverskogo-zhenskogo-monastyrya/,"{'eparhia': None, 'mitropolia': None, 'boss': None, 'type': 'подворье епархиального монастыря', 'founded': '1996'}",,,,,
Скит Иверского женского монастыря в честь Турковицкой иконы Божьей Матери Донецкой епархии,48.064659,37.662127,/upload/iblock/7f6/pksty5velyn0cqlex992r7hoyuedx92y/1.jpg,856,/monastyri/monastery/skit-iverskogo-zhenskogo-monastyrya-v-chest-turkovitskoy-ikony-bozhey-materi-donetskoy-eparkhii/,"{'eparhia': None, 'mitropolia': None, 'boss': None, 'type': 'скит епархиального монастыря', 'founded': '2014'}",,,,,
Скит Камчатского Пантелеимонова мужского монастыря в честь Всех Святых,52.851335,158.158876,/upload/iblock/da0/da079b737d3fd1002922dc7c9a354c7d/140_1024x683.jpg,6773,/monastyri/monastery/skit-kamchatskogo-panteleimonova-muzhskogo-monastyrya-v-chest-vsekh-svyatykh/,"{'eparhia': None, 'mitropolia': None, 'boss': None, 'type': 'скит епархиального монастыря', 'founded': ''}",,,,,
 Скит мучеников Викентия и Доримедонта  Вознесенского Ново-Нямецкого Кицканского мужского монастыря Кишиневской епархии,46.747113,29.566672,/upload/iblock/62c/v05tphxeabmkg3fgmofn25gm3yrjykca/Schit1.jpg,1147,/monastyri/monastery/skit-muchenikov-vikentiya-i-dorimedonta-voznesenskogo-novo-nyametskogo-kitskanskogo-muzhskogo-monast/,"{'eparhia': None, 'mitropolia': None, 'boss': None, 'type': 'скит епархиального монастыря', 'founded': '1993'}",,,,,
Скит Николо - Шартомского монастыря в д. Большие Дворишки.,56.975818193099,41.528933824387,/upload/iblock/9a9/9a96ddae1b1d91e0ec9f94cb554921b3/skit.jpg,277,/monastyri/monastery/skit-nikolo-shartomskogo-monastyrya-v-d-bolshie-dvorishki/,"{'eparhia': None, 'mitropolia': None, 'boss': None, 'type': 'скит епархиального монастыря', 'founded': ''}",,,,,
Скит Никольского мужского монастыря в честь преподобного Александра Свирского,55.213531176504,73.245186833789,,2221,/monastyri/monastery/skit-nikolskogo-muzhskogo-monastyrya-v-chest-prepodobnogo-aleksandra-svirskogo/,"{'eparhia': None, 'mitropolia': None, 'boss': None, 'type': 'скит епархиального монастыря', 'founded': ''}",,,,,
Скит Параклит Троице-Сергиевой лавры,56.318175597546,38.235538299387,/upload/iblock/e6e/monasterium.rui_02.jpg,74,/monastyri/monastery/skit-paraklit-troitse-sergievoy-lavry/,"{'eparhia': None, 'mitropolia': None, 'boss': None, 'type': 'подворье епархиального монастыря', 'founded': '1858'}",,,,,
Скит Покровского женского монастыря Криворожской епархии,48.098676366551,33.433154018058,,899,/monastyri/monastery/skit-pokrovskogo-zhenskogo-monastyrya-krivorozhskoy-eparkhii/,"{'eparhia': None, 'mitropolia': None, 'boss': None, 'type': 'скит епархиального монастыря', 'founded': '2000'}",,,,,
Скит Покровского женского монастыря с. Дракино,54.046912990295,43.27594245181,/upload/iblock/b2d/b2d7047f986174198dda35b2781bbccf/475B9B0940D2_2.jpg,409,/monastyri/monastery/skit-pokrovskogo-zhenskogo-monastyrya-s-drakino/,"{'eparhia': None, 'mitropolia': None, 'boss': None, 'type': 'скит епархиального монастыря', 'founded': '2002'}",,,,,
Скит Рождества Пресвятой Богородицы в с.Сторожевое ,53.261276582125,36.317661418205,/upload/iblock/7b1/7b1621b9122f4569b2e9dd8273417cc8/23376118_1884506371865897_7096039833405413226_n.jpg,290,/monastyri/monastery/skit-rozhdestva-presvyatoy-bogoroditsy-v-s-storozhevoe-/,"{'eparhia': None, 'mitropolia': None, 'boss': None, 'type': 'Епархиальные монастыри Русской Православной Церкви', 'founded': '2007'}",,,,,
Скит Рождества Пресвятой Богородицы села Коренское Рыльского Свято-Николаевского мужского монастыря,51.537699409049,34.479591966613,/upload/iblock/bab/bab763a0ceb6696a4040d5d0556aad44/skit4.jpg,513,/monastyri/monastery/skit-rozhdestva-presvyatoy-bogoroditsy-sela-korenskoe-rylskogo-svyato-nikolaevskogo-muzhskogo-monast/,"{'eparhia': None, 'mitropolia': None, 'boss': None, 'type': 'скит епархиального монастыря', 'founded': ''}",,,,,
Скит Святых новомучеников и исповедников Российских в городе Орле,53.01762,36.16191,/upload/iblock/9b1/9b10ccf7603415433e82f670e46179df/skit.jpg,319,/monastyri/monastery/skit-svyatykh-novomuchenikov-i-ispovednikov-rossiyskikh-v-gorode-orle/,"{'eparhia': None, 'mitropolia': None, 'boss': None, 'type': 'скит епархиального монастыря', 'founded': '2012'}",,,,,
Скит села Тимохино  Рыльского Свято-Николаевского мужского монастыря,51.505323853307,34.680185527957,/upload/iblock/d5b/d5b8bc8f57a9c1acf7a61e495a658a6e/skittimoh1.jpg,511,/monastyri/monastery/skit-sela-timokhino-rylskogo-svyato-nikolaevskogo-muzhskogo-monastyrya/,"{'eparhia': None, 'mitropolia': None, 'boss': None, 'type': 'скит епархиального монастыря', 'founded': '1999'}",,,,,
Скит Тамбовского Казанского монастыря в селе Воронцовка,52.247641682283,41.152134251378,/upload/iblock/5da/5da51c7c8a08dba03e6b896a376f6af3/skit.jpg,454,/monastyri/monastery/skit-tambovskogo-kazanskogo-monastyrya-v-sele-vorontsovka/,"{'eparhia': None, 'mitropolia': None, 'boss': None, 'type': 'скит епархиального монастыря', 'founded': ''}",,,,,
Скит Тихвинского женского монастыря Днепропетровской епархии в селе Волосское,48.30347495683,35.129719115364,,846,/monastyri/monastery/skit-tikhvinskogo-zhenskogo-monastyrya-dnepropetrovskoy-eparkhii-v-sele-volosskoe/,"{'eparhia': None, 'mitropolia': None, 'boss': None, 'type': 'скит епархиального монастыря', 'founded': '2001'}",,,,,
Скит Успенского мужского монастыря г. Красноярска во имя святителя Иоанна Милостивого пос. Манский,55.893152253989,92.492058223526,/upload/iblock/016/18.jpg,3337,/monastyri/monastery/muzhskoy-skit-uspenskogo-muzhskogo-monastyrya-g-krasnoyarska-vo-imya-svyatitelya-ioanna-milostivogo-/,"{'eparhia': None, 'mitropolia': None, 'boss': None, 'type': 'скит епархиального монастыря', 'founded': ''}",,,,,
Скопинский Свято-Духов мужской монастырь,53.800019475999,39.554951002625,/upload/iblock/ec3/ec32e1f2c4ba46b23c8e713404b49b81/dukhov.png,251,/monastyri/monastery/skopinskiy-svyato-dukhov-muzhskoy-monastyr/,"{'eparhia': None, 'mitropolia': None, 'boss': None, 'type': 'Епархиальные монастыри Русской Православной Церкви', 'founded': '1385'}",,,,,
Скорбященский женский монастырь г. Нижний Тагил ,57.895493027069,59.997234566132,/upload/iblock/367/003.jpg.jpg,1376,/monastyri/monastery/skorbyashchenskiy-zhenskiy-monastyr-g-nizhniy-tagil-/,"{'eparhia': None, 'mitropolia': None, 'boss': None, 'type': 'Епархиальные монастыри Русской Православной Церкви', 'founded': '1902'}",,,,,
Скорбященский женский монастырь деревни Хмелево,56.143303792114,39.143790341278,/upload/iblock/ec6/ec6948608b9041026bb8eacc0b32452d/zh.jpg,105,/monastyri/monastery/skorbyashchenskiy-zhenskiy-monastyr-derevni-khmelevo/,"{'eparhia': None, 'mitropolia': None, 'boss': None, 'type': 'Епархиальные монастыри Русской Православной Церкви', 'founded': '1903'}",,,,,
Скорбященский женский монастырь Северодонецкой епархии,49.276503020207,38.900080139391,/upload/iblock/2cd/1to2vudg50rucvw2cr1901div6zm6wq7/00.jpg,726,/monastyri/monastery/skorbyashchenskiy-zhenskiy-monastyr-severodonetskoy-eparkhii/,"{'eparhia': None, 'mitropolia': None, 'boss': None, 'type': 'Монастыри УПЦ МП', 'founded': '1993'}",,,,,
Слуцкий женский монастырь в честь  праведной Софии Слуцкой в г. Слуцке Слуцкой епархии ,53.016343770706,27.564357228836,/upload/iblock/df7/df7f51c8c3724786a9a01f28371fd271/9abcdca4ab402c9c549c0a81fe24f131.jpg,718,/monastyri/monastery/slutskiy-zhenskiy-monastyr-v-chest-pravednoy-sofii-slutskoy-v-g-slutske-slutskoy-eparkhii-/,"{'eparhia': None, 'mitropolia': None, 'boss': None, 'type': 'Монастыри Белорусской Православной Церкви', 'founded': '2013'}",,,,,
Свято-Смоленская Зосимова пустынь близ ст. Арсаки,56.359105,38.42799,/upload/iblock/ad9/ad9d31c482deb42a6bd352916df233a7/1.jpg,84,/monastyri/monastery/svyato-smolenskaya-zosimova-pustyn-bliz-st-arsaki/,"{'eparhia': None, 'mitropolia': None, 'boss': None, 'type': 'Епархиальные монастыри Русской Православной Церкви', 'founded': '1680'}",,,,,
Смоленско-Корнилиевская церковь . Приписной храм Переславского Никольского монастыря.,56.730823233147,38.839835253967,/upload/iblock/331/026.jpg,133,/monastyri/monastery/khram-v-chest-ikony-bozhiey-materi-smolenskoy-smolensko-kornilievskaya-tserkov-pripisnoy-khram-peres/,"{'eparhia': None, 'mitropolia': None, 'boss': None, 'type': 'приписной храм епархиального монастыря', 'founded': '1694'}",,,,,
Собор Казанской иконы Божией Матери,56.086669311882,45.05997575924,/upload/iblock/745/745f2469e6a95b387cd56c709ec4c21c/Sobor-Kazanskoy-ikony-Bozhiey-Materi.jpg,465,/monastyri/monastery/sobor-kazanskoy-ikony-bozhiey-materi/,"{'eparhia': None, 'mitropolia': None, 'boss': None, 'type': 'подворье епархиального монастыря', 'founded': ''}",,,,,
Соликамский Красносельский Иоанно-Предтеченский женский монастырь,59.638424189836,56.738483923279,/upload/iblock/53b/bfvtm3eppprhwfn9a6sq3smr6jwdzm82/IMG_6758.JPG,1211,/monastyri/monastery/solikamskiy-krasnoselskiy-ioanno-predtechenskiy-zhenskiy-monastyr/,"{'eparhia': None, 'mitropolia': None, 'boss': None, 'type': 'Епархиальные монастыри Русской Православной Церкви', 'founded': '1894'}",,,,,
Соликамский Свято-Троицкий мужской монастырь,59.646050375045,56.760865398148,/upload/iblock/2f4/2f4e5ce8ad6b7c3a0ca0fb9e4890a097/55.jpg,1212,/monastyri/monastery/solikamskiy-svyato-troitskiy-muzhskoy-monastyr/,"{'eparhia': None, 'mitropolia': None, 'boss': None, 'type': 'Епархиальные монастыри Русской Православной Церкви', 'founded': '1698'}",,,,,
Солотчинский Рождества Богородицы женский монастырь в г. Рязани,54.791283,39.833737,/upload/iblock/6d1/6d107aaa502a8d29a1e7783d8ddf791a/64.png,177,/monastyri/monastery/solotchinskiy-rozhdestva-bogoroditsy-zhenskiy-monastyr-v-g-ryazani/,"{'eparhia': None, 'mitropolia': None, 'boss': None, 'type': 'Епархиальные монастыри Русской Православной Церкви', 'founded': '1390'}",,,,,
Софийский женский монастырь г. Рыбинск,58.0298253078,38.831513857748,/upload/iblock/a5d/004.jpg,264,/monastyri/monastery/sofiyskiy-zhenskiy-monastyr/,"{'eparhia': None, 'mitropolia': None, 'boss': None, 'type': 'Епархиальные монастыри Русской Православной Церкви', 'founded': '1860'}",,,,,
Софрониево-Молченская Печерская Пустынь Рождества Богородицы Конотопской епархии ,51.34156,34.153444,/upload/iblock/1b0/8tceymo6aarr6c3v20yvusdiramon03a/00-_1_.jpg,542,/monastyri/monastery/sofronievo-molchenskaya-pecherskaya-pustyn-rozhdestva-bogoroditsy-konotopskoy-eparkhii-/,"{'eparhia': None, 'mitropolia': None, 'boss': None, 'type': 'Монастыри УПЦ МП', 'founded': ''}",,,,,
Спасо-Афанасиевский мужской монастырь,57.624891140057,39.894862677246,/upload/iblock/ead/970d81b5_16e0_45ca_aa54_0ae754e81ca5.jpg,251,/monastyri/monastery/spaso-afanasievskiy-muzhskoy-monastyr/,"{'eparhia': None, 'mitropolia': None, 'boss': None, 'type': 'Епархиальные монастыри Русской Православной Церкви', 'founded': '1615'}",,,,,
Спасо-Бородинский женский монастырь,55.504198839921,35.829295422667,/upload/iblock/86d/86d53c2fb25aaa25913a05162ec9ddcd/3.jpg,116,/monastyri/monastery/spaso-borodinskiy-zhenskiy-monastyr/,"{'eparhia': None, 'mitropolia': None, 'boss': None, 'type': 'Епархиальные монастыри Русской Православной Церкви', 'founded': '1817'}",,,,,
Спасо-Вифанский монастырь,56.288819171949,38.176894739426,/upload/iblock/68c/monasterium.ru_01.jpg,69,/monastyri/monastery/spaso-vifanskiy-monastyr/,"{'eparhia': None, 'mitropolia': None, 'boss': None, 'type': 'скит ставропигиального монастыря', 'founded': '1783'}",,,,,
Спасо-Влахернский женский монастырь с.Деденево,56.240499725981,37.518826852043,/upload/iblock/93f/93f8558328c97750025f00cdf2586722/gallery_6_23.jpg,55,/monastyri/monastery/spaso-vlakhernskiy-zhenskiy-monastyr-s-dedenevo/,"{'eparhia': None, 'mitropolia': None, 'boss': None, 'type': 'Епархиальные монастыри Русской Православной Церкви', 'founded': '1861'}",,,,,
Спасо-Евфросиниевский митрополичий женский монастырь в г. Полоцке,55.503804788176,28.780207446938,/upload/iblock/715/71551e72470505babd52fc9b6a240216/1.jpg,556,/monastyri/monastery/spaso-evfrosinievskiy-ctavropigialnyy-zhenskiy-monastyr-v-g-polotske/,"{'eparhia': None, 'mitropolia': None, 'boss': None, 'type': 'Монастыри Белорусской Православной Церкви', 'founded': '1125'}",,,,,
Спасо-Елеазаровский женский монастырь д. Елизарово ,58.049810585803,28.192355634888,/upload/iblock/929/929336f41824e0d141da0e9c1760e165/0.jpg,626,/monastyri/monastery/spaso-eleazarovskiy-zhenskiy-monastyr-d-elezarovo/,"{'eparhia': None, 'mitropolia': None, 'boss': None, 'type': 'Епархиальные монастыри Русской Православной Церкви', 'founded': '1447'}",,,,,
Спасо-Казанский женский монастырь г. Остров,57.339079453585,28.361397199753,/upload/iblock/00d/00d3e1f3220e79d5b26618ff0987ed1f/00000.jpg,594,/monastyri/monastery/spaso-kazanskiy-zhenskiy-monastyr-g-ostrove/,"{'eparhia': None, 'mitropolia': None, 'boss': None, 'type': 'Епархиальные монастыри Русской Православной Церкви', 'founded': '1897'}",,,,,
Спасо-Каменный Преображенский мужской монастырь на о. Каменный,59.60758,39.5729,/upload/iblock/bf9/bf94bec7001157dceef8b27c935fe50d/1.jpg,444,/monastyri/monastery/spaso-kamennyy-preobrazhenskiy-muzhskoy-monastyr-na-o-kamennyy/,"{'eparhia': None, 'mitropolia': None, 'boss': None, 'type': 'Епархиальные монастыри Русской Православной Церкви', 'founded': '1260'}",,,,,
Спасо-Покровский женский монастырь Житомирской епархии,50.207681,27.68958,/upload/iblock/ace/8jqj5sh1djt41s4hfdn5lud1ive8vxxa/00-_1_.jpg,906,/monastyri/monastery/spaso-pokrovskiy-zhenskiy-monastyr-zhitomirskoy-eparkhii/,"{'eparhia': None, 'mitropolia': None, 'boss': None, 'type': 'Монастыри УПЦ МП', 'founded': '2017'}",,,,,
"Спасо-Преображенская пустынь, скит  Рижского Свято-Троице-Сергиева женского монастыря",56.73446,23.694313,/upload/iblock/468/0_1568373104_baznica_18_098.jpg,866,/monastyri/monastery/spaso-preobrazhenskaya-pustyn-skit-rizhskogo-svyato-troitse-sergieva-zhenskogo-monastyrya/,"{'eparhia': None, 'mitropolia': None, 'boss': None, 'type': 'скит епархиального монастыря', 'founded': '1894'}",,,,,
Спасо-Преображенский  женский монастырь Киевской епархии ,50.724214,29.611433,/upload/iblock/cdf/2vkc45jlznn6burpdvatvsrnyzxcunce/img-_4_.jpg,772,/monastyri/monastery/spaso-preobrazhenskiy-zhenskiy-monastyr-kievskoy-eparkhii-/,"{'eparhia': None, 'mitropolia': None, 'boss': None, 'type': 'Монастыри УПЦ МП', 'founded': '2002'}",,,,,
Спасо-Преображенский  мужской монастырь в г. Рославль,53.951562092377,32.863428671303,/upload/iblock/ac1/ac1d728f25cac583de244d21f400110c/11.jpg,365,/monastyri/monastery/spaso-preobrazhenskiy-muzhskoy-monastyr-v-g-roslavl/,"{'eparhia': None, 'mitropolia': None, 'boss': None, 'type': 'Епархиальные монастыри Русской Православной Церкви', 'founded': '1560'}",,,,,
Спасо-Преображенский Авраамиев мужской монастырь в г. Смоленск,54.784037350815,32.064097840614,/upload/iblock/8cb/8cb6e6883d4c102716efa1ca3c5f108e/Foto-monastyrya-kak-na-Valaame.jpg,368,/monastyri/monastery/spaso-preobrazhenskiy-avraamiev-muzhskoy-monastyr-v-g-smolensk/,"{'eparhia': None, 'mitropolia': None, 'boss': None, 'type': 'Епархиальные монастыри Русской Православной Церкви', 'founded': '1210'}",,,,,
Спасо-Преображенский Антониево-Леохновский мужской монастырь ,58.025591,30.998281,/upload/iblock/b7b/omjd6tc17xlx9va57exqma1k9vdfy9yz/cIsc30iQfWg.jpg,475,/monastyri/monastery/spaso-preobrazhenskiy-antonievo-leokhnovskiy-muzhskoy-monastyr-/,"{'eparhia': None, 'mitropolia': None, 'boss': None, 'type': 'Епархиальные монастыри Русской Православной Церкви', 'founded': '1556'}",,,,,
Спасо-Преображенский Борисовский женский монастырь Одесской епархии,45.754006,29.618477,/upload/iblock/11c/d7wi92lq9qbzcqaqrendecocn1zy9568/01.jpg,1245,/monastyri/monastery/spaso-preobrazhenskiy-borisovskiy-zhenskiy-monastyr-odesskoy-eparkhii/,"{'eparhia': None, 'mitropolia': None, 'boss': None, 'type': 'Монастыри УПЦ МП', 'founded': '1905'}",,,,,
Спасо-Преображенский Валаамский ставропигиальный мужской монастырь,61.38895645346,30.949373155689,/upload/iblock/cda/111.jpg,736,/monastyri/monastery/valaamskiy-spaso-preobrazhenskiy-stavropigialnyy-muzhskoy-monastyr/,"{'eparhia': None, 'mitropolia': None, 'boss': None, 'type': 'Ставропигиальные монастыри Русской Православной Церкви', 'founded': '0'}",,,,,
Спасо-Преображенский Варлаамо-Хутынский женский монастырь ,58.587138604697,31.395122152561,/upload/iblock/dfb/dfb1251da82a10b5093f83424a77fd0e/01.jpg,490,/monastyri/monastery/spaso-preobrazhenskiy-varlaamo-khutynskiy-zhenskiy-monastyr-/,"{'eparhia': None, 'mitropolia': None, 'boss': None, 'type': 'Епархиальные монастыри Русской Православной Церкви', 'founded': '1192'}",,,,,
Спасо-Преображенский Геннадиев мужской монастырь,58.208799421731,40.928045865143,/upload/iblock/e20/1-_2_.jpg,339,/monastyri/monastery/spaso-preobrazhenskiy-gennadiev-muzhskoy-monastyr/,"{'eparhia': None, 'mitropolia': None, 'boss': None, 'type': 'Епархиальные монастыри Русской Православной Церкви', 'founded': '1529'}",,,,,
Спасо-Преображенский женский монастырь города Севска ,52.170752113842,34.508210576721,/upload/iblock/0f5/0f5ebebf3754e1947667518cd630ed75/K3IkHi52kH0.jpg,448,/monastyri/monastery/spaso-preobrazhenskiy-zhenskiy-monastyr-goroda-sevska-/,"{'eparhia': None, 'mitropolia': None, 'boss': None, 'type': 'Епархиальные монастыри Русской Православной Церкви', 'founded': '1631'}",,,,,
Спасо-Преображенский женский  монастырь на Владимирской горке,56.134998308817,47.229654732788,/upload/iblock/b9c/b9c9977e241eff22f0fa2022facfc493/1.jpg,600,/monastyri/monastery/spaso-preobrazhenskiy-zhenskiy-monastyr-na-vladimirskoy-gorke/,"{'eparhia': None, 'mitropolia': None, 'boss': None, 'type': 'Епархиальные монастыри Русской Православной Церкви', 'founded': '1899'}",,,,,
Спасо-Преображенский женский монастырь на реке Угре в городе Калуге ,54.492693639493,36.096915085657,/upload/iblock/44f/q5n1is144817kif1dmq9s3tboxa7s34t/080_1.jpg,171,/monastyri/monastery/spaso-preobrazhenskiy-zhenskiy-monastyr-na-reke-ugre-v-gorode-kaluge-/,"{'eparhia': None, 'mitropolia': None, 'boss': None, 'type': 'Епархиальные монастыри Русской Православной Церкви', 'founded': '1511'}",,,,,
Спасо-Преображенский женский монастырь села Спас-Купалище ,56.148009053907,40.819019145508,/upload/iblock/18a/image1.jpeg,204,/monastyri/monastery/spaso-preobrazhenskiy-zhenskiy-monastyr-sela-spas-kupalishche-/,"{'eparhia': None, 'mitropolia': None, 'boss': None, 'type': 'Епархиальные монастыри Русской Православной Церкви', 'founded': '2021'}",,,,,
Спасо-Преображенский женский монастырь Черкасской епархии,49.396937,31.102625,/upload/iblock/e84/lij1kc88k71vutqevlhj33evnxxynjsy/00.jpg,833,/monastyri/monastery/spaso-preobrazhenskiy-zhenskiy-monastyr-cherkasskoy-eparkhii/,"{'eparhia': None, 'mitropolia': None, 'boss': None, 'type': 'Монастыри УПЦ МП', 'founded': '2003'}",,,,,
Спасо-Преображенский Киево-Межигорский мужской монастырь Бориспольской епархии ,50.623359,30.466223,/upload/iblock/a8b/qo84wad89lw35nx6x1zvyxpky629wxvi/00.jpg,743,/monastyri/monastery/spaso-preobrazhenskiy-kievo-mezhigorskiy-muzhskoy-monastyr-borispolskoy-eparkhii-/,"{'eparhia': None, 'mitropolia': None, 'boss': None, 'type': 'Монастыри УПЦ МП', 'founded': '2011'}",,,,,
Спасо-Преображенский Макариево-Писемский женский монастырь,58.330796163977,41.35380883317,/upload/iblock/bdb/bdb917e681117374892bc376da2d7cf2/preobr1.jpg,365,/monastyri/monastery/spaso-preobrazhenskiy-makarievo-pisemskiy-zhenskiy-monastyr/,"{'eparhia': None, 'mitropolia': None, 'boss': None, 'type': 'Епархиальные монастыри Русской Православной Церкви', 'founded': '1393'}",,,,,
Спасо-Преображенский Мгарский мужской монастырь Полтавской  епархии,50.029234038411,33.055943141209,/upload/iblock/f7c/ptx6o7je5dpljnlf989w0sulkg071gwe/00.jpg,707,/monastyri/monastery/spaso-preobrazhenskiy-mgarskiy-muzhskoy-monastyr-poltavskoy-eparkhii/,"{'eparhia': None, 'mitropolia': None, 'boss': None, 'type': 'Монастыри УПЦ МП', 'founded': '1616'}",,,,,
Спасо-Преображенский Мирожский мужской монастырь,57.805853426953,28.328740194443,/upload/iblock/af5/af59c51497c652f6bd0bb29e87962a57/1.jpg,610,/monastyri/monastery/spaso-preobrazhenskiy-mirozhskiy-muzhskoy-monastyr/,"{'eparhia': None, 'mitropolia': None, 'boss': None, 'type': 'Епархиальные монастыри Русской Православной Церкви', 'founded': '1156'}",,,,,
Спасо-Преображенский мужской монастырь Бориспольской епархии,50.461412281297,30.782513515523,/upload/iblock/860/riwdz8w0atftau4j6pi9u4v19vyq29v4/00.jpg,745,/monastyri/monastery/spaso-preobrazhenskiy-muzhskoy-monastyr-borispolskoy-eparkhii/,"{'eparhia': None, 'mitropolia': None, 'boss': None, 'type': 'Монастыри УПЦ МП', 'founded': ''}",,,,,
Спасо-Преображенский мужской монастырь в г. Муроме,55.572848853491,42.065892915344,/upload/iblock/98d/98da95614718fd2e283c7c97a74b893e/6.jpg,280,/monastyri/monastery/spaso-preobrazhenskiy-muzhskoy-monastyr-v-g-murome/,"{'eparhia': None, 'mitropolia': None, 'boss': None, 'type': 'Епархиальные монастыри Русской Православной Церкви', 'founded': '1096'}",,,,,
Спасо-Преображенский мужской монастырь в п. Преображенский,54.378839110883,43.828470166687,/upload/iblock/906/90662a544d7441d59a5209799e5402bc/spaso_preobrazhenskii_monastyr2.jpg,424,/monastyri/monastery/spaso-preobrazhenskiy-muzhskoy-monastyr-v-p-preobrazhenskiy/,"{'eparhia': None, 'mitropolia': None, 'boss': None, 'type': 'Епархиальные монастыри Русской Православной Церкви', 'founded': ''}",,,,,
Спасо-Преображенский мужской монастырь Вознесенской епархии,47.630556,30.999104,/upload/iblock/662/c3p236m4auyr3c77hqyc2aaa2v37du32/153.jpg,1012,/monastyri/monastery/spaso-preobrazhenskiy-muzhskoy-monastyr-voznesenskoy-eparkhii/,"{'eparhia': None, 'mitropolia': None, 'boss': None, 'type': 'Монастыри УПЦ МП', 'founded': '2018'}",,,,,
Спасо-Преображенский мужской монастырь Могилев-Подольской епархии ,48.646497,27.469964,/upload/iblock/e09/uodhoc83zutcs7tstwrmteozn2tc2rjz/00.jpg,1049,/monastyri/monastery/spaso-preobrazhenskiy-muzhskoy-monastyr-mogilev-podolskoy-eparkhii-/,"{'eparhia': None, 'mitropolia': None, 'boss': None, 'type': 'Монастыри УПЦ МП', 'founded': '1248'}",,,,,
Спасо-Преображенский мужской монастырь с. Хмелево  Брестской епархии,52.251706886008,23.887754042328,/upload/iblock/4ee/4ee528603d4786b5b5ebfb90f4ef8e12/monastyr.jpg,977,/monastyri/monastery/spaso-preobrazhenskiy-muzhskoy-monastyr-s-khmelevo-brestskoy-eparkhii/,"{'eparhia': None, 'mitropolia': None, 'boss': None, 'type': 'Монастыри Белорусской Православной Церкви', 'founded': ''}",,,,,
Спасо-Преображенский мужской монастырь Хустской епархии,48.108501124376,23.562900752817,/upload/iblock/41c/93uu7415zpu6r6g9j9xiwm7f5hufutmd/00.jpg,1281,/monastyri/monastery/spaso-preobrazhenskiy-muzhskoy-monastyr-khustskoy-eparkhii/,"{'eparhia': None, 'mitropolia': None, 'boss': None, 'type': 'Монастыри УПЦ МП', 'founded': ''}",,,,,
Спасо-Преображенский Нещеровский мужской монастырь Киевской епархии  ,50.149824317987,30.624362359093,/upload/iblock/7ef/o7sbmc6f0unsqwx51xtvhlnakcifs5jr/00.jpg,779,/monastyri/monastery/spaso-preobrazhenskiy-neshcherovskiy-muzhskoy-monastyr-kievskoy-eparkhii-/,"{'eparhia': None, 'mitropolia': None, 'boss': None, 'type': 'Монастыри УПЦ МП', 'founded': '2005'}",,,,,
Спасо-Преображенский Посольский монастырь мужской  в селе Посольское,52.017567459096,106.17841096455,/upload/iblock/3ab/3ab1dd9faa9f456c37a8ad0e66ce9181/1.jpg,4327,/monastyri/monastery/spaso-preobrazhenskiy-posolskiy-monastyr-muzhskoy-v-sele-posolskoe/,"{'eparhia': None, 'mitropolia': None, 'boss': None, 'type': 'Епархиальные монастыри Русской Православной Церкви', 'founded': '1681'}",,,,,
Спасо-Преображенский Ржищевский мужской монастырь Белоцерковской епархии,49.975716,31.100056,/upload/iblock/e0a/eybn0ib4gt6abomwtvzpppvq0443168k/i.jpg,777,/monastyri/monastery/spaso-preobrazhenskiy-rzhishchevskiy-muzhskoy-monastyr-belotserkovskoy-eparkhii/,"{'eparhia': None, 'mitropolia': None, 'boss': None, 'type': 'Монастыри УПЦ МП', 'founded': '0'}",,,,,
Спасо-Преображенский собор. Приписной храм Переславского Никольского монастыря,56.735934082897,38.852111415344,/upload/iblock/fb6/025.jpg,134,/monastyri/monastery/spaso-preobrazhenskiy-sobor-pripisnoy-khram-pereslavskogo-nikolskogo-monastyrya/,"{'eparhia': None, 'mitropolia': None, 'boss': None, 'type': 'приписной храм епархиального монастыря', 'founded': '1152'}",,,,,
"Спасо-Преображенский собор, Лысково",56.043367916573,45.031604747694,/upload/iblock/6f5/6f52ec849e11a9274fd3d8193b03eca4/00000065444654.jpg,464,/monastyri/monastery/spaso-preobrazhenskiy-sobor-lyskovo/,"{'eparhia': None, 'mitropolia': None, 'boss': None, 'type': 'подворье епархиального монастыря', 'founded': ''}",,,,,
Спасо-Преображенский Соловецкий ставропигиальный мужской монастырь,65.024281782521,35.710393015808,/upload/iblock/c96/0.jpg,1036,/monastyri/monastery/spaso-preobrazhenskiy-solovetskiy-stavropigialnyy-muzhskoy-monastyr/,"{'eparhia': None, 'mitropolia': None, 'boss': None, 'type': 'Ставропигиальные монастыри Русской Православной Церкви', 'founded': ''}",,,,,
Спасо-Преображенский Толшевский женский  монастырь г. Воронежа ,51.878275821357,39.657098609977,/upload/iblock/8a3/8a3fa3cb05df539a7645b901ace2927a/001.jpg,452,/monastyri/monastery/spaso-preobrazhenskiy-tolshevskiy-zhenskiy-monastyr-g-voronezha-/,"{'eparhia': None, 'mitropolia': None, 'boss': None, 'type': 'Епархиальные монастыри Русской Православной Церкви', 'founded': '16'}",,,,,
Спасо-Прилуцкий Димитриев мужской  монастырь г. Вологды,59.262093401769,39.889361397484,/upload/iblock/7b5/7b5fb4080dd8c2bc597c76bff4282015/6F7yczvojuY.jpg,413,/monastyri/monastery/spaso-prilutskiy-dimitriev-muzhskoy-monastyr-g-vologdy/,"{'eparhia': None, 'mitropolia': None, 'boss': None, 'type': 'Епархиальные монастыри Русской Православной Церкви', 'founded': '1371'}",,,,,
Спасо-Рождественское подворье Ионо-Яшезерского мужского монастыря.,61.366170701359,35.355969854492,/upload/iblock/86e/86ef38a458af40d36986d6de70e01a5a/wwsyhgBH0zs.jpg,638,/monastyri/monastery/spaso-rozhdestvenskoe-podvore-iono-yashezerskogo-muzhskogo-monastyrya/,"{'eparhia': None, 'mitropolia': None, 'boss': None, 'type': 'подворье епархиального монастыря', 'founded': '2004'}",,,,,
Спасо-Яковлевский Димитриев мужской монастырь в Ростове Великом,57.17432762998,39.392644067459,/upload/iblock/c61/i.jpg,192,/monastyri/monastery/spaso-yakovlevskiy-dimitriev-muzhskoy-monastyr-v-rostove-velikom/,"{'eparhia': None, 'mitropolia': None, 'boss': None, 'type': 'Епархиальные монастыри Русской Православной Церкви', 'founded': '1386'}",,,,,
Спасский женский монастырь г. Кобрина Брестской епархии,52.214740169709,24.355713008598,/upload/iblock/8c0/8c0c4fd9bd444170c9bef47c6d4bf421/monastyr-1.jpg,951,/monastyri/monastery/spasskiy-zhenskiy-monastyr-g-kobrina-brestskoy-eparkhii/,"{'eparhia': None, 'mitropolia': None, 'boss': None, 'type': 'Монастыри Белорусской Православной Церкви', 'founded': '1465'}",,,,,
Спасский женский монастырь с. Костомарово,50.685254573208,39.748446427837,/upload/iblock/11c/013.jpg,582,/monastyri/monastery/spasskiy-zhenskiy-monastyr-s-kostomarovo/,"{'eparhia': None, 'mitropolia': None, 'boss': None, 'type': 'Епархиальные монастыри Русской Православной Церкви', 'founded': ''}",,,,,
Спасское подворье Троицкого Чуфаровского  мужского монастыря,54.056365255725,44.739593973355,/upload/iblock/fc7/fc7888d61b3fc5c000506174c728be0b/spp.jpg,493,/monastyri/monastery/spasskoe-podvore-troitskogo-chufarovskogo-muzhskogo-monastyrya/,"{'eparhia': None, 'mitropolia': None, 'boss': None, 'type': 'подворье епархиального монастыря', 'founded': ''}",,,,,
Сретенский женский монастырь в с. Батурино,52.333803,107.857283,/upload/iblock/ce7/ce7254b6dc01db28c28de228a12fa90b/1.jpg,4403,/monastyri/monastery/sretenskiy-zhenskiy-monastyr-v-s-baturino/,"{'eparhia': None, 'mitropolia': None, 'boss': None, 'type': 'Епархиальные монастыри Русской Православной Церкви', 'founded': '2000'}",,,,,
Сретенский женский монастырь г. Гороховца,56.206637010663,42.679480835059,/upload/iblock/101/05852_20121212_145422.jpg,319,/monastyri/monastery/svyato-sretenskiy-zhenskiy-monastyr-g-gorokhovtsa/,"{'eparhia': None, 'mitropolia': None, 'boss': None, 'type': 'Епархиальные монастыри Русской Православной Церкви', 'founded': '1658'}",,,,,
Свято-Сретенский Михновский женский монастырь Волынской епархии,51.656697,24.794465,/upload/iblock/300/uqn15o4rvrgvdxm75sz1ejrxbp7d0kv2/00.jpg,958,/monastyri/monastery/svyato-sretenskiy-mikhnovskiy-zhenskiy-monastyr-volynskoy-eparkhii/,"{'eparhia': None, 'mitropolia': None, 'boss': None, 'type': 'Монастыри УПЦ МП', 'founded': '1642'}",,,,,
Сретенский скит Успенской Тихоновой пустыни,54.64154827427,36.140938793319,/upload/iblock/87c/87c487ede8190f89d9c86686fc7c34c0/01468_20170728_072457.jpg,156,/monastyri/monastery/sretenskiy-skit/,"{'eparhia': None, 'mitropolia': None, 'boss': None, 'type': 'скит епархиального монастыря', 'founded': ''}",,,,,
Сретенский ставропигиальный мужской монастырь,55.765509081868,37.630027736771,/upload/iblock/e64/00.jpg,2,/monastyri/monastery/sretenskiy-stavropigialnyy-muzhskoy-monastyr/,"{'eparhia': None, 'mitropolia': None, 'boss': None, 'type': 'Ставропигиальные монастыри Русской Православной Церкви', 'founded': '1395'}",,,,,
Сретенское подворье Свято-Троицкого Густынского женского монастыря Нежинской епархии,50.59567686597,32.388098566132,/upload/iblock/acb/c90b8w1nucly27kgrsmff3at6zx111or/00-_1_.jpg,671,/monastyri/monastery/sretenskoe-podvore-svyato-troitskogo-gustynskogo-zhenskogo-monastyrya-nezhinskoy-eparkhii/,"{'eparhia': None, 'mitropolia': None, 'boss': None, 'type': 'Патриаршие приходы в США', 'founded': ''}",,,,,
Ставропигиальный женский монастырь в честь Афонской иконы Божией Матери Киевской епархии ,50.809715695645,28.926320031738,/upload/iblock/63a/0y39itcn232qg77yfwqvmecvlpz0vumd/25.jpg,797,/monastyri/monastery/stavropigialnyy-zhenskiy-monastyr-v-chest-afonskoy-ikony-bozhiey-materi-kievskoy-eparkhii-/,"{'eparhia': None, 'mitropolia': None, 'boss': None, 'type': 'Монастыри УПЦ МП', 'founded': '2007'}",,,,,
Ставропигиальный мужской монастырь Ново-Коренная пустынь ,41.370458814992,-73.727297657394,/upload/iblock/2b2/9yd4cq7ir290ko2z410obp3bpv34peep/dZaYUApw0gY.jpg,7437,/monastyri/monastery/stavropigialnyy-muzhskoy-monastyr-novo-korennaya-pustyn-/,"{'eparhia': None, 'mitropolia': None, 'boss': None, 'type': 'Монастыри РПЦЗ', 'founded': '1949'}",,,,,
Ставропольский Иоанно-Мариинский женский монастырь,45.069222375953,41.944677953056,/upload/iblock/3ae/3ae27a33e2c9c10f51ade533bf592043/1.jpg,1227,/monastyri/monastery/stavropolskiy-ioanno-mariinskiy-zhenskiy-monastyr/,"{'eparhia': None, 'mitropolia': None, 'boss': None, 'type': 'Епархиальные монастыри Русской Православной Церкви', 'founded': '1848'}",,,,,
Старицкий Свято-Успенский мужской монастырь ,56.513421873566,34.929318615084,/upload/iblock/672/672db8140134868893ceb12b43dc4294/1.jpg,187,/monastyri/monastery/staritskiy-svyato-uspenskiy-muzhskoy-monastyr-/,"{'eparhia': None, 'mitropolia': None, 'boss': None, 'type': 'Епархиальные монастыри Русской Православной Церкви', 'founded': '1110'}",,,,,
"Старо-Кайнарский во имя  мучениц Веры, Надежды, Любови и матери их Софии женский монастырь Кишиневской епархии",47.997913110922,28.140077701172,,1079,/monastyri/monastery/staro-kaynarskiy-vo-imya-muchenits-very-nadezhdy-lyubovi-i-materi-ikh-sofii-zhenskiy-monastyr-kishin/,"{'eparhia': None, 'mitropolia': None, 'boss': None, 'type': 'Монастыри Православной Церкви Молдовы', 'founded': '2005'}",,,,,
Старо-Покровский женский монастырь,61.479155828503,129.14580934523,/upload/iblock/439/43990e6267785f27c778a63ffad5cbb2/rp.jpg,4895,/monastyri/monastery/staro-pokrovskiy-zhenskiy-monastyr/,"{'eparhia': None, 'mitropolia': None, 'boss': None, 'type': 'Епархиальные монастыри Русской Православной Церкви', 'founded': '2017'}",,,,,
Староладожский Свято-Успенский девичий монастырь,60.001897521691,32.294088145508,/upload/iblock/023/023e3f969950dae507c058ddbcdd0e59/ff.jpg,568,/monastyri/monastery/staroladozhskiy-svyato-uspenskiy-devichiy-monastyr/,"{'eparhia': None, 'mitropolia': None, 'boss': None, 'type': 'Епархиальные монастыри Русской Православной Церкви', 'founded': '1116'}",,,,,
Стефано-Афанасьевский женский монастырь села Вотча,61.120696,50.270925,/upload/iblock/ca1/ca177324fa4270aa9b34c16f85a9ec8a/1.jpg,946,/monastyri/monastery/stefano-afanasevskiy-zhenskiy-monastyr-sela-votcha/,"{'eparhia': None, 'mitropolia': None, 'boss': None, 'type': 'Епархиальные монастыри Русской Православной Церкви', 'founded': '0'}",,,,,
Свято-Стефано-Сурожский Кизилташский мужской монастырь ,44.935192,35.075292,/upload/iblock/5f1/5f169d3b93f1a1665e37b41b4fd15b6e/1.jpg,1217,/monastyri/monastery/svyato-stefano-surozhskiy-kiziltashskiy-muzhskoy-monastyr-feodosiyskoy-eparkhii-/,"{'eparhia': None, 'mitropolia': None, 'boss': None, 'type': 'Епархиальные монастыри Русской Православной Церкви', 'founded': '1858'}",,,,,
Свято-Стефановский женский монастырь Горловской епархии,48.604496,37.023971,/upload/iblock/f32/zpafbr2gl6ixdtq9mv3m3ym78d43zp9e/00.jpg,797,/monastyri/monastery/svyato-stefanovskiy-zhenskiy-monastyr-gorlovskoy-eparkhii/,"{'eparhia': None, 'mitropolia': None, 'boss': None, 'type': 'Монастыри УПЦ МП', 'founded': '2008'}",,,,,
Свято-Стефановский мужской монастырь Хустской епархии,48.117026,23.472958,/upload/iblock/37b/m2hpcbceyqs4keu3x5vpdtt3e5c2mlwx/00.jpg,1285,/monastyri/monastery/svyato-stefanovskiy-muzhskoy-monastyr-khustskoy-eparkhii/,"{'eparhia': None, 'mitropolia': None, 'boss': None, 'type': 'Монастыри УПЦ МП', 'founded': '1996'}",,,,,
Стефановский Ниспоренский женский монастырь  Унгенской и Ниспоренской епархии,47.097357697838,28.171000630203,/upload/iblock/570/1tgll5k9fwaj6xdgl7g3jei93h240ldw/20170618_071335.jpg,1163,/monastyri/monastery/stefanovskiy-nisporenskiy-zhenskiy-monastyr-ungenskoy-i-nisporenskoy-eparkhii/,"{'eparhia': None, 'mitropolia': None, 'boss': None, 'type': 'Монастыри Православной Церкви Молдовы', 'founded': '2012'}",,,,,
Сурский Иоанновский женский монастырь,63.576251383991,45.6356217982,/upload/iblock/1d5/1d5b6d591fd3d107db379969aa98baba/a.JPG,978,/monastyri/monastery/surskiy-ioannovskiy-zhenskiy-monastyr/,"{'eparhia': None, 'mitropolia': None, 'boss': None, 'type': 'Епархиальные монастыри Русской Православной Церкви', 'founded': '1900'}",,,,,
Сурученский Георгиевский женский монастырь Кишиневской епархии,46.969450374999,28.665343727207,/upload/iblock/365/vlva3aw3l1wyw9q98lbkdw3bvsekm73r/5.jpg,1156,/monastyri/monastery/suruchenskiy-georgievskiy-zhenskiy-monastyr-kishinevskoy-eparkhii/,"{'eparhia': None, 'mitropolia': None, 'boss': None, 'type': 'Монастыри Православной Церкви Молдовы', 'founded': '1785'}",,,,,
Сухотинский Богородице-Знаменский женский монастырь,52.514791087059,41.586142881067,/upload/iblock/3b0/3b08f9e3e65cdb26ca8920c510df465c/115.jpg,444,/monastyri/monastery/sukhotinskiy-bogoroditse-znamenskiy-zhenskiy-monastyr/,"{'eparhia': None, 'mitropolia': None, 'boss': None, 'type': 'Епархиальные монастыри Русской Православной Церкви', 'founded': '1849'}",,,,,
Сыктывкарское  подворье Крестовоздвиженского Кылтовского женского монастыря ,61.661750843536,50.81712985582,/upload/iblock/b32/b32b02cbe8b7df0d03328c10d35c82d0/Podvore-v-Syktyvkare.jpg,1003,/monastyri/monastery/syktyvkarskoe-podvore-krestovozdvizhenskogo-kyltovskogo-zhenskogo-monastyrya-/,"{'eparhia': None, 'mitropolia': None, 'boss': None, 'type': 'подворье епархиального монастыря', 'founded': ''}",,,,,
Сяндемский Успенский женский монастырь,61.157465238247,32.780542452443,/upload/iblock/373/3732a29608456be778b1dd5e05953243/11.jpg,663,/monastyri/monastery/syandemskiy-uspenskiy-zhenskiy-monastyr/,"{'eparhia': None, 'mitropolia': None, 'boss': None, 'type': 'Епархиальные монастыри Русской Православной Церкви', 'founded': '1574'}",,,,,
Таборский Успенский женский монастырь Кишиневской епархии,47.331410412629,28.565118847076,/upload/iblock/db3/astn1jvc5cp2anm11ikw90iqtkrvwbpy/tabora.jpg,1125,/monastyri/monastery/taborskiy-uspenskiy-zhenskiy-monastyr-kishinevskoy-eparkhii/,"{'eparhia': None, 'mitropolia': None, 'boss': None, 'type': 'Монастыри Православной Церкви Молдовы', 'founded': '1779'}",,,,,
Тверской Свято-Екатерининский женский монастырь,56.863932186236,35.922549620377,/upload/iblock/b4d/b4de376496a7b1a4efd3891fdbc370de/ekattv68.JPG,162,/monastyri/monastery/tverskoy-svyato-ekaterininskiy-zhenskiy-monastyrtverskom-svyato-ekaterininskom-monastyre/,"{'eparhia': None, 'mitropolia': None, 'boss': None, 'type': 'Епархиальные монастыри Русской Православной Церкви', 'founded': '1996'}",,,,,
Тверской Успенский Желтиков монастырь,56.830163,35.832295,/upload/iblock/926/926ac2a59b7d419021ef6052d1a5fca7/zheltikov_monastyr.jpg,163,/monastyri/monastery/tverskoy-uspenskiy-zheltikov-monastyr/,"{'eparhia': None, 'mitropolia': None, 'boss': None, 'type': 'Епархиальные монастыри Русской Православной Церкви', 'founded': '1394'}",,,,,
"Тверской храм во имя святых страстотерпцев благоверных князей Бориса и Глеба, подворье Нило-Столобенской пустыни",56.863069214734,35.88429135582,/upload/iblock/711/711f5f83132b20a300e0ee8e30d0b669/borisgleb0.jpg,164,/monastyri/monastery/tverskoy-khram-vo-imya-svyatykh-strastoterptsev-blagovernykh-knyazey-borisa-i-gleba-podvore-nilo-sto/,"{'eparhia': None, 'mitropolia': None, 'boss': None, 'type': 'подворье епархиального монастыря', 'founded': ''}",,,,,
Тверской Христорождественский женский монастырь,56.851577918087,35.874718813492,/upload/iblock/747/747e840cdd871d5894e94754cd307ae6/d71bd1_52b66f04b45b425e81b56839da6505ef.jpg,163,/monastyri/monastery/tverskoy-khristorozhdestvenskiy-zhenskiy-monastyr/,"{'eparhia': None, 'mitropolia': None, 'boss': None, 'type': 'Епархиальные монастыри Русской Православной Церкви', 'founded': '1490'}",,,,,
Тираспольский  Свято-Введенско-Пахомиев женский монастырь Тираспольской епархии,46.844042,29.623151,/upload/iblock/1b0/mg3l5ele8dd0evcyfkplu34fvqh4u1f1/bWJ3pC38n_8.jpg,1135,/monastyri/monastery/tiraspolskiy-svyato-vvedensko-pakhomiev-zhenskiy-monastyr-tiraspolskoy-eparkhii/,"{'eparhia': None, 'mitropolia': None, 'boss': None, 'type': 'Монастыри Православной Церкви Молдовы', 'founded': '2003'}",,,,,
Тихвинский Богородицкий женский монастырь,55.877319635283,47.473775048935,/upload/iblock/184/184c5e2b6dcfaafe2903fe66167a0900/a.jpg,616,/monastyri/monastery/tikhvinskiy-bogoroditskiy-zhenskiy-monastyr/,"{'eparhia': None, 'mitropolia': None, 'boss': None, 'type': 'Епархиальные монастыри Русской Православной Церкви', 'founded': '1675'}",,,,,
Свято-Тихвинский Богородицкий женский монастырь в г. Бузулук,52.782098070967,52.275368457672,/upload/iblock/c80/c80cda1b093a0c86e15e6b0f0ffeb739/A.jpg,1006,/monastyri/monastery/svyato-tikhvinskiy-bogoroditskiy-zhenskiy-monastyr-v-g-buzuluk/,"{'eparhia': None, 'mitropolia': None, 'boss': None, 'type': 'Епархиальные монастыри Русской Православной Церкви', 'founded': '1847'}",,,,,
Тихвинский Богородичный Успенский монастырь,59.652993556602,33.521026898148,/upload/iblock/0a9/0a901294cecade33cd36fbb23e7447bb/01.jpg,497,/monastyri/monastery/tikhvinskiy-bogorodichnyy-uspenskiy-monastyr/,"{'eparhia': None, 'mitropolia': None, 'boss': None, 'type': 'Епархиальные монастыри Русской Православной Церкви', 'founded': '1560'}",,,,,
Свято-Тихвинский женский монастырь Днепропетровской епархии,48.446171093667,35.006328280426,/upload/iblock/e32/5i0u6s8s0339d1blyhhknm2jqmdblscr/01.jpg,832,/monastyri/monastery/svyato-tikhvinskiy-zhenskiy-monastyr-dnepropetrovskoy-eparkhii/,"{'eparhia': None, 'mitropolia': None, 'boss': None, 'type': 'Монастыри УПЦ МП', 'founded': '1866'}",,,,,
Тихвинский Керенский мужской монастырь с. Вадинск ,53.68974407261,43.073099518585,/upload/iblock/8c1/8c1caf961718b371bb0d0771c485e2b3/i0Fncvgixlg.jpg,419,/monastyri/monastery/tikhvinskiy-kerenskiy-muzhskoy-monastyr-s-vadinsk-/,"{'eparhia': None, 'mitropolia': None, 'boss': None, 'type': 'Епархиальные монастыри Русской Православной Церкви', 'founded': '1683'}",,,,,
Тихвинский мужской монастырь села Паздеры ,56.843274916821,53.854747439306,/upload/iblock/1d9/11.jpg,1007,/monastyri/monastery/tikhvinskiy-muzhskoy-monastyr-sela-pazdery-/,"{'eparhia': None, 'mitropolia': None, 'boss': None, 'type': 'Епархиальные монастыри Русской Православной Церкви', 'founded': '2021'}",,,,,
Тихвинский Николаевский женский монастырь Киевской епархии,50.390496798792,30.528096185181,/upload/iblock/7eb/yj3x4m6cgfy6fsp4duvi3cpynb3lsgs8/Nikolo_Tikhvinskiy_.jpg,761,/monastyri/monastery/tikhvinskiy-nikolaevskiy-zhenskiy-monastyr-kievskoy-eparkhii/,"{'eparhia': None, 'mitropolia': None, 'boss': None, 'type': 'Монастыри УПЦ МП', 'founded': '2007'}",,,,,
Тихвинский скит Спасо-Преображенского мужского монастыря города Пензы,52.849883063807,45.454002314002,/upload/iblock/469/p2_02.jpg,602,/monastyri/monastery/tikhvinskiy-skit-spaso-preobrazhenskogo-muzhskogo-monastyrya-goroda-penzy/,"{'eparhia': None, 'mitropolia': None, 'boss': None, 'type': 'скит епархиального монастыря', 'founded': ''}",,,,,
Троице-Георгиевский женский монастырь в селе Лесном,43.575500945944,39.974407976724,/upload/iblock/709/7093f82b91403daa300dbe3e63f804de/DPNWW8avM.jpg,1365,/monastyri/monastery/troitse-georgievskiy-zhenskiy-monastyr-v-sele-lesnom/,"{'eparhia': None, 'mitropolia': None, 'boss': None, 'type': 'Епархиальные монастыри Русской Православной Церкви', 'founded': '2001'}",,,,,
Свято-Троице-Никандров женский монастырь,58.830008,33.83677,/upload/iblock/2ec/hbwhlyji78bv6id5ipr2c275jqkikdc9/LjTlOANt1Ww.jpg,411,/monastyri/monastery/svyato-troitse-nikandrov-zhenskiy-monastyr/,"{'eparhia': None, 'mitropolia': None, 'boss': None, 'type': 'Епархиальные монастыри Русской Православной Церкви', 'founded': ''}",,,,,
Свято-Троице-Никольский мужской монастырь в г. Гороховце,56.204317306474,42.673323992065,/upload/iblock/074/0747af9e8e1a94390be00ef4917a41a7/2.jpg,319,/monastyri/monastery/svyato-troitse-nikolskiy-muzhskoy-monastyr-v-g-gorokhovtse/,"{'eparhia': None, 'mitropolia': None, 'boss': None, 'type': 'Епархиальные монастыри Русской Православной Церкви', 'founded': ''}",,,,,
Троице-Одигитриевский ставропигиальный женский монастырь Зосимова пустынь,55.408190253831,36.912323236771,/upload/iblock/2b1/k54zx6lvgmqczamz8r76sm6iruazkb7x/45678.jpg,59,/monastyri/monastery/troitse-odigitrievskiy-stavropigialnyy-zhenskiy-monastyr-zosimova-pustyn/,"{'eparhia': None, 'mitropolia': None, 'boss': None, 'type': 'Ставропигиальные монастыри Русской Православной Церкви', 'founded': '1826'}",,,,,
Троице-Серафимов скит Свято-Елисаветинского женского монастыря.,55.000867760422,21.752927552978,/upload/iblock/67e/67ed5c1689fae95a93e38072881cd648/DSC0346.jpg,1004,/monastyri/monastery/troitse-serafimov-skit-svyato-elisavetinskogo-zhenskogo-monastyrya/,"{'eparhia': None, 'mitropolia': None, 'boss': None, 'type': 'скит епархиального монастыря', 'founded': '2009'}",,,,,
Троице-Сергиев Варницкий мужской  монастырь,57.200902774689,39.377330671966,/upload/iblock/014/monasterium.ru_02.jpg,194,/monastyri/monastery/troitse-sergiev-varnitskiy-monastyr/,"{'eparhia': None, 'mitropolia': None, 'boss': None, 'type': 'скит ставропигиального монастыря', 'founded': ''}",,,,,
Троице-Сканов  женский монастырь,53.864846,43.752707,/upload/iblock/af1/af18534a3727e094e31634721382a106/1.jpg,446,/monastyri/monastery/troitse-skanov-zhenskiy-monastyr/,"{'eparhia': None, 'mitropolia': None, 'boss': None, 'type': 'Епархиальные монастыри Русской Православной Церкви', 'founded': ''}",,,,,
Троице-Стефано-Ульяновский мужской монастырь,61.824724028962,53.555117475105,/upload/iblock/6f7/6f7ca41944c88edf11f9b1e138a2e055/s_ves-monastyr.JPG,1135,/monastyri/monastery/troitse-stefano-ulyanovskiy-muzhskoy-monastyr/,"{'eparhia': None, 'mitropolia': None, 'boss': None, 'type': 'Епархиальные монастыри Русской Православной Церкви', 'founded': '1396'}",,,,,
Троице-Сыпанов Пахомиево-Нерехтский женский монастырь,57.4449880097,40.603228230133,/upload/iblock/529/529ab769603162d8665aaae5a99f9e1e/Troitse_Sypanov_Pakhomievo_Nerekhtskiy_zhenskiy_monastyr_300x191.jpg,263,/monastyri/monastery/troitse-sypanov-pakhomievo-nerekhtskiy-zhenskiy-monastyr/,"{'eparhia': None, 'mitropolia': None, 'boss': None, 'type': 'Епархиальные монастыри Русской Православной Церкви', 'founded': '14'}",,,,,
Свято-Троицкая Александро-Невская лавра,59.921458331409,30.388823695395,/upload/iblock/8b4/spb_11_.jpg,630,/monastyri/monastery/svyato-troitskaya-aleksandro-nevskaya-lavra/,"{'eparhia': None, 'mitropolia': None, 'boss': None, 'type': 'Епархиальные монастыри Русской Православной Церкви', 'founded': '1713'}",,,,,
Свято-Троицкая Сергиева лавра,56.310444664322,38.131686124611,/upload/iblock/722/kv6sv5moewnamuoe6u5wsqso91f26l1x/TSL_vid_1_.jpg,70,/monastyri/monastery/svyato-troitskaya-sergieva-lavra/,"{'eparhia': None, 'mitropolia': None, 'boss': None, 'type': 'Ставропигиальные монастыри Русской Православной Церкви', 'founded': '1337'}",,,,,
Свято-Троицкая Сергиева Приморская мужская пустынь,59.853925498776,30.089374126608,/upload/iblock/d76/spb_12_.jpg,637,/monastyri/monastery/svyato-troitskaya-sergieva-primorskaya-muzhskaya-pustyn/,"{'eparhia': None, 'mitropolia': None, 'boss': None, 'type': 'Епархиальные монастыри Русской Православной Церкви', 'founded': '1732'}",,,,,
Свято-Троицкий Александра Свирского мужской монастырь,60.778540609683,33.313047019151,/upload/iblock/409/4092c4c7f058ad4059c227c83a196aaf/khMWGMJBUFA.jpg,613,/monastyri/monastery/svyato-troitskiy-aleksandra-svirskogo-muzhskoy-monastyr/,"{'eparhia': None, 'mitropolia': None, 'boss': None, 'type': 'Епархиальные монастыри Русской Православной Церкви', 'founded': '1506'}",,,,,
Троицкий Антониево-Сийский мужской монастырь,63.552955421647,41.554782025046,/upload/iblock/2ae/zhiv1.jpg,895,/monastyri/monastery/zhivonachalnoy-troitsy-antoniev-siyskiy-muzhskoy-monastyr/,"{'eparhia': None, 'mitropolia': None, 'boss': None, 'type': 'Епархиальные монастыри Русской Православной Церкви', 'founded': '1520'}",,,,,
Троицкий Белбажский монастырь - скит Серафимо - Дивеевского монастыря,57.315994872222,44.186917063533,/upload/iblock/520/555555.jpg,439,/monastyri/monastery/troitskiy-belbazhskiy-monastyr-skit-serafimo-diveevskogo-monastyrya/,"{'eparhia': None, 'mitropolia': None, 'boss': None, 'type': 'скит епархиального монастыря', 'founded': '1708'}",,,,,
Троицкий Белогорский монастырь с.Каменный Брод,49.825571796151,44.472508842101,/upload/iblock/fda/fdabdf7b3d55b744a9b716ad59432d14/Mk0djXOpSwM.jpg,804,/monastyri/monastery/troitskiy-belogorskiy-monastyr-s-kamennyy-brod/,"{'eparhia': None, 'mitropolia': None, 'boss': None, 'type': 'Епархиальные монастыри Русской Православной Церкви', 'founded': '1860'}",,,,,
Свято-Троицкий Браиловский женский монастырь Винницкой епархии,49.105683634488,28.169820472474,/upload/iblock/412/8avrxmyemc8v21r6yd3fx6hx9cvnjyfg/00.jpg,977,/monastyri/monastery/svyato-troitskiy-brailovskiy-zhenskiy-monastyr-vinnitskoy-eparkhii/,"{'eparhia': None, 'mitropolia': None, 'boss': None, 'type': 'Монастыри УПЦ МП', 'founded': '1635'}",,,,,
Свято-Троицкий Густынский Прилукский женский монастырь Нежинской епархии,50.636338,32.472753,/upload/iblock/3da/zwyoqfy44aedunjxl7yd8l7qg9z3ff0d/1.webp,665,/monastyri/monastery/svyato-troitskiy-gustynskiy-prilukskiy-zhenskiy-monastyr-nezhinskoy-eparkhii/,"{'eparhia': None, 'mitropolia': None, 'boss': None, 'type': 'Монастыри УПЦ МП', 'founded': ''}",,,,,
Свято-Троицкий Данилов мужской монастырь г. Переславля-Залесского,56.719944551628,38.837341434759,/upload/iblock/9b0/9b0814f5c65617b6d60dd0baf880501f/Svyato_Troitskiy_Danilov_monastyr.jpg,132,/monastyri/monastery/svyato-troitskiy-danilov-muzhskoy-monastyr-g-pereslavlya-zalesskogo/,"{'eparhia': None, 'mitropolia': None, 'boss': None, 'type': 'Епархиальные монастыри Русской Православной Церкви', 'founded': '0'}",,,,,
Свято-Троицкий Дерманский женский монастырь Ровенской епархии ,50.380175043587,26.277631600739,/upload/iblock/489/z5jwxcuhtlywb1we2vbl0u60dniikwr7/1.jpg,964,/monastyri/monastery/svyato-troitskiy-dermanskiy-zhenskiy-monastyr-rovenskoy-eparkhii-/,"{'eparhia': None, 'mitropolia': None, 'boss': None, 'type': 'Монастыри УПЦ МП', 'founded': '1428'}",,,,,
Троицкий Дуконский мужской монастырь Ивано-Франковской епархии,49.892222,24.81541,/upload/iblock/add/nz17lpkzqrxmstw99swlada3xrupso8z/00-_1_.jpg,1077,/monastyri/monastery/troitskiy-dukonskiy-muzhskoy-monastyr-ivano-frankovskoy-eparkhii/,"{'eparhia': None, 'mitropolia': None, 'boss': None, 'type': 'Монастыри УПЦ МП', 'founded': ''}",,,,,
Свято-Троицкий женский монастырь в г. Муроме,55.58163869058,42.053001253967,/upload/iblock/bb2/bb2a69dd61bbb199a5162b99f0cfb141/DJI_0001.jpg,279,/monastyri/monastery/svyato-troitskiy-zhenskiy-monastyr-v-g-murome/,"{'eparhia': None, 'mitropolia': None, 'boss': None, 'type': 'Епархиальные монастыри Русской Православной Церкви', 'founded': '1643'}",,,,,
Свято-Троицкий женский монастырь г. Симферополя,44.949173237772,34.104058101852,/upload/iblock/287/287eb9acbe71e6ec0e8e460a5ef988c6/1.jpg,1227,/monastyri/monastery/svyato-troitskiy-zhenskiy-monastyr-g-simferopolya-simferopolskoy-i-krymskoy-eparkhii/,"{'eparhia': None, 'mitropolia': None, 'boss': None, 'type': 'Епархиальные монастыри Русской Православной Церкви', 'founded': '2003'}",,,,,
Свято-Троицкий женский монастырь с. Глинжены   Бельцко-Фалештской епархии,47.601608160337,27.882991987668,/upload/iblock/68d/3.jpg,1126,/monastyri/monastery/svyato-troitskiy-zhenskiy-monastyr-s-glinzheny-beltsko-faleshtskoy-eparkhii/,"{'eparhia': None, 'mitropolia': None, 'boss': None, 'type': 'Монастыри Православной Церкви Молдовы', 'founded': '1992'}",,,,,
Троицкий женский монастырь с. Ташла,53.704966112183,49.754099841942,/upload/iblock/fcd/fcd7e944efc0c24270eabb5f840a55b7/e7JPYZXl7zM.jpg,811,/monastyri/monastery/troitskiy-zhenskiy-monastyr-s-tashla/,"{'eparhia': None, 'mitropolia': None, 'boss': None, 'type': 'Епархиальные монастыри Русской Православной Церкви', 'founded': '2016'}",,,,,
Свято-Троицкий женский монастырь Фрумоаса  Унгенской и Ниспоренской епархии,47.327789,28.391991,/upload/iblock/050/6f6tky6ordtsz1mfu8ggx6ivr2etctk7/1.jpg,1132,/monastyri/monastery/svyato-troitskiy-zhenskiy-monastyr-frumoasa-ungenskoy-i-nisporenskoy-eparkhii/,"{'eparhia': None, 'mitropolia': None, 'boss': None, 'type': 'Монастыри Православной Церкви Молдовы', 'founded': '1804'}",,,,,
Свято-Троицкий женский монастырь Хустской епархии,48.104736,23.743882,/upload/iblock/e74/mrzc6jbd8dn49i4brjod783m9pybtse1/02.jpg,1273,/monastyri/monastery/svyato-troitskiy-zhenskiy-monastyr-khustskoy-eparkhii/,"{'eparhia': None, 'mitropolia': None, 'boss': None, 'type': 'Монастыри УПЦ МП', 'founded': '2004'}",,,,,
Свято-Троицкий мужской Зеленецкий монастырь,59.78867224606,32.774588816147,/upload/iblock/461/4612370a449671b770adf130a9fddbbd/0000.jpg,533,/monastyri/monastery/svyato-troitskiy-muzhskoy-zelenetskiy-monastyr/,"{'eparhia': None, 'mitropolia': None, 'boss': None, 'type': 'Епархиальные монастыри Русской Православной Церкви', 'founded': '1564'}",,,,,
Свято-Троицкий Ионинский мужской монастырь Киевской епархии,50.415220502827,30.563468109787,/upload/iblock/bc4/q3fxl9sp4jkmhq0pnot7u5b85pob8ue9/26.jpg,758,/monastyri/monastery/svyato-troitskiy-ioninskiy-muzhskoy-monastyr-kievskoy-eparkhii/,"{'eparhia': None, 'mitropolia': None, 'boss': None, 'type': 'Монастыри УПЦ МП', 'founded': ''}",,,,,
Свято-Троицкий Ипатьевский мужской монастырь,57.776978982026,40.89377098941,/upload/iblock/46d/46d0afff7eaa151d9db9e79fd793aee1/765.jpg,301,/monastyri/monastery/svyato-troitskiy-ipatevskiy-muzhskoy-monastyr/,"{'eparhia': None, 'mitropolia': None, 'boss': None, 'type': 'Епархиальные монастыри Русской Православной Церкви', 'founded': '1330'}",,,,,
Свято-Троицкий Китаевский мужской монастырь Киевской епархии,50.366613231458,30.542123042328,/upload/iblock/8f6/f80xg3y9cxrx1yalh1hsd1vj16pu0way/0000.jpg,763,/monastyri/monastery/svyato-troitskiy-kitaevskiy-muzhskoy-monastyr-kievskoy-eparkhii/,"{'eparhia': None, 'mitropolia': None, 'boss': None, 'type': 'Монастыри УПЦ МП', 'founded': ''}",,,,,
Троицкий Лебедянский женский монастырь,53.027693147031,39.132171313492,/upload/iblock/fd4/fd4f96707962aa6e6955ac7c67b601d7/6.jpg,319,/monastyri/monastery/troitskiy-lebedyanskiy-zhenskiy-monastyr/,"{'eparhia': None, 'mitropolia': None, 'boss': None, 'type': 'Епархиальные монастыри Русской Православной Церкви', 'founded': '1353'}",,,,,
Троицкий Мариинский женский монастырь,55.388026798332,39.031101601852,/upload/iblock/e90/e906badae60502bd6dc54fbbdc5b2d37/svyato_troickiy_mariinskiy_zhenskiy_monastir_big.jpg,98,/monastyri/monastery/troitskiy-mariinskiy-zhenskiy-monastyr/,"{'eparhia': None, 'mitropolia': None, 'boss': None, 'type': 'Епархиальные монастыри Русской Православной Церкви', 'founded': '1900'}",,,,,
"Свято-Троицкий Марков мужской монастырь, г. Витебск Витебской епархии.",55.171353395075,30.153997660049,/upload/iblock/122/122661920b50429da37964e96dda70d4/monastyr.jpg,475,/monastyri/monastery/svyato-troitskiy-markov-muzhskoy-monastyr-g-vitebsk-vitebskoy-eparkhii/,"{'eparhia': None, 'mitropolia': None, 'boss': None, 'type': 'Монастыри Белорусской Православной Церкви', 'founded': '1298'}",,,,,
Свято-Троицкий Матронинский женский монастырь Черкасской епархии,49.152320574616,32.254961332554,/upload/iblock/527/k2nvye4pp8oaw4s5cv950o4nsk2kfa76/00.jpg,819,/monastyri/monastery/svyato-troitskiy-matroninskiy-zhenskiy-monastyr-cherkasskoy-eparkhii/,"{'eparhia': None, 'mitropolia': None, 'boss': None, 'type': 'Монастыри УПЦ МП', 'founded': '1991'}",,,,,
Свято-Троицкий Межиричский мужской монастырь Ровенской епархии,50.306949,26.489344,/upload/iblock/40c/34zztxdd6rpjo4wr3h0zjgzmzi4q383v/1.jpg,958,/monastyri/monastery/svyato-troitskiy-mezhirichskiy-muzhskoy-monastyr-rovenskoy-eparkhii/,"{'eparhia': None, 'mitropolia': None, 'boss': None, 'type': 'Монастыри УПЦ МП', 'founded': ''}",,,,,
Свято-Троицкий мужской монастырь г. Тюмени,57.169191614249,65.512097693115,/upload/iblock/1a9/1a97b1e5a74b10379b384fadb94a511b/111.jpg,1709,/monastyri/monastery/svyato-troitskiy-muzhskoy-monastyr-g-tyumeni/,"{'eparhia': None, 'mitropolia': None, 'boss': None, 'type': 'Епархиальные монастыри Русской Православной Церкви', 'founded': '1616'}",,,,,
Троицкий мужской монастырь города Мичуринска,52.868831644325,40.475208930837,/upload/iblock/a5c/a5cd3b8b174356eb08c2ee3545b98abf/43.jpg,371,/monastyri/monastery/troitskiy-muzhskoy-monastyr-goroda-michurinska/,"{'eparhia': None, 'mitropolia': None, 'boss': None, 'type': 'Епархиальные монастыри Русской Православной Церкви', 'founded': '1627'}",,,,,
Свято-Троицкий мужской монастырь с. Тарасково г. Новоуральска ,57.123621821059,60.065449906724,/upload/iblock/aaa/4.jpg,1382,/monastyri/monastery/svyato-troitskiy-muzhskoy-monastyr-s-taraskovo-g-novouralska-/,"{'eparhia': None, 'mitropolia': None, 'boss': None, 'type': 'Епархиальные монастыри Русской Православной Церкви', 'founded': '2003'}",,,,,
Троицкий мужской скит мужского монастыря  в честь Песчанской иконы Божией Матери Изюмской епархии,49.099881894475,37.217395136451,/upload/iblock/92a/dqvktz110qw5pgs7x7o9xotzj4d7p5q9/00.jpg,741,/monastyri/monastery/troitskiy-muzhskoy-skit-muzhskogo-monastyrya-v-chest-peschanskoy-ikony-bozhiey-materi-izyumskoy-epar/,"{'eparhia': None, 'mitropolia': None, 'boss': None, 'type': 'скит епархиального монастыря', 'founded': ''}",,,,,
"Свято-Троицкий Никольский женский монастырь г. Ташкента , Ташкентской и Узбекистанской епархия",41.285697610243,69.302483728836,/upload/iblock/95c/95ca23091b6be0e45b1956a66161a04f/007.JPG,2796,/monastyri/monastery/svyato-troitskiy-nikolskiy-zhenskiy-monastyr-g-tashkenta-tashkentskoy-i-uzbekistanskoy-eparkhiya/,"{'eparhia': None, 'mitropolia': None, 'boss': None, 'type': 'Монастыри Среднеазиатского митрополичьего округа Русской Православной Церкви', 'founded': '1894'}",,,,,
Свято-Троицкий Ново-Голутвин женский монастырь,55.104744476923,38.757886730099,/upload/iblock/779/779f62676d26dae3326ec56733330867/1.jpg,103,/monastyri/monastery/svyato-troitskiy-novo-golutvin-zhenskiy-monastyr/,"{'eparhia': None, 'mitropolia': None, 'boss': None, 'type': 'Епархиальные монастыри Русской Православной Церкви', 'founded': '1799'}",,,,,
Свято-Троицкий Параскевиевский Топловский женский монастырь,44.999304500116,34.879799973541,/upload/iblock/c36/c360d32fff2b7f5280102f79ba31d7db/1.jpg,1212,/monastyri/monastery/svyato-troitskiy-paraskevievskiy-toplovskiy-zhenskiy-monastyr/,"{'eparhia': None, 'mitropolia': None, 'boss': None, 'type': 'Епархиальные монастыри Русской Православной Церкви', 'founded': '1864'}",,,,,
Свято-Троицкий пустынный мужской монастырь Днепропетровской епархии,48.544299209159,36.4570093879,,806,/monastyri/monastery/svyato-troitskiy-pustynnyy-muzhskoy-monastyr-dnepropetrovskoy-eparkhii/,"{'eparhia': None, 'mitropolia': None, 'boss': None, 'type': 'Монастыри УПЦ МП', 'founded': '1905'}",,,,,
Троицкий Рождества Богородицы Оптин женский монастырь,53.456524440328,36.024369599314,/upload/iblock/83a/83a3c0d3c9ba8ab187bb44fb8c6337ea/JPIttCsww8I.jpg,276,/monastyri/monastery/troitskiy-rozhdestva-bogoroditsy-optin-zhenskiy-monastyr/,"{'eparhia': None, 'mitropolia': None, 'boss': None, 'type': 'Епархиальные монастыри Русской Православной Церкви', 'founded': '1594'}",,,,,
Свято - Троицкий Рудьский женский монастырь  Единецко-Бричанской епархии,48.345064917841,27.890293779099,/upload/iblock/f68/_.jpg,1057,/monastyri/monastery/svyato-troitskiy-rudskiy-zhenskiy-monastyr-edinetsko-brichanskoy-eparkhii/,"{'eparhia': None, 'mitropolia': None, 'boss': None, 'type': 'Монастыри Православной Церкви Молдовы', 'founded': '1777'}",,,,,
Свято-Троицкий Сахарнянский мужской монастырь Кишиневской епархии,47.694836,28.964996,/upload/iblock/0d3/8rgjo3dkrgceu5rpfon5kxp962qgrsy6/1.jpg,1075,/monastyri/monastery/svyato-troitskiy-sakharnyanskiy-muzhskoy-monastyr-kishinevskoy-eparkhii/,"{'eparhia': None, 'mitropolia': None, 'boss': None, 'type': 'Монастыри Православной Церкви Молдовы', 'founded': '1776'}",,,,,
Свято-Троицкий Селенгинский монастырь в селе Троицкое,52.119468011283,107.1773847209,/upload/iblock/6a5/6a55f56913afe04d8d527e62e1c9a8e8/zbPdJ_cJR4A.jpg,4378,/monastyri/monastery/svyato-troitskiy-selenginskiy-monastyr-v-sele-troitskoe/,"{'eparhia': None, 'mitropolia': None, 'boss': None, 'type': 'Епархиальные монастыри Русской Православной Церкви', 'founded': '1681'}",,,,,
Свято-Троицкий Серафимо-Дивеевский женский монастырь,55.040209034645,43.240525639991,/upload/iblock/7fc/diveevo.jpg,364,/monastyri/monastery/svyato-troitskiy-serafimo-diveevskiy-zhenskiy-monastyr/,"{'eparhia': None, 'mitropolia': None, 'boss': None, 'type': 'Епархиальные монастыри Русской Православной Церкви', 'founded': '1779'}",,,,,
Троицкий скит  Серафимо - Дивеевского женского монастыря,55.276169642707,43.740222841278,/upload/iblock/dc3/5.jpg,389,/monastyri/monastery/troitskiy-skit-serafimo-diveevskogo-zhenskogo-monastyrya/,"{'eparhia': None, 'mitropolia': None, 'boss': None, 'type': 'скит епархиального монастыря', 'founded': '1997'}",,,,,
Троицкий скит Сурского Иоанновского женского монастыря,63.433883,45.549116,/upload/iblock/958/95818b02c9a3c78c46507bbf6c9a3731/1.jpg,962,/monastyri/monastery/troitskiy-skit-surskogo-ioannovskogo-zhenskogo-monastyrya/,"{'eparhia': None, 'mitropolia': None, 'boss': None, 'type': 'скит епархиального монастыря', 'founded': '1901'}",,,,,
Троицкий ставропигиальный женский монастырь Киевской епархии ,48.988703621242,28.857925257335,/upload/iblock/78d/5k4586hf7lrzt9ux170k9dbeeeawadjx/00.jpg,958,/monastyri/monastery/troitskiy-stavropigialnyy-zhenskiy-monastyr-kievskoy-eparkhii-/,"{'eparhia': None, 'mitropolia': None, 'boss': None, 'type': 'Монастыри УПЦ МП', 'founded': '1996'}",,,,,
Свято-Троицкий Старосельский женский монастырь Волынской епархии ,51.068277488892,25.583714645394,/upload/iblock/446/c0strei6ysplm87ymeef8sugkx1bja7r/00.jpg,951,/monastyri/monastery/svyato-troitskiy-staroselskiy-zhenskiy-monastyr-volynskoy-eparkhii-/,"{'eparhia': None, 'mitropolia': None, 'boss': None, 'type': 'Монастыри УПЦ МП', 'founded': '2006'}",,,,,
Свято-Троицкий Стефано-Махрищский ставропигиальный женский монастырь,56.269507917771,38.681487185787,/upload/iblock/835/monasterium.ru_mahra_00.jpg,88,/monastyri/monastery/svyato-troitskiy-stefano-makhrishchskiy-stavropigialnyy-zhenskiy-monastyr/,"{'eparhia': None, 'mitropolia': None, 'boss': None, 'type': 'Ставропигиальные монастыри Русской Православной Церкви', 'founded': '1358'}",,,,,
Свято-Троицкий Творожский женский монастырь д. Творожково,58.357279941414,28.672239569795,/upload/iblock/31a/31a5c7d4e46f839aaa7b46dcf3f9056b/000.jpg,613,/monastyri/monastery/svyato-troitskiy-tvorozhskiy-zhenskiy-monastyr-d-tvorozhkovo/,"{'eparhia': None, 'mitropolia': None, 'boss': None, 'type': 'Епархиальные монастыри Русской Православной Церкви', 'founded': '1862'}",,,,,
Свято-Троицкий Трифонов Печенгский   монастырь п. Луостари.,69.426136864253,31.057622980557,/upload/iblock/18c/18ccade60dacf98f81bf47caf0ce4f8d/1.jpg,1555,/monastyri/monastery/svyato-troitskiy-trifonov-pechengskiy-monastyr-p-luostari/,"{'eparhia': None, 'mitropolia': None, 'boss': None, 'type': 'Епархиальные монастыри Русской Православной Церкви', 'founded': ''}",,,,,
Свято-Троицкий Усть-Каменогорский мужской монастырь Усть-Каменогорской и Семипалатинской епархии,49.947101698135,82.601482550262,/upload/iblock/ddf/0.jpg,3032,/monastyri/monastery/svyato-troitskiy-ust-kamenogorskiy-muzhskoy-monastyr-ust-kamenogorskoy-i-semipalatinskoy-eparkhii/,"{'eparhia': None, 'mitropolia': None, 'boss': None, 'type': 'Монастыри Митрополичьего округа Русской Православной Церкви в республике Казахстан', 'founded': '1993'}",,,,,
Свято-Троицкий Феодоритов Кольский мужской монастырь,68.926722353801,33.107715190491,/upload/iblock/6d8/rk43307wif0vx30abf317i238awptq6s/1.jpg,1482,/monastyri/monastery/svyato-troitskiy-feodoritov-kolskiy-muzhskoy-monastyr/,"{'eparhia': None, 'mitropolia': None, 'boss': None, 'type': 'Епархиальные монастыри Русской Православной Церкви', 'founded': '1540'}",,,,,
Свято-Троицкий Холковский мужской монастырь,50.863373300187,37.753340448379,/upload/iblock/4e5/4e59b334decbfdaf98e0f8e1f1a24dde/1_002.jpg.jpg,545,/monastyri/monastery/svyato-troitskiy-kholkovskiy-muzhskoy-monastyr/,"{'eparhia': None, 'mitropolia': None, 'boss': None, 'type': 'Епархиальные монастыри Русской Православной Церкви', 'founded': '1620'}",,,,,
Свято-Троицкий Чигиринский женский монастырь Черкасской епархии,49.092575,32.665561,/upload/iblock/1c7/2cqio5w0lm6byhi3xgwri0db5h0l8nsc/00.jpg,813,/monastyri/monastery/svyato-troitskiy-chigirinskiy-zhenskiy-monastyr-cherkasskoy-eparkhii/,"{'eparhia': None, 'mitropolia': None, 'boss': None, 'type': 'Монастыри УПЦ МП', 'founded': '2006'}",,,,,
Тургеневская Казанская Ключевская мужская пустынь,54.809419713171,46.309614798603,/upload/iblock/e60/e60ee18c7d7443741c94d1c9a0ce1f37/e.jpg,561,/monastyri/monastery/turgenevskaya-kazanskaya-klyuchevskaya-muzhskaya-pustyn/,"{'eparhia': None, 'mitropolia': None, 'boss': None, 'type': 'Епархиальные монастыри Русской Православной Церкви', 'founded': ''}",,,,,
"Уральский в честь Покрова Пресвятой Богородицы женский монастырь, Уральской епархии",51.252367347657,51.382424296295,/upload/iblock/6ea/ppp.jpg,1037,/monastyri/monastery/uralskiy-v-chest-pokrova-presvyatoy-bogoroditsy-zhenskiy-monastyr-uralskoy-eparkhii/,"{'eparhia': None, 'mitropolia': None, 'boss': None, 'type': 'Монастыри Митрополичьего округа Русской Православной Церкви в республике Казахстан', 'founded': '1850'}",,,,,
Усольский Спасо-Преображенский женский монастырь,59.412896138641,56.708003346214,/upload/iblock/b03/b03e18534bc77bf922a87be541f635b0/hzWWmdydDC8.jpg,1204,/monastyri/monastery/usolskiy-spaso-preobrazhenskiy-zhenskiy-monastyr/,"{'eparhia': None, 'mitropolia': None, 'boss': None, 'type': 'Епархиальные монастыри Русской Православной Церкви', 'founded': '2000'}",,,,,
Свято-Успенская Святогорская лавра Донецкой епархии,49.02797813189,37.567572,/upload/iblock/79e/2r0m6gg0shj4bsb4xgmqbmt8v3nvchf2/43.jpg,749,/monastyri/monastery/svyato-uspenskaya-svyatogorskaya-lavra-donetskoy-eparkhii/,"{'eparhia': None, 'mitropolia': None, 'boss': None, 'type': 'Монастыри УПЦ МП', 'founded': ''}",,,,,
Свято-Успенская Тетеринская женская пустынь,57.501687441664,40.589053132036,/upload/iblock/3f0/3f00ca0a51413061d3bf60220373b30f/1.png,266,/monastyri/monastery/svyato-uspenskaya-teterinskaya-zhenskaya-pustyn/,"{'eparhia': None, 'mitropolia': None, 'boss': None, 'type': 'Епархиальные монастыри Русской Православной Церкви', 'founded': '1993'}",,,,,
Успенская Феклина женская пустынь,53.974724340806,36.020516582498,/upload/iblock/75e/75e45d42a30199252ab707a124d7f333/9C520HIcFMc.jpg,223,/monastyri/monastery/uspenskaya-feklina-zhenskaya-pustyn/,"{'eparhia': None, 'mitropolia': None, 'boss': None, 'type': 'Епархиальные монастыри Русской Православной Церкви', 'founded': '2016'}",,,,,
Свято-Успенский Бахчисарайский мужской монастырь  ,44.744501,33.910187,/upload/iblock/a72/a7204f37f3bd124cc3bd97ea8ae9fb84/000.jpg,1253,/monastyri/monastery/svyato-uspenskiy-bakhchisarayskiy-muzhskoy-monastyr-/,"{'eparhia': None, 'mitropolia': None, 'boss': None, 'type': 'Епархиальные монастыри Русской Православной Церкви', 'founded': '0'}",,,,,
Успенский Второ-Афонский Бештаугорский мужской монастырь,44.089504593897,43.011762838531,/upload/iblock/10e/10ecd2d1fdc542f34d3268e14376abc4/25405a405be980ccb947ccd8468e473e_40.JPG,1353,/monastyri/monastery/uspenskiy-vtoro-afonskiy-beshtaugorskiy-muzhskoy-monastyr/,"{'eparhia': None, 'mitropolia': None, 'boss': None, 'type': 'Епархиальные монастыри Русской Православной Церкви', 'founded': '1904'}",,,,,
Успенский Вышенский женский монастырь ,54.027692016375,42.103619304651,/upload/iblock/038/03898496b357543a8c833e0b65b54251/0HV_5109.jpg,346,/monastyri/monastery/uspenskiy-vyshenskiy-zhenskiy-monastyr-/,"{'eparhia': None, 'mitropolia': None, 'boss': None, 'type': 'Епархиальные монастыри Русской Православной Церкви', 'founded': '1625'}",,,,,
Успенский Далматовский мужской монастырь г. Далматово,56.256733993106,62.940276001328,/upload/iblock/e1c/e1c9cb27938cee021a9d2bf3f1304953/9_Kopirovat.JPG,1567,/monastyri/monastery/uspenskiy-dalmatovskiy-muzhskoy-monastyr-g-dalmatovo/,"{'eparhia': None, 'mitropolia': None, 'boss': None, 'type': 'Епархиальные монастыри Русской Православной Церкви', 'founded': '1644'}",,,,,
Успенский Дуниловский женский монастырь,57.006098426216,41.424816782233,/upload/iblock/5c2/5c2743ca4d15ed3ae2014151182ced49/a.jpg,273,/monastyri/monastery/uspenskiy-dunilovskiy-zhenskiy-monastyr/,"{'eparhia': None, 'mitropolia': None, 'boss': None, 'type': 'Епархиальные монастыри Русской Православной Церкви', 'founded': '1675'}",,,,,
Свято-Успенский Елецкий монастырь Черниговской епархии,51.485418,31.295403,/upload/iblock/e04/1kfezfqhixtgh1d0sucr88jc13lnly7s/16.jpg,632,/monastyri/monastery/svyato-uspenskiy-eletskiy-monastyr-chernigovskoy-eparkhii/,"{'eparhia': None, 'mitropolia': None, 'boss': None, 'type': 'Монастыри УПЦ МП', 'founded': '1060'}",,,,,
Свято-Успенский женский монастырь Бердянской епархии,47.642660107228,35.28250788606,/upload/iblock/5a2/obb3lnr0pot1ax02n456j59zzh0a82xr/00-_1_.jpg,917,/monastyri/monastery/svyato-uspenskiy-zhenskiy-monastyr-berdyanskoy-eparkhii/,"{'eparhia': None, 'mitropolia': None, 'boss': None, 'type': 'Монастыри УПЦ МП', 'founded': '1994'}",,,,,
Свято-Успенский женский монастырь г. Кореновска ,45.463933392023,39.447823398148,/upload/iblock/e3e/e3e4e4a2d7b0684bfdb109ea2d4ab810/1.jpg,1152,/monastyri/monastery/svyato-uspenskiy-zhenskiy-monastyr-g-korenovska-/,"{'eparhia': None, 'mitropolia': None, 'boss': None, 'type': 'Епархиальные монастыри Русской Православной Церкви', 'founded': '1992'}",,,,,
Свято-Успенский женский монастырь г. Покровска (Энгельса),51.398769,46.046086,/upload/iblock/cd6/6jb2sazescn75fqe6ov9d0uk9zbkjwbo/1.jpg,737,/monastyri/monastery/svyato-uspenskiy-zhenskiy-monastyr-g-pokrovska-engelsa/,"{'eparhia': None, 'mitropolia': None, 'boss': None, 'type': 'Епархиальные монастыри Русской Православной Церкви', 'founded': '2023'}",,,,,
Свято-Успенский Домбокский женский монастырь Мукачевской епархии,48.462582838067,22.542901729148,/upload/iblock/942/tf71s9cz90dzk3j0jyhqqqmx89j72rhf/00.jpg,1306,/monastyri/monastery/svyato-uspenskiy-dombokskiy-zhenskiy-monastyr-mukachevskoy-eparkhii/,"{'eparhia': None, 'mitropolia': None, 'boss': None, 'type': 'Монастыри УПЦ МП', 'founded': '1932'}",,,,,
Свято-Успенский женский монастырь с. Коада Язулуй  Бельцко-Фалештской епархии,47.653794979626,27.992637066132,/upload/iblock/766/_.jpg,1117,/monastyri/monastery/svyato-uspenskiy-zhenskiy-monastyr-s-koada-yazuluy-beltsko-faleshtskoy-eparkhii/,"{'eparhia': None, 'mitropolia': None, 'boss': None, 'type': 'Монастыри Православной Церкви Молдовы', 'founded': '2009'}",,,,,
Успенский женский монастырь с. Перевозное,56.884681709641,53.918694473906,/upload/iblock/f21/f213889c6dafe1cfe8dc3b7d9bb3ccca/mdrLKwZHSp8.jpg,1011,/monastyri/monastery/uspenskiy-zhenskiy-monastyr-s-perevoznoe/,"{'eparhia': None, 'mitropolia': None, 'boss': None, 'type': 'Епархиальные монастыри Русской Православной Церкви', 'founded': '1994'}",,,,,
Свято-Успенский женский монастырь села Березняки  ,47.124119,142.752493,/upload/iblock/ebf/i1si9kqtp818q4lnbzr7z8q6jcrt7pqg/cropped_DSC_0321.jpg,6629,/monastyri/monastery/svyato-uspenskiy-zhenskiy-monastyr-sela-bereznyaki-/,"{'eparhia': None, 'mitropolia': None, 'boss': None, 'type': 'Епархиальные монастыри Русской Православной Церкви', 'founded': '2022'}",,,,,
Свято-Успенский женский монастырь Хустской епархии,48.151569,23.613452,/upload/iblock/88e/k6oq9uhr0kk1j1p7rku1yfaw0trbf1fw/00.jpg,1275,/monastyri/monastery/svyato-uspenskiy-zhenskiy-monastyr-khustskoy-eparkhii/,"{'eparhia': None, 'mitropolia': None, 'boss': None, 'type': 'Монастыри УПЦ МП', 'founded': ''}",,,,,
"Свято-Успенский женский монастырь, г. Орша Витебской епархии",54.502057885683,30.418224601189,/upload/iblock/e2f/e2febdedd3597dae8f3be0ae6b5db20c/1.jpg,479,/monastyri/monastery/svyato-uspenskiy-zhenskiy-monastyr-g-orsha/,"{'eparhia': None, 'mitropolia': None, 'boss': None, 'type': 'Монастыри Белорусской Православной Церкви', 'founded': '1631'}",,,,,
Свято-Успенский Жировичский  митрополичий мужской монастырь ,53.013795102884,25.346176121704,/upload/iblock/632/6320533216f1408195fb18de85613051/1.jpg,850,/monastyri/monastery/svyato-uspenskiy-zhirovichskiy-stavropigialnyy-muzhskoy-monastyr-/,"{'eparhia': None, 'mitropolia': None, 'boss': None, 'type': 'Монастыри Белорусской Православной Церкви', 'founded': ''}",,,,,
Свято-Успенский Иосифо-Волоцкий ставропигиальный мужской монастырь,56.172450137548,36.098216833097,/upload/iblock/a4f/iosifo_volotsky.jpg,106,/monastyri/monastery/iosifo-volotskiy-stavropigialnyy-muzhskoy-monastyr/,"{'eparhia': None, 'mitropolia': None, 'boss': None, 'type': 'Ставропигиальные монастыри Русской Православной Церкви', 'founded': '1479'}",,,,,
Свято – Успенский Каларашовский женский монастырь    Единецко-Бричанской епархии,48.40957,27.835493,/upload/iblock/8d4/DSC_36461.jpg,1054,/monastyri/monastery/svyato-uspenskiy-kalarashovskiy-zhenskiy-monastyr-edinetsko-brichanskoy-eparkhii/,"{'eparhia': None, 'mitropolia': None, 'boss': None, 'type': 'Монастыри Православной Церкви Молдовы', 'founded': '1648'}",,,,,
Свято-Успенский Княгинин женский монастырь города Владимира ,56.13167124111,40.399131672936,/upload/iblock/4f3/4f3a5a501e05d860f9d51187d0431197/b78574b3144912db6ed0e9e44599b548_monasterium.ru_06.jpg,179,/monastyri/monastery/svyato-uspenskiy-knyaginin-zhenskiy-monastyr-goroda-vladimira-/,"{'eparhia': None, 'mitropolia': None, 'boss': None, 'type': 'Епархиальные монастыри Русской Православной Церкви', 'founded': '1200'}",,,,,
Успенский Колоцкий женский монастырь,55.501755842932,35.661558857117,/upload/iblock/a33/a334079b4698fae3e660ca3f2d97d2c3/monastyr.jpg,127,/monastyri/monastery/uspenskiy-kolotskiy-zhenskiy-monastyr/,"{'eparhia': None, 'mitropolia': None, 'boss': None, 'type': 'Епархиальные монастыри Русской Православной Церкви', 'founded': '1413'}",,,,,
Свято-Успенский Космин монастырь с. Небылое,56.362637925484,39.997763585983,/upload/iblock/981/981d03732df20111648d98d30d2f6f0c/1.jpg,163,/monastyri/monastery/svyato-uspenskiy-kosmin-monastyr-s-nebyloe/,"{'eparhia': None, 'mitropolia': None, 'boss': None, 'type': 'Епархиальные монастыри Русской Православной Церкви', 'founded': ''}",,,,,
Свято-Успенский Куливецкий мужской монастырь Черновицко-Буковинской епархии,48.633963,25.8301,/upload/iblock/6b0/1d9f5v7u5lclbyw7im7gp1es7kv1ilfs/00.jpg,1126,/monastyri/monastery/svyato-uspenskiy-kulivetskiy-muzhskoy-monastyr-chernovitsko-bukovinskoy-eparkhii/,"{'eparhia': None, 'mitropolia': None, 'boss': None, 'type': 'Монастыри УПЦ МП', 'founded': '1997'}",,,,,
Свято-Успенский Липецкий мужской монастырь,52.612427480567,39.610091440944,/upload/iblock/e27/2017.jpg,373,/monastyri/monastery/svyato-uspenskiy-lipetskiy-muzhskoy-monastyr/,"{'eparhia': None, 'mitropolia': None, 'boss': None, 'type': 'Епархиальные монастыри Русской Православной Церкви', 'founded': ''}",,,,,
"Свято-Успенский Лихвинский женский монастырь, п. Гремячево",54.24035999692,36.264227849465,/upload/iblock/0c9/0c9a0d166351bd992ed51f7c2dde82f4/05240_20150621_022616.jpg,190,/monastyri/monastery/svyato-uspenskiy-likhvinskiy-zhenskiy-monastyr-gremyachevo/,"{'eparhia': None, 'mitropolia': None, 'boss': None, 'type': 'Епархиальные монастыри Русской Православной Церкви', 'founded': ''}",,,,,
Свято-Успенский женский  монастырь г. Александрова,56.400646454029,38.739573488242,/upload/iblock/e10/e10a9650764ed5dc41c6007e9531f2cf/3.jpg,100,/monastyri/monastery/svyato-uspenskiy-zhenskiy-monastyr-g-aleksandrova/,"{'eparhia': None, 'mitropolia': None, 'boss': None, 'type': 'Епархиальные монастыри Русской Православной Церкви', 'founded': '1651'}",,,,,
Свято-Успенский мужской монастырь Владимир-Волынской епархии ,50.72692,24.190066,/upload/iblock/49b/kf40t63w1l7ex6b1bcv08k2zaqrln3i5/00-_1_.jpg,1052,/monastyri/monastery/svyato-uspenskiy-muzhskoy-monastyr-vladimir-volynskoy-eparkhii-/,"{'eparhia': None, 'mitropolia': None, 'boss': None, 'type': 'Монастыри УПЦ МП', 'founded': '1643'}",,,,,
Успенский мужской монастырь г. Иваново,56.987991866963,40.997113817222,/upload/iblock/4b2/4b2621c8197c2d8429d5ec050841cc93/image_262.jpg,250,/monastyri/monastery/uspenskiy-muzhskoy-monastyr-g-ivanovo/,"{'eparhia': None, 'mitropolia': None, 'boss': None, 'type': 'Епархиальные монастыри Русской Православной Церкви', 'founded': '1998'}",,,,,
Успенский мужской монастырь г. Красноярска,55.978930075677,92.740713593918,/upload/iblock/f2f/monastirium.jpg,3347,/monastyri/monastery/uspenskiy-muzhskoy-monastyr-g-krasnoyarska/,"{'eparhia': None, 'mitropolia': None, 'boss': None, 'type': 'Епархиальные монастыри Русской Православной Церкви', 'founded': '1874'}",,,,,
Свято-Успенский мужской монастырь Мукачевской епархии,48.869075498664,22.893454776215,/upload/iblock/4cd/7yhi86djswap8fqd6ixuq1nst2mx5hf6/00.jpg,1257,/monastyri/monastery/svyato-uspenskiy-muzhskoy-monastyr-mukachevskoy-eparkhii/,"{'eparhia': None, 'mitropolia': None, 'boss': None, 'type': 'Монастыри УПЦ МП', 'founded': '2003'}",,,,,
Свято-Успенский мужской монастырь Ровенской епархии,50.677100203302,26.774906462836,/upload/iblock/6e0/m8ygzej3etw3hn2eqegxune6pl5bcp5p/00.jpg,915,/monastyri/monastery/svyato-uspenskiy-muzhskoy-monastyr-rovenskoy-eparkhii/,"{'eparhia': None, 'mitropolia': None, 'boss': None, 'type': 'Монастыри УПЦ МП', 'founded': '1924'}",,,,,
Успенский мужской монастырь Саровская пустынь,54.925193779864,43.327836457983,/upload/iblock/2d7/1.jpg,373,/monastyri/monastery/uspenskiy-muzhskoy-monastyr-sarovskaya-pustyn/,"{'eparhia': None, 'mitropolia': None, 'boss': None, 'type': 'Епархиальные монастыри Русской Православной Церкви', 'founded': '1706'}",,,,,
Свято-Успенский мужской монастырь Флорищева пустынь,56.418997295433,42.6439799021,/upload/iblock/791/16.jpg,321,/monastyri/monastery/svyato-uspenskiy-muzhskoy-monastyr-florishcheva-pustyn/,"{'eparhia': None, 'mitropolia': None, 'boss': None, 'type': 'Епархиальные монастыри Русской Православной Церкви', 'founded': ''}",,,,,
Свято-Успенский Николаевский женский монастырь Донецкой епархии,47.749065382546,37.302637373595,/upload/iblock/592/8v4lpuxyu2o2re2rgd655ny2jz1l5l9h/996af90b_e281_4fd0_a6b0_3bd957aac3c7.jpg,891,/monastyri/monastery/svyato-uspenskiy-nikolaevskiy-zhenskiy-monastyr-donetskoy-eparkhii/,"{'eparhia': None, 'mitropolia': None, 'boss': None, 'type': 'Епархиальные монастыри Русской Православной Церкви', 'founded': '1998'}",,,,,
Успенский Николо-Васильевский  мужской монастырь Донецкой епархии,47.750316,37.301508,/upload/iblock/e83/k36gp9cc2z4s6jaolvanahxxazqjot2q/00-_1_.jpg,891,/monastyri/monastery/vasilevskiy-muzhskoy-monastyr-donetskoy-eparkhii/,"{'eparhia': None, 'mitropolia': None, 'boss': None, 'type': 'Епархиальные монастыри Русской Православной Церкви', 'founded': '2001'}",,,,,
Свято-Успенский Одесский мужской монастырь Одесской епархии,46.378082955809,30.745011339083,/upload/iblock/1ea/1nbwpugoxgx7jur6p848teiyyp8945qi/Odesskiy_Uspenskiy_monastyr1.jpg,1147,/monastyri/monastery/svyato-uspenskiy-odesskiy-muzhskoy-monastyr-odesskoy-eparkhii/,"{'eparhia': None, 'mitropolia': None, 'boss': None, 'type': 'Монастыри УПЦ МП', 'founded': '1824'}",,,,,
Успенский Паисиево-Галичский женский монастырь,58.35758173813,42.339282316147,/upload/iblock/ef7/ef774c60a1b86792ec613052b66cd6c6/22.jpg,407,/monastyri/monastery/uspenskiy-paisievo-galichskiy-zhenskiy-monastyr/,"{'eparhia': None, 'mitropolia': None, 'boss': None, 'type': 'Епархиальные монастыри Русской Православной Церкви', 'founded': '1304'}",,,,,
Свято-Успенский Пошехонский Адрианов мужской монастырь ,58.452779160425,39.176541222317,/upload/iblock/db5/db5af387e065e24cd82f8eb12bf6fa52/monast.jpg,315,/monastyri/monastery/svyato-uspenskiy-poshekhonskiy-adrianov-muzhskoy-monastyr-/,"{'eparhia': None, 'mitropolia': None, 'boss': None, 'type': 'Епархиальные монастыри Русской Православной Церкви', 'founded': '1543'}",,,,,
Свято-Успенский Псково-Печерский мужской монастырь,57.809861975167,27.614706805557,/upload/iblock/a2d/a2d6d876e5414ab84bda5753f78821a1/11.jpg,650,/monastyri/monastery/uspenskiy-pskovo-pecherskiy-monastyr/,"{'eparhia': None, 'mitropolia': None, 'boss': None, 'type': 'Епархиальные монастыри Русской Православной Церкви', 'founded': '1473'}",,,,,
Успенский Свято-Георгиевский мужской монастырь с. Уса-Степановка,55.407655393048,56.360817233571,/upload/iblock/b75/b7516ee8a14d92634f47b2eca74e16b2/1.jpg,1176,/monastyri/monastery/uspenskiy-svyato-georgievskiy-muzhskoy-monastyr-s-usa-stepanovka/,"{'eparhia': None, 'mitropolia': None, 'boss': None, 'type': 'Епархиальные монастыри Русской Православной Церкви', 'founded': '1998'}",,,,,
Успенский Святогорский Зимненский ставропигиальный женский монастырь Киевской епархии,50.800469,24.32712,/upload/iblock/b3b/lba4i0me2k3pg7e89c5qgajctjg25za2/00.jpg,1039,/monastyri/monastery/uspenskiy-svyatogorskiy-zimnenskiy-stavropigialnyy-zhenskiy-monastyr-kievskoy-eparkhii/,"{'eparhia': None, 'mitropolia': None, 'boss': None, 'type': 'Монастыри УПЦ МП', 'founded': ''}",,,,,
Успенский скит Аланского Богоявленского женского монастыря в селении Лисри Мамисонского ущелья,42.669171213112,43.857461518177,/upload/iblock/a9d/a9d748b49e4cce7093f0051bb3462450/1.jpg,1523,/monastyri/monastery/uspenskiy-skit-alanskogo-bogoyavlenskogo-zhenskogo-monastyrya-v-selenii-lisri-mamisonskogo-ushchelya/,"{'eparhia': None, 'mitropolia': None, 'boss': None, 'type': 'скит епархиального монастыря', 'founded': '2007'}",,,,,
Успенский скит женского монастыря в честь Касперовской иконы Божией Матери в г. Ждановка Донецкой епархии,48.14982,38.241911,,847,/monastyri/monastery/uspenskiy-skit-zhenskogo-monastyrya-v-chest-kasperovskoy-ikony-bozhiey-materi-v-g-zhdanovka-donetsko/,"{'eparhia': None, 'mitropolia': None, 'boss': None, 'type': 'скит епархиального монастыря', 'founded': '2012'}",,,,,
Успенский скит села Волобуево Рыльского Свято-Николаевского мужского монастыря,51.886649366044,36.176236370935,/upload/iblock/699/69981dbf1f7c7588b01844b932c722fa/Skit6.JPG,441,/monastyri/monastery/uspenskiy-skit-sela-volobuevo-rylskogo-svyato-nikolaevskogo-muzhskogo-monastyrya/,"{'eparhia': None, 'mitropolia': None, 'boss': None, 'type': 'скит епархиального монастыря', 'founded': '2000'}",,,,,
Успенский ставропигиальный  женский монастырь «Ново Дивеево»  ,41.089587301178,-74.013800680218,/upload/iblock/ad3/n54g3e8ylw23jpljgd0vndql3uqpy8x7/diveevo.jpg,7477,/monastyri/monastery/uspenskiy-stavropigialnyy-zhenskiy-monastyr-novo-diveevo-/,"{'eparhia': None, 'mitropolia': None, 'boss': None, 'type': 'Монастыри РПЦЗ', 'founded': '1949'}",,,,,
"Свято-Успенский Тадулинский женский монастырь, д. Слобода Витебской епархии",55.26017063966,30.626077723648,/upload/iblock/ccc/ccc92fa94bc6aa09f6946c40580a2722/1.jpg,444,/monastyri/monastery/svyato-uspenskiy-tadulinskiy-zhenskiy-monastyr-d-sloboda-vitebskoy-eparkhii/,"{'eparhia': None, 'mitropolia': None, 'boss': None, 'type': 'Монастыри Белорусской Православной Церкви', 'founded': '1743'}",,,,,
Успенский Трифонов мужской монастырь  города Кирова ,58.600348282308,49.688903337296,/upload/iblock/0b5/0b5a4d0a8a4b9664edeae685626edc2a/DjlQWQGDBLY.jpg,792,/monastyri/monastery/uspenskiy-trifonov-monastyr-goroda-kirova-/,"{'eparhia': None, 'mitropolia': None, 'boss': None, 'type': 'Епархиальные монастыри Русской Православной Церкви', 'founded': '1580'}",,,,,
Успенский храм  школы-интерната при Николо-Шартмоском монастыре в д. Клещевка,56.78640595001,41.40291524668,/upload/iblock/1b0/1b02dbf77f58c34dbaa3a60fe43d0483/kleshchevka.jpg,261,/monastyri/monastery/uspenskiy-khram-shkoly-internata-pri-nikolo-shartmoskom-monastyre-v-d-kleshchevka/,"{'eparhia': None, 'mitropolia': None, 'boss': None, 'type': 'подворье епархиального монастыря', 'founded': ''}",,,,,
"Успенский храм на кладбище &quot;Осиновая гора&quot; г. Шуя, подворья Николо-Шартомского мужского монастыря",56.862093960302,41.434229251282,/upload/iblock/806/8061d00f612c1a340b58126e629ec3a0/i_21049_150x150.png,266,/monastyri/monastery/uspenskiy-khram-na-kladbishche-osinovaya-gora-g-shuya-podvorya-nikolo-shartomskogo-muzhskogo-monasty/,"{'eparhia': None, 'mitropolia': None, 'boss': None, 'type': 'подворье епархиального монастыря', 'founded': '1997'}",,,,,
Успенский Цыганештский мужской монастырь  Кишиневской епархии,47.315364,28.512328,/upload/iblock/517/0np4f2hoi2i3scx0nkmj2zbexd06k0l0/MG_5916.jpg,1129,/monastyri/monastery/uspenskiy-tsyganeshtskiy-muzhskoy-monastyr-kishinevskoy-eparkhii/,"{'eparhia': None, 'mitropolia': None, 'boss': None, 'type': 'Монастыри Православной Церкви Молдовы', 'founded': '1725'}",,,,,
Успенский Цыповский мужской монастырь Кишиневской епархии,47.603306437444,28.984841823855,/upload/iblock/dd1/o9qkc2qlnqq8d8pyaql9qgg15naxh1ie/4.jpg,1083,/monastyri/monastery/uspenskiy-tsypovskiy-muzhskoy-monastyr-kishinevskoy-eparkhii/,"{'eparhia': None, 'mitropolia': None, 'boss': None, 'type': 'Монастыри Православной Церкви Молдовы', 'founded': '1756'}",,,,,
Усть-Вымский Михайло-Архангельский мужской монастырь ,62.223092756008,50.398786228836,/upload/iblock/226/226ccd4888b0672910319188c7c7f162/77.png,1023,/monastyri/monastery/ust-vymskiy-mikhaylo-arkhangelskiy-muzhskoy-monastyr-/,"{'eparhia': None, 'mitropolia': None, 'boss': None, 'type': 'Епархиальные монастыри Русской Православной Церкви', 'founded': '1380'}",,,,,
Усть-Медведецкий Спасо-Преображенский монастырь,49.566261981938,42.695723444427,/upload/iblock/826/826528aa3053d156add76ad9a85e75d6/6dGjZIb9VFE.jpg,769,/monastyri/monastery/ust-medvedetskiy-spaso-preobrazhenskiy-monastyr/,"{'eparhia': None, 'mitropolia': None, 'boss': None, 'type': 'Епархиальные монастыри Русской Православной Церкви', 'founded': '1652'}",,,,,
Феодоро-Тироновский женский монастырь Кишиневской епархии,47.01242327529,28.8467772705,/upload/iblock/69d/3dk1dyl8gtylq3583mtiv4u4t3lqhatq/vv.jpg,1146,/monastyri/monastery/feodoro-tironovskiy-zhenskiy-monastyr-kishinevskoy-eparkhii/,"{'eparhia': None, 'mitropolia': None, 'boss': None, 'type': 'Монастыри Православной Церкви Молдовы', 'founded': '2002'}",,,,,
Феодоровский женский монастырь. г. Переславля-Залесского,56.712466651582,38.818987526459,/upload/iblock/99f/img_9347.jpg,130,/monastyri/monastery/feodorovskiy-zhenskiy-monastyr-g-pereslavlya-zalesskogo/,"{'eparhia': None, 'mitropolia': None, 'boss': None, 'type': 'Епархиальные монастыри Русской Православной Церкви', 'founded': ''}",,,,,
Хаджимусский Марфо-Мариинский женский монастырь Кишиневской епархии,46.731972709286,29.459978227539,/upload/iblock/f98/2a9ngn138towqm1fqb4rlowxwp00ep6b/manastirea_sf_maria_si_marta.jpg,1152,/monastyri/monastery/khadzhimusskiy-marfo-mariinskiy-zhenskiy-monastyr-kishinevskoy-eparkhii/,"{'eparhia': None, 'mitropolia': None, 'boss': None, 'type': 'Монастыри Православной Церкви Молдовы', 'founded': '1997'}",,,,,
Хибиногорский женский монастырь Казанской иконы Божией Матери,67.638088637387,33.72484067934,/upload/iblock/55a/55ababbecbbc4a0f514c974ee39eee6d/1.jpg,1337,/monastyri/monastery/khibinogorskiy-zhenskiy-monastyr-kazanskoy-ikony-bozhiey-materi/,"{'eparhia': None, 'mitropolia': None, 'boss': None, 'type': 'Епархиальные монастыри Русской Православной Церкви', 'founded': '2005'}",,,,,
Хировский во имя преподобного  Симеона Столпника женский монастырь Кишиневской епархии,47.36348786834,28.697117164062,/upload/iblock/cd5/cgmteu4qzc2bm5kba39vijjqx0k5ikh2/39_5.jpg,1117,/monastyri/monastery/khirovskiy-vo-imya-prepodobnogo-simeona-stolpnika-zhenskiy-monastyr-kishinevskoy-eparkhii/,"{'eparhia': None, 'mitropolia': None, 'boss': None, 'type': 'Монастыри Православной Церкви Молдовы', 'founded': '1805'}",,,,,
Хозяйственное подворье Благовещенского Киржачского женского монастыря ,56.163416092158,38.929507558411,/upload/iblock/04b/04bee53df75ef74bcec716b0fb3660eb/Podvore-m_rya-002.JPG,94,/monastyri/monastery/khozyaystvennoe-podvore-blagoveshchenskogo-kirzhachskogo-zhenskogo-monastyrya-/,"{'eparhia': None, 'mitropolia': None, 'boss': None, 'type': 'подворье епархиального монастыря', 'founded': ''}",,,,,
"Храм  в честь Введения Пресвятой Богородицы в с. Введенская Слобода, подворье Вознесенской Макарьевской мужской пустыни",55.759679448768,48.690450517197,/upload/iblock/bb1/bb14a490c595c774e7c6effa4a8c8ea8/1_a_17740393519.jpg,693,/monastyri/monastery/khram-v-chest-vvedeniya-presvyatoy-bogoroditsy-v-s-vvedenskaya-sloboda-podvore-voznesenskoy-makarevs/,"{'eparhia': None, 'mitropolia': None, 'boss': None, 'type': 'подворье епархиального монастыря', 'founded': ''}",,,,,
"Храм  иконы Божией Матери «Казанская» с. Новая Анзирка, подворье Елабужского Казанско-Богородицкого женского монастыря",55.747531336649,51.486549980921,/upload/iblock/369/36998eaaab4b29335a77208620338cf8/1_a_54012847222.jpg,867,/monastyri/monastery/khram-ikony-bozhiey-materi-kazanskaya-s-novaya-anzirka-podvore-elabuzhskogo-kazansko-bogoroditskogo-/,"{'eparhia': None, 'mitropolia': None, 'boss': None, 'type': 'подворье епархиального монастыря', 'founded': '1998'}",,,,,
"Храм  мучениц Веры, Надежды, Любови и матери их Софии, подворья Иоанновского ставропигиального женского монастыря",60.172937458204,30.33652780983,/upload/iblock/6b6/003.jpg,652,/monastyri/monastery/khram-svv-mtsts-very-nadezhdy-lyubovi-i-materi-ikh-sofii/,"{'eparhia': None, 'mitropolia': None, 'boss': None, 'type': 'подворье ставропигиального монастыря', 'founded': '1860'}",,,,,
"Храм  мучениц Веры, Надежды, Любови и матери их Софии, подворья Покрово-Тервенического монастыря",59.849659989909,30.234514203705,/upload/iblock/78b/78b69389e9ed24a9e1da9849957147de/VNL_vid2.jpg,631,/monastyri/monastery/khram-muchenits-very-nadezhdy-lyubovi-i-materi-ikh-sofii-podvorya-pokrovo-tervenicheskogo-monastyrya/,"{'eparhia': None, 'mitropolia': None, 'boss': None, 'type': 'подворье епархиального монастыря', 'founded': ''}",,,,,
"Храм апостола и евангелиста Иоанна Богослова с. Большие Ключи, подворье Раифского Богородицкого мужского монастыря",55.988565042099,48.805373032315,/upload/iblock/582/582cb21926496413a6a719a8630ae8a7/ioan.jpg,698,/monastyri/monastery/khram-apostola-i-evangelista-ioanna-bogoslova-s-bolshie-klyuchi-podvore-raifskogo-bogoroditskogo-muzh/,"{'eparhia': None, 'mitropolia': None, 'boss': None, 'type': 'подворье епархиального монастыря', 'founded': ''}",,,,,
 Храм благоверного великого князя Александра Невского. Подворье Московского Богородице-Смоленского Новодевичьего женского монастыря,55.609817482516,36.599190535183,/upload/iblock/85d/85d4d1cee7d43f5e623f80dd56480be1/anh_ico_b.jpg,66,/monastyri/monastery/khram-blagovernogo-velikogo-knyazya-aleksandra-nevskogo-podvore-moskovskogo-bogoroditse-smolenskogo-/,"{'eparhia': None, 'mitropolia': None, 'boss': None, 'type': 'подворье епархиального монастыря', 'founded': '1915'}",,,,,
"Храм в в честь мучеников Мины, Виктора и Викентия в Твери.Подворье Свято-Екатерининского монастыря",56.862604391377,35.928648482803,/upload/iblock/95b/95b600543d70f63cc207172efbe91cb7/minvikviktv12.JPG,162,/monastyri/monastery/khram-v-v-chest-muchenikov-miny-viktora-i-vikentiya-v-tveri-podvore-svyato-ekaterininskogo-monastyrya/,"{'eparhia': None, 'mitropolia': None, 'boss': None, 'type': 'подворье епархиального монастыря', 'founded': ''}",,,,,
"Храм в честь  Архистратига Божия Михаила и прочих Сил бесплотных г.Егорьевск, подворье Колычевского Казанского женского монастыря",55.379935191703,39.036275178574,/upload/iblock/43e/43ebdd7abbe1fb5fcffc6b7ad87131e5/mihailo_arhangelskiy_1_big.jpg,99,/monastyri/monastery/khram-v-chest-svyatogo-arkhistratiga-mikhaila-i-prochikh-sil-besplotnykh-g-egorevsk-podvore-kolychev/,"{'eparhia': None, 'mitropolia': None, 'boss': None, 'type': 'подворье епархиального монастыря', 'founded': '1862'}",,,,,
Храм в честь  праведной блаженной Матроны Московской подворья Покровского ставропигиального женского монастыря,55.574544918737,37.604237588685,/upload/iblock/b32/monasterium.ru_100.jpg,21,/monastyri/monastery/khram-v-chest-svyatoy-pravednoy-blazhennoy-matrony-moskovskoy/,"{'eparhia': None, 'mitropolia': None, 'boss': None, 'type': 'подворье ставропигиального монастыря', 'founded': '2007'}",,,,,
Храм в честь  Рождества Пресвятой Богородицы в селе Менчаково Суздальского района,56.500480786763,40.392736102326,/upload/iblock/bd3/bd3d9c905a28707df5b6ca08bf50ba65/05.jpg,191,/monastyri/monastery/khram-v-chest-rozhdestva-presvyatoy-bogoroditsy-v-sele-menchakovo-suzdalskogo-rayona/,"{'eparhia': None, 'mitropolia': None, 'boss': None, 'type': 'приписной храм епархиального монастыря', 'founded': '1795'}",,,,,
"Храм в честь апостола и евангелиста Иоанн Богослова , подворья Николо-Шартомского мужского монастыря",56.969771348065,41.334969049759,/upload/iblock/456/456ff7a9f68ba562f53a71a2d835bc3a/gg.jpg,266,/monastyri/monastery/khram-v-chest-apostola-i-evangelista-ioann-bogoslova-podvorya-nikolo-shartomskogo-muzhskogo-monastyr/,"{'eparhia': None, 'mitropolia': None, 'boss': None, 'type': 'подворье епархиального монастыря', 'founded': ''}",,,,,
Храм в честь благоверного князя Александра Невского в селе Весь Суздальского района,56.487832053656,40.35864986208,/upload/iblock/d0d/d0dd9e5cd3ba629b983b961880e1a27d/84262.jpg,189,/monastyri/monastery/khram-v-chest-blagovernogo-knyazya-aleksandra-nevskogo-v-sele-ves-suzdalskogo-rayona/,"{'eparhia': None, 'mitropolia': None, 'boss': None, 'type': 'приписной храм епархиального монастыря', 'founded': '1865'}",,,,,
"Храм в честь благоверной княгини Анны Кашинской в Санкт-Петербурге, подворья Введено-Оятского монастыря",59.97191558968,30.340724243836,/upload/iblock/6c0/6c013646b3a68e1b760955f80e7cd074/004.jpg,636,/monastyri/monastery/khram-v-chest-blagovernoy-knyagini-anny-kashinskoy-v-sankt-peterburge-podvorya-vvedeno-oyatskogo-mon/,"{'eparhia': None, 'mitropolia': None, 'boss': None, 'type': 'подворье епархиального монастыря', 'founded': '1894'}",,,,,
"Храм в честь Богоявления Господня, подворья Абалакского Знаменского монастыря. ",57.809314931063,67.385694608874,,1813,/monastyri/monastery/khram-v-chest-bogoyavleniya-gospodnya-podvorya-abalakskogo-znamenskogo-monastyrya-/,"{'eparhia': None, 'mitropolia': None, 'boss': None, 'type': 'подворье епархиального монастыря', 'founded': ''}",,,,,
"Храм в честь Введения во храм Пресвятой Богородицы и Приснодевы Марии , приписной храм Алексеевского Акатова женского монастыря",51.675861592682,39.219063906746,/upload/iblock/b07/003.JPG,466,/monastyri/monastery/khram-v-chest-vvedeniya-vo-khram-presvyatoy-bogoroditsy-i-prisnodevy-marii-pripisnoy-khram-alekseevs/,"{'eparhia': None, 'mitropolia': None, 'boss': None, 'type': 'приписной храм епархиального монастыря', 'founded': ''}",,,,,
"Храм в честь Введения во храм Пресвятой Богородицы с. Обёзово, подворья Николо-Шартомского мужского монастыря",56.665615540543,40.601579067459,/upload/iblock/5ad/5ad7e17f3d2450c567c1b9440c4f1f86/3.jpg,211,/monastyri/monastery/khram-v-chest-vvedeniya-vo-khram-presvyatoy-bogoroditsy-podvorya-nikolo-shartomskogo-muzhskogo-monas/,"{'eparhia': None, 'mitropolia': None, 'boss': None, 'type': 'подворье епархиального монастыря', 'founded': '1830'}",,,,,
Храм в честь великомученика Георгия с. Зеленый Бор,56.687550147641,41.563874832174,/upload/iblock/c88/c88ea482d74006bea6a8c26b65096863/bor.jpg,265,/monastyri/monastery/khram-v-chest-velikomuchenika-georgiya-s-zelenyy-bor/,"{'eparhia': None, 'mitropolia': None, 'boss': None, 'type': 'подворье епархиального монастыря', 'founded': ''}",,,,,
Храм в честь великомученика и победоносца Георгия в гор. Воронич,57.054850674625,28.875045361768,/upload/iblock/db9/db9764630751a39e43a848194e88f8f0/07659_20121002_223932_1.jpg,557,/monastyri/monastery/khram-v-chest-velikomuchenika-i-pobedonostsa-georgiya-v-gor-voronich/,"{'eparhia': None, 'mitropolia': None, 'boss': None, 'type': 'приписной храм епархиального монастыря', 'founded': ''}",,,,,
"Храм в честь великомученика и целителя Пантелеимона  в п. Посевная, подворье мужского монастыря в честь святых в земле Сибирской просиявших",54.301401125463,83.330712136254,/upload/iblock/c0a/c0ac90fb183c402a44ad6c56f36ccdc3/cerkov_vo_imya_svyatogovelikomuchenika_i_celitelya_1.jpg,2865,/monastyri/monastery/khram-v-chest-velikomuchenika-i-tselitelya-panteleimona-v-p-posevnaya-podvore-muzhskogo-monastyrya-v/,"{'eparhia': None, 'mitropolia': None, 'boss': None, 'type': 'подворье епархиального монастыря', 'founded': ''}",,,,,
"Храм в честь великомученицы Варвары г. Плес, подворья Николо-Шартомского монастыря",57.458334517703,41.527991126984,/upload/iblock/87f/87fca1eddf618751be6831f8ba51a61c/varv1.jpg,306,/monastyri/monastery/khram-v-chest-velikomuchenitsy-varvary-g-ples-podvorya-nikolo-shartomskogo-monastyrya/,"{'eparhia': None, 'mitropolia': None, 'boss': None, 'type': 'подворье епархиального монастыря', 'founded': '1821'}",,,,,
"Храм в честь Вознесения Господня с приделом мученицы Параскевы Пятницы,подворья Николо-Шартомского монастыря",56.968554866389,41.33697638865,/upload/iblock/90e/90ef5261f6cdfebc02779fc54f6e79b0/s-predelom.jpg,266,/monastyri/monastery/khram-v-chest-vozneseniya-gospodnya-s-pridelom-muchenitsy-paraskevy-pyatnitsy-podvorya-nikolo-sharto/,"{'eparhia': None, 'mitropolia': None, 'boss': None, 'type': 'подворье епархиального монастыря', 'founded': '1806'}",,,,,
"Храм в честь Вознесения Господня, подворья Николо-Шартомского монастыря",56.854509521539,41.347739058197,/upload/iblock/22d/22d61c54446b9831ec25484ca2de30b0/vozneseniya.jpg,261,/monastyri/monastery/khram-v-chest-vozneseniya-gospodnya-podvorya-nikolo-shartomskogo-monastyrya/,"{'eparhia': None, 'mitropolia': None, 'boss': None, 'type': 'подворье епархиального монастыря', 'founded': '1908'}",,,,,
"Храм в честь Вознесения Господня, приписной храм Успенского Иосифо-Волоцкого монастыря",56.172307844564,36.124379309509,/upload/iblock/448/4488eb2ccc72c0bebd065e50d128157a/004.jpg,104,/monastyri/monastery/khram-v-chest-vozneseniya-gospodnya-pripisnoy-khram-uspenskogo-iosifo-volotskogo-monastyrya/,"{'eparhia': None, 'mitropolia': None, 'boss': None, 'type': 'приписной храм ставропигиального монастыря', 'founded': ''}",,,,,
"Храм в честь Воскресения Христова, подворье Богоявленского женского монастыря г. Углича в с. Воскресенское",57.313800176575,38.602642015488,/upload/iblock/cf7/cf76799a192aca0450bf8acba17f42e0/002-KHram-Voskreseniya-KHristova.JPG,184,/monastyri/monastery/khram-v-chest-voskreseniya-khristova-podvore-bogoyavlenskogo-zhenskogo-monastyrya-g-uglicha-v-s-vosk/,"{'eparhia': None, 'mitropolia': None, 'boss': None, 'type': 'подворье епархиального монастыря', 'founded': ''}",,,,,
"Храм в честь Всех святых  с. Волокобино, подворья Воскресенско-Феодоровского мужского монастыря",56.69485486706,41.638717482834,/upload/iblock/c0d/c0d187737d9ce428bccb698220ec48ee/podvor.png,270,/monastyri/monastery/khram-v-chest-vsekh-svyatykh-s-volokobino-podvorya-voskresensko-feodorovskogo-muzhskogo-monastyrya/,"{'eparhia': None, 'mitropolia': None, 'boss': None, 'type': 'подворье епархиального монастыря', 'founded': '1800'}",,,,,
"Храм в честь Живоначальной Троицы с. Полянка, подворье Введенского Кизического мужского монастыря",55.391506639116,49.800365285849,/upload/iblock/bd7/bd75c801718e0cd96c04147b6d846899/1_96392361111.jpg,766,/monastyri/monastery/khram-v-chest-zhivonachalnoy-troitsy-s-polyanka-podvore-vvedenskogo-kizicheskogo-muzhskogo-monastyrya/,"{'eparhia': None, 'mitropolia': None, 'boss': None, 'type': 'подворье епархиального монастыря', 'founded': '2009'}",,,,,
"Храм в честь иконы Божией Матери  «Казанская» ,подворье Казанско-Богородицкого мужского монастыря",55.470026064902,49.693409660253,/upload/iblock/d8b/d8ba3c16d53e5d078a11be054b239959/rcSSUixr_s.jpg,759,/monastyri/monastery/khram-v-chest-ikony-bozhiey-materi-kazanskaya-podvore-kazansko-bogoroditskogo-muzhskogo-monastyrya/,"{'eparhia': None, 'mitropolia': None, 'boss': None, 'type': 'подворье епархиального монастыря', 'founded': ''}",,,,,
"Храм в честь иконы Божией Матери  «Казанская» ,подворье Свято - Троицкого  Болдина мужского монастыря",54.923123493894,33.298141728836,/upload/iblock/d7e/d7e4ecbdb066cb1b50f2c7515c8ad76a/rr.jpg,289,/monastyri/monastery/khram-v-chest-ikony-bozhiey-materi-kazanskaya-podvore-svyato-troitskogo-boldina-muzhskogo-monastyrya/,"{'eparhia': None, 'mitropolia': None, 'boss': None, 'type': 'подворье епархиального монастыря', 'founded': ''}",,,,,
"Храм в честь иконы Божией Матери  «Спорительница хлебов» ,подворье   Свято - Серафимо-Покровский женский монастырь г.Ленинск-Кузнецкий",54.61141791363,86.104021839131,/upload/iblock/70e/carh0itbaoac2y8h4gz7jdid13hs9t5o/Podvore-Sporitelnitsa-khlebov.jpg,3018,/monastyri/monastery/khram-v-chest-ikony-bozhiey-materi-sporitelnitsa-khlebov-podvore-svyato-serafimo-pokrovskiy-zhenskiy/,"{'eparhia': None, 'mitropolia': None, 'boss': None, 'type': 'подворье епархиального монастыря', 'founded': '1997'}",,,,,
"Храм в честь иконы Божией Матери «Владимирская» с. Малое Чурашево, подворье Свято-Троицкого мужского монастыря",55.906159517822,46.4011375,/upload/iblock/587/587cb0e4a444d2516197cb1ca27ba214/churashevo.jpg,549,/monastyri/monastery/khram-v-chest-ikony-bozhiey-materi-vladimirskaya-s-maloe-churashevo-podvore-svyato-troitskogo-muzhsk/,"{'eparhia': None, 'mitropolia': None, 'boss': None, 'type': 'подворье епархиального монастыря', 'founded': ''}",,,,,
"Храм в честь иконы Божией Матери «Казанская» , подворья женского монастыря в честь    царственной страстотерпицы великой княжны Ольги Луганской епархии ",48.165789076504,39.111799687805,/upload/iblock/c35/ktp2e22o8w69rsyoo9ylatl1vta4npfb/dsc_0022.jpg,851,/monastyri/monastery/khram-v-chest-ikony-bozhiey-materi-kazanskaya-podvorya-zhenskogo-monastyrya-v-chest-tsarstvennoy-str/,"{'eparhia': None, 'mitropolia': None, 'boss': None, 'type': 'скит епархиального монастыря', 'founded': '2004'}",,,,,
"Храм в честь Покрова Божией Матери, подворье Свято-Пафнутьева Боровского монастыря",55.206096566782,36.505090567459,/upload/iblock/8cc/dae6lp48y23nfxp4mvww5ry29ifqiprl/1.jpg,94,/monastyri/monastery/khram-v-chest-pokrova-bozhiey-materi-podvore-svyato-pafnuteva-borovskogo-monastyrya/,"{'eparhia': None, 'mitropolia': None, 'boss': None, 'type': 'подворье епархиального монастыря', 'founded': '2000'}",,,,,
"Храм в честь Покрова Пресвятой Богородицы в г. Судак, подворье Стефановского  Кизилташского мужского монастыря",44.855424577176,34.975210542328,/upload/iblock/a5e/a5ed1c57c52b53e1967895bcc204a70e/SiPxiuB2KLw.jpg,1227,/monastyri/monastery/khram-v-chest-pokrova-presvyatoy-bogoroditsy-v-g-sudak-podvore-stefanovskogo-kiziltashskogo-muzhskog/,"{'eparhia': None, 'mitropolia': None, 'boss': None, 'type': 'подворье епархиального монастыря', 'founded': ''}",,,,,
"Храм в честь Покрова Пресвятой Богородицы в с. Каменный Брод, подворья  Ковыляйского Троицкого женского монастыря",54.609134751037,43.786820875671,/upload/iblock/ad5/ad564c014fd96166855aa321a81cd9ae/image.jpg,412,/monastyri/monastery/khram-v-chest-pokrova-presvyatoy-bogoroditsy-v-s-kamennyy-brod-podvorya-kovylyayskogo-troitskogo-zhe/,"{'eparhia': None, 'mitropolia': None, 'boss': None, 'type': 'подворье епархиального монастыря', 'founded': ''}",,,,,
Храм в честь Покрова Пресвятой Богородицы подворья Лужецкого Богородицерождественского Ферапонтова мужского монастыря,55.680368412059,35.466426598234,/upload/iblock/617/617cf7eea2637bc598ca90de63786523/2222.JPG,135,/monastyri/monastery/khram-v-chest-pokrova-presvyatoy-bogoroditsy-podvorya-luzhetskogo-bogoroditserozhdestvenskogo-ferapo/,"{'eparhia': None, 'mitropolia': None, 'boss': None, 'type': 'подворье епархиального монастыря', 'founded': '1820'}",,,,,
Храм в честь Покрова Пресвятой Богородицы в с. Ново-Карцево подворья Спасо-Влахернского женского монастыря,56.307466849146,37.329259410271,/upload/iblock/e2c/e2c8c07282e05a7915a958571abf6af6/6_1_.jpg,64,/monastyri/monastery/khram-v-chest-pokrova-presvyatoy-bogoroditsy-v-s-novo-kartsevo-podvorya-spaso-vlakhernskogo-zhenskog/,"{'eparhia': None, 'mitropolia': None, 'boss': None, 'type': 'подворье епархиального монастыря', 'founded': '2002'}",,,,,
"Храм в честь Покрова Пресвятой Богородицы с. Шурыгино, подворье мужского монастыря в честь всех Сибирских святых",54.080486036714,82.861023877972,/upload/iblock/52c/52cdb3f3464b01b21fd93146e93d567f/1410443612_shurygino.jpg,2846,/monastyri/monastery/khram-v-chest-pokrova-presvyatoy-bogoroditsy-s-shurygino-podvore-muzhskogo-monastyrya-v-chest-vsekh-/,"{'eparhia': None, 'mitropolia': None, 'boss': None, 'type': 'подворье епархиального монастыря', 'founded': '2004'}",,,,,
"Храм в честь Покрова Пресвятой Богородицы, подворья Николо-Шартомского монастыря",56.853759568465,41.372498169312,/upload/iblock/043/04382e01ed8e71e63649e98257538c2b/DSC04133.jpg,262,/monastyri/monastery/khram-v-chest-pokrova-presvyatoy-bogoroditsy-podvorya-nikolo-shartomskogo-monastyrya/,"{'eparhia': None, 'mitropolia': None, 'boss': None, 'type': 'подворье епархиального монастыря', 'founded': '1754'}",,,,,
Храм в честь праведных Богоотцов Иоакима и Анны. Подворье Свято-Троицкого Филиппо-Ирапского мужского монастыря.села Носовское (Степановское) ,59.182047078851,37.902428439792,/upload/iblock/360/360120072d40afb7174b85e8c0b8c5ec/sh.jpg,382,/monastyri/monastery/khram-v-chest-pravednykh-bogoottsov-ioakima-i-anny-podvore-svyato-troitskogo-filippo-irapskogo-muzhs/,"{'eparhia': None, 'mitropolia': None, 'boss': None, 'type': 'подворье епархиального монастыря', 'founded': ''}",,,,,
Храм в честь Преображения Господня «Спас за верхом» в г. Калуге .Подворье Свято-Пафнутьева Боровского монастыря,54.509052006366,36.23690685582,/upload/iblock/275/k3ri6rh27cfs6lkp0nn3h8opxsc5709o/331_0268449.jpg,165,/monastyri/monastery/khram-v-chest-preobrazheniya-gospodnya-spas-za-verkhom-v-g-kaluge-podvore-svyato-pafnuteva-borovskog/,"{'eparhia': None, 'mitropolia': None, 'boss': None, 'type': 'подворье епархиального монастыря', 'founded': ''}",,,,,
"Храм в честь Преображения Господня, с. Обёзово, подворья Николо-Шартомского мужского монастыря",56.665828022247,40.601482507935,/upload/iblock/09c/09cf9ffaf4bcfe565bb3cc26db6b243b/1.jpg,211,/monastyri/monastery/khram-v-chest-preobrazheniya-gospodnya-s-obryezovo-podvorya-nikolo-shartomskogo-muzhskogo-monastyrya/,"{'eparhia': None, 'mitropolia': None, 'boss': None, 'type': 'подворье епархиального монастыря', 'founded': '1792'}",,,,,
"Храм в честь преподобного Алексия человека Божия , подворья Николо-Шартомского мужского монастыря",56.839624555193,41.348174567596,/upload/iblock/7d6/7d6135de5124103534885ca34dda38a9/SHartom_SHuya_Aleksiya_cheloveka_Bozhiego_299x300.jpg,260,/monastyri/monastery/khram-v-chest-prepodobnogo-aleksiya-cheloveka-bozhiya-podvorya-nikolo-shartomskogo-muzh/,"{'eparhia': None, 'mitropolia': None, 'boss': None, 'type': 'подворье епархиального монастыря', 'founded': '1887'}",,,,,
Храм в честь преподобного Амвросия Оптинского приписной Успенского подворья Введенской Оптиной пустыни,60.350776863393,29.121859737261,/upload/iblock/642/vnbzl0x0own0p8cfdnaxf3l8bdo9ezuk/jgn.png,714,/monastyri/monastery/khram-v-chest-prepodobnogo-amvrosiya-optinskogo-pripisnoy-uspenskogo-podvorya-vvedenskoy-optinoy-pus/,"{'eparhia': None, 'mitropolia': None, 'boss': None, 'type': 'приписной храм ставропигиального монастыря', 'founded': '1999'}",,,,,
Храм в честь преподобного Сергия Радонежского в Твери.Подворье Свято-Екатерининского монастыря,56.865537413778,35.92646685582,/upload/iblock/853/853f0fd730d7ba5400234c7dbb1a61ea/sergradtv20.jpg,162,/monastyri/monastery/khram-v-chest-prepodobnogo-sergiya-radonezhskogo-v-tveri-podvore-svyato-ekaterininskogo-monastyrya/,"{'eparhia': None, 'mitropolia': None, 'boss': None, 'type': 'подворье епархиального монастыря', 'founded': ''}",,,,,
Храм в честь Преполовения Пятидесятницы подворья Спасо-Елеазаровского женского монастыря,57.81171273077,28.332627147057,/upload/iblock/64f/64f09423eb5ee1928de9702893abbecd/podvor.jpg,610,/monastyri/monastery/khram-v-chest-prepoloveniya-pyatidesyatnitsy/,"{'eparhia': None, 'mitropolia': None, 'boss': None, 'type': 'подворье епархиального монастыря', 'founded': ''}",,,,,
Храм в честь Пресвятой Троицы. Подворье Ново-Голутвина женского монастыря,55.035114424084,38.619349781276,/upload/iblock/bb9/bb9d2c5a81f41701d71c1af052adfca1/222.jpg,103,/monastyri/monastery/khram-v-chest-presvyatoy-troitsy-podvore-novo-golutvina-zhenskogo-monastyrya/,"{'eparhia': None, 'mitropolia': None, 'boss': None, 'type': 'подворье епархиального монастыря', 'founded': '1997'}",,,,,
"Храм в честь пророка Илии, подворья Казанского мужского монастыря с. Кузнецово",56.8512587401,41.359009838623,/upload/iblock/cb3/cb335409a287b16ea3b97643b1ab3528/iliya.jpg,261,/monastyri/monastery/khram-v-chest-proroka-ilii-podvorya-kazanskogo-muzhskogo-monastyrya-s-kuznetsovo/,"{'eparhia': None, 'mitropolia': None, 'boss': None, 'type': 'подворье епархиального монастыря', 'founded': ''}",,,,,
Храм в честь Рождества Иоанна Предтечи на Малышевой горе,60.006839,32.294097,/upload/iblock/ef3/ef3bc689628a7544e1880701acd3b967/dsc_0685_2.jpg.jpg,568,/monastyri/monastery/khram-v-chest-rozhdestva-ioanna-predtechi-na-malyshevoy-gore/,"{'eparhia': None, 'mitropolia': None, 'boss': None, 'type': 'приписной храм епархиального монастыря', 'founded': '1276'}",,,,,
"Храм в честь Рождества Иоанна Предтечи с. Ключищи, подворье Успенского Зилантова женского монастыря. ",55.674594421985,48.962731392267,/upload/iblock/00a/00a35e6974b8a1b82bd9af44d32e8ee3/1_a_28024537037.jpg,710,/monastyri/monastery/khram-v-chest-rozhdestva-ioanna-predtechi-s-klyuchishchi-podvore-uspenskogo-zilantova-zhenskogo-mona/,"{'eparhia': None, 'mitropolia': None, 'boss': None, 'type': 'подворье епархиального монастыря', 'founded': '2011'}",,,,,
Рождества Пресвятой Богородицы в селе Романово Суздальского района,56.489776082985,40.393736277771,/upload/iblock/65e/65e148540a9bb7555634a7ad44fa2053/438.jpg,191,/monastyri/monastery/rozhdestva-presvyatoy-bogoroditsy-v-sele-romanovo-suzdalskogo-rayona/,"{'eparhia': None, 'mitropolia': None, 'boss': None, 'type': 'приписной храм епархиального монастыря', 'founded': '1795'}",,,,,
Храм в честь Рождества Пресвятой Богородицы подворья Успенского Иосифо - Волоцкого монастыря,56.161114859324,36.257978372986,/upload/iblock/0bb/0bbf7ace9a99fdc1003f3a056e784954/003.jpg,96,/monastyri/monastery/khram-v-chest-rozhdestva-presvyatoy-bogoroditsy-podvorya-uspenskogo-iosifo-volotskogo-monastyrya/,"{'eparhia': None, 'mitropolia': None, 'boss': None, 'type': 'подворье ставропигиального монастыря', 'founded': ''}",,,,,
"Храм в честь Рождества Пресвятой Богородицы села Иван-Теремец, подворья Екатерининского мужского монастыря г. Видное",55.055001873371,38.05202373965,/upload/iblock/033/03349e0591cf46f642c521ae179e5883/mainbrowser_413.jpg,83,/monastyri/monastery/khram-v-chest-rozhdestva-presvyatoy-bogoroditsy-sela-ivan-teremets-podvorya-ekaterininskogo-muzhskog/,"{'eparhia': None, 'mitropolia': None, 'boss': None, 'type': 'подворье епархиального монастыря', 'founded': '1703'}",,,,,
"Храм в честь святителя Василия Рязанского, подворье Рязанского Троицкого монастыря",54.620663776806,39.801040260574,,188,/monastyri/monastery/khram-vo-imya-svyatitelya-vasiliya-ryazanskogo-podvore-ryazanskogo-troitskogo-monastyrya/,"{'eparhia': None, 'mitropolia': None, 'boss': None, 'type': 'подворье епархиального монастыря', 'founded': ''}",,,,,
"Храм в честь святителя Иова, Патриарха Московского и всея Руси. Патриаршее подворье Свято-Успенского Старицкого монастыря.",55.716654015146,37.399561161377,/upload/iblock/b8e/b8e88556e3ff0dc1b403e97b14b9d770/20.jpg,15,/monastyri/monastery/khram-v-chest-svyatitelya-iova-patriarkha-moskovskogo-i-vseya-rusi-patriarshee-podvore-svyato-uspens/,"{'eparhia': None, 'mitropolia': None, 'boss': None, 'type': 'подворье епархиального монастыря', 'founded': '2014'}",,,,,
"Храм в честь святителя Николая Мирликийского в Ушаковских Горках, подворье Тверского Христорождественского монастыря",56.621955710224,35.132358306885,/upload/iblock/4e3/4e38bb1ff4cad4a52ff4c11f276ee9ac/d71bd1_e8abb3910760494d8f9cf8280d45d60e.jpg,182,/monastyri/monastery/tserkov-v-chest-svyatitelya-nikolaya-mirlikiyskogo-v-ushakovskikh-gorkakh-podvore-tverskogo-khristor/,"{'eparhia': None, 'mitropolia': None, 'boss': None, 'type': 'подворье епархиального монастыря', 'founded': '2002'}",,,,,
"Храм в честь святителя Николая Чудотворца ,подворье Крыпецкого монастыря в деревне Торошино",57.929379092087,28.599427584656,/upload/iblock/4c7/4c7b852248cca29adece1453e2bf758f/torshinl.JPG,599,/monastyri/monastery/khram-v-chest-svyatitelya-nikolaya-chudotvortsa-podvore-krypetskogo-monastyrya-v-derevne-toroshino/,"{'eparhia': None, 'mitropolia': None, 'boss': None, 'type': 'подворье епархиального монастыря', 'founded': '2002'}",,,,,
"Храм в честь святителя Николая Чудотворца в Измайлове, приписной храм Данилова ставропигиального мужского монастыря.",55.79429,37.75094,/upload/iblock/e75/e7577f2d7657aa1a2224e05acef9ca2a/node_1803.jpg,10,/monastyri/monastery/khram-v-chest-svyatitelya-nikolaya-chudotvortsa-v-izmaylove-pripisnoy-khram-danilova-stavropigialnog/,"{'eparhia': None, 'mitropolia': None, 'boss': None, 'type': 'приписной храм ставропигиального монастыря', 'founded': '1997'}",,,,,
"Храм в честь святителя Николая Чудотворца с. Николо-Яровня, подворье Свято-Троицкого женского монастыря г. Смоленска",54.771424594601,32.327841141209,/upload/iblock/240/2402e7adae223082d5331ba9cc5657ef/podvore.jpg,353,/monastyri/monastery/khram-v-chest-svyatitelya-nikolaya-chudotvortsa-s-nikolo-yarovnya-podvore-svyato-troitskogo-zhenskog/,"{'eparhia': None, 'mitropolia': None, 'boss': None, 'type': 'подворье епархиального монастыря', 'founded': '1816'}",,,,,
Храм в честь святителя Николая Чудотворца с. Старая Бинарадка,53.582343287829,49.967243294399,/upload/iblock/401/4010d787da3decd398594ad0cafa8684/nikolaya.jpg,829,/monastyri/monastery/khram-v-chest-svyatitelya-nikolaya-chudotvortsa-s-staraya-binaradka/,"{'eparhia': None, 'mitropolia': None, 'boss': None, 'type': 'подворье епархиального монастыря', 'founded': ''}",,,,,
"Храм в честь святителя Николая Чудотворца села Медведск, подворье мужского монастыря в честь святых в земле Сибирской просиявших",54.397211899363,83.553269313492,/upload/iblock/30a/30a1d3daf18bda4587e5ad868a71e433/1390895176_bez_imeni_2.jpg,2875,/monastyri/monastery/khram-v-chest-svyatitelya-nikolaya-chudotvortsa-sela-medvedsk-podvore-muzhskogo-monastyrya-v-chest-s/,"{'eparhia': None, 'mitropolia': None, 'boss': None, 'type': 'подворье епархиального монастыря', 'founded': '2007'}",,,,,
"Храм в честь святителя Николая Чудотворца, подворье Саратовского Никольского монастыря в с. Слепцовка",51.747359717859,45.467801446906,/upload/iblock/7df/7dfb8974a61139eb1f382bfd3e6f099e/DSC_0005.jpg,682,/monastyri/monastery/khram-v-chest-svyatitelya-nikolaya-chudotvortsa-podvore-saratovskogo-nikolskogo-monastyrya-v-s-slepts/,"{'eparhia': None, 'mitropolia': None, 'boss': None, 'type': 'подворье епархиального монастыря', 'founded': '2013'}",,,,,
"Храм в честь святителя Спиридона Тримифунтского в селе Горки, подворья Никольского женского монастыря с. Новое",56.579616577475,39.379247616145,/upload/iblock/d3d/d3d88c6f1c069ce4ef9bca4d9bcf5fc9/22.jpg,143,/monastyri/monastery/khram-v-chest-svyatitelya-spiridona-trimifuntskogo-v-sele-gorki-podvorya-nikolskogo-zhenskogo-monast/,"{'eparhia': None, 'mitropolia': None, 'boss': None, 'type': 'подворье епархиального монастыря', 'founded': '2008'}",,,,,
Храм в честь святителя Тихона Задонского - скит Алексеевского ставропигиального монастыря,55.801568568424,37.683134957672,/upload/iblock/97c/97c3cfeba6426b8bd0743fbd2a0e1475/Skit02.jpg,7,/monastyri/monastery/khram-v-chest-svyatitelya-tikhona-zadonskogo-skit-alekseevskogo-stavropigialnogo-monastyrya/,"{'eparhia': None, 'mitropolia': None, 'boss': None, 'type': 'скит ставропигиального монастыря', 'founded': '2013'}",,,,,
"Храм в честь святителя Тихона Задонского, скит Алексеевского монастыря",55.801646121251,37.683054267447,/upload/iblock/976/monasterium.ru_0.jpg,7,/monastyri/monastery/skit-alekseevskogo-monastyrya/,"{'eparhia': None, 'mitropolia': None, 'boss': None, 'type': 'скит ставропигиального монастыря', 'founded': '2013'}",,,,,
"Храм в честь святого благоверного князя Александра Невского в Твери, подворье Старицкого Успенского мужского монастыря",56.83658552646,35.893054788834,/upload/iblock/a30/a30746e073649602cab6a4d5298a60a2/3.jpg,161,/monastyri/monastery/khram-v-chest-svyatogo-blagovernogo-knyazya-aleksandra-nevskogo-v-tveri-podvore-staritskogo-uspensko/,"{'eparhia': None, 'mitropolia': None, 'boss': None, 'type': 'подворье епархиального монастыря', 'founded': '1893'}",,,,,
"Храм в честь священномученика Владимира,митрополита Киевского и Галицкиого, подворья Варсонофиевского женского монастыря",54.003418369144,42.969138851434,/upload/iblock/584/584bbf5e6ad34c85cbc0bf492c4c6c58/vyselki.jpg,394,/monastyri/monastery/khram-v-chest-svyashchennomuchenika-vladimira-mitropolita-kievskogo-i-galitskiogo-podvorya-varsonofi/,"{'eparhia': None, 'mitropolia': None, 'boss': None, 'type': 'подворье епархиального монастыря', 'founded': ''}",,,,,
"Храм в честь священномученика Климента, папы Римского в Торжке .",57.042333353642,34.959767830688,/upload/iblock/710/710d756db405b19452553d14a6ff7464/klementovsktorjokgor15.JPG,218,/monastyri/monastery/khram-v-chest-svyashchennomuchenika-klimenta-papy-rimskogo-v-torzhke-/,"{'eparhia': None, 'mitropolia': None, 'boss': None, 'type': 'приписной храм епархиального монастыря', 'founded': '1372'}",,,,,
"Храм в честь Троицы Живоначальной, что за Волгой в Твери.Подворье Вознесенского Оршина женского монастыря",56.867131588242,35.914076030521,/upload/iblock/bee/bee38a9d75dbd0734f1f4c2cd2de5d2b/khram-troitsy.jpg,163,/monastyri/monastery/khram-v-chest-troitsy-zhivonachalnoy-chto-za-volgoy-v-tveri-podvore-voznesenskogo-orshina-zhenskogo-/,"{'eparhia': None, 'mitropolia': None, 'boss': None, 'type': 'подворье епархиального монастыря', 'founded': '1734'}",,,,,
"Храм в честь Усекновения главы Иоанна Предтечи , подворье Казанского Иоанно-Предтеченского монастыря в с. Потаниха. ",56.21428369815,49.189598748913,/upload/iblock/bbf/bbf6f81f693a79542dcad79ca8ca469f/SDC12736_54438888889.jpg,721,/monastyri/monastery/khram-v-chest-useknoveniya-glavy-ioanna-predtechi-podvore-kazanskogo-ioanno-predtechenskogo-monastyr/,"{'eparhia': None, 'mitropolia': None, 'boss': None, 'type': 'подворье епархиального монастыря', 'founded': ''}",,,,,
"Храм в честь Успения Божией Матери, подворье Богоявленского женского монастыря г. Углича",57.523554148944,37.952991318127,/upload/iblock/866/866a70cb64833004b89fb102b64f0f6a/014-TSerkov-Uspeniya-Bozhiey-Materi.JPG,198,/monastyri/monastery/khram-v-chest-uspeniya-bozhiey-materi-podvore-bogoyavlenskogo-zhenskogo-monastyrya-g-uglicha/,"{'eparhia': None, 'mitropolia': None, 'boss': None, 'type': 'подворье епархиального монастыря', 'founded': ''}",,,,,
Храм в честь Успения Пресвятой Богородицы в Родне ,56.368619190285,34.911312466667,/upload/iblock/d53/d530afff834c79c3299728cd1c9ebf1e/rodnya.JPG,182,/monastyri/monastery/khram-v-chest-uspeniya-presvyatoy-bogoroditsy-v-rodne-/,"{'eparhia': None, 'mitropolia': None, 'boss': None, 'type': 'приписной храм епархиального монастыря', 'founded': '1844'}",,,,,
Храм в честь явления Божией Матери прп. Сергию Радонежскому подворья Троице-Сергиевой лавры,56.339395857957,38.138831343903,/upload/iblock/93b/monasterium.ru_1.jpg,73,/monastyri/monastery/khram-v-chest-yavleniya-bozhiey-materi-prepodobnomu-sergiyu-radonezhskomu-na-territorii-detskogo-dom/,"{'eparhia': None, 'mitropolia': None, 'boss': None, 'type': 'подворье ставропигиального монастыря', 'founded': ''}",,,,,
Храм великомученика и целителя Пантелеимона при НКЦ № 2 ФГБНУ «РНЦХ им. акад. Б.В.Петровского» (быв. ЦКБ РАН),55.613963514288,37.527625374843,/upload/iblock/523/jxn56e7ggppoj8hfjtidqmrqtib9qmps/Hram_boln1.jpg,17,/monastyri/monastery/khram-velikomuchenika-i-tselitelya-panteleimona-pri-nkts-2-fgbnu-rntskh-im-akad-b-v-petrovskogo-byv-/,"{'eparhia': None, 'mitropolia': None, 'boss': None, 'type': 'приписной храм ставропигиального монастыря', 'founded': '2005'}",,,,,
"Храм во имя Святого Духа ст. Евсино, подворье мужского монастыря в честь святых в земле Сибирской просиявших",54.510549541463,83.34127326581,/upload/iblock/119/119b41fbc31d2d474e3ea46f551bb7b9/1404928278_1.jpg,2857,/monastyri/monastery/khram-vo-imya-svyatogo-dukha-st-evsino-podvore-muzhskogo-monastyrya-v-chest-svyatykh-v-zemle-sibirsk/,"{'eparhia': None, 'mitropolia': None, 'boss': None, 'type': 'подворье епархиального монастыря', 'founded': '2007'}",,,,,
"Храм во имя святого равноапостольного князя Владимира,подворье Покровского мужского монастыря, с. Завьялово",54.63415659287,82.837618129061,/upload/iblock/113/1138cb5f0dadb5ccacec6b616639b91e/1406568835_dsc_5204.jpg,2822,/monastyri/monastery/khram-vo-imya-svyatogo-ravnoapostolnogo-knyazya-vladimira-podvore-pokrovskogo-muzhskogo-monastyrya-s/,"{'eparhia': None, 'mitropolia': None, 'boss': None, 'type': 'подворье епархиального монастыря', 'founded': ''}",,,,,
"Храм во имя Собора Михаила Архангела села Красноармейское, подворье Казанского мужского монастыря с.Кузнецово",56.750810972001,41.43891917663,/upload/iblock/8e1/8e1ec2cf9d4e153c5e27f4f52303abc7/krasnoar.jpg,261,/monastyri/monastery/khram-vo-imya-sobora-mikhaila-arkhangela-sela-krasnoarmeyskoe-podvore-kazanskogo-muzhskogo-monastyrya/,"{'eparhia': None, 'mitropolia': None, 'boss': None, 'type': 'подворье епархиального монастыря', 'founded': '1784'}",,,,,
"Храм Воздвижения Честного и Животворящего Креста Господня, с. Дунилово",56.996404904295,41.409539832755,/upload/iblock/2ae/2ae6daaed7db13386642949dad58b5d1/Krestovozdvizhenskiy-khram-2010-m.jpg,272,/monastyri/monastery/khram-vozdvizheniya-chestnogo-i-zhivotvoryashchego-kresta-gospodnya-s-dunilovo/,"{'eparhia': None, 'mitropolia': None, 'boss': None, 'type': 'приписной храм епархиального монастыря', 'founded': '1821'}",,,,,
"Храм Живоначальной Троицы с. Чернецы, подворья Николо-Шартомского мужского монастыря",56.864927291742,40.762314481279,/upload/iblock/af6/af6e2637d22d225bf5da200ddf5a948b/chernetsy.jpg,230,/monastyri/monastery/khram-zhivonachalnoy-troitsy-s-chernetsy-podvorya-nikolo-shartomskogo-muzhskogo-monastyrya/,"{'eparhia': None, 'mitropolia': None, 'boss': None, 'type': 'подворье епархиального монастыря', 'founded': '1780'}",,,,,
Храм Покрова Божией Матери в деревне Дуброво  подворья женского монастыря во имя Иоанна Предтечи г. Вязьмы,55.206855,34.770885,/upload/iblock/52b/52b6f88e14316b99522e3714f62f0e1c/d19848_265c004b7799465abf63391925a287c5.jpg,190,/monastyri/monastery/khram-pokrova-bozhiey-materi-v-derevne-dubrovo-podvorya-zhenskogo-monastyrya-vo-imya-ioanna-predtech/,"{'eparhia': None, 'mitropolia': None, 'boss': None, 'type': 'подворье епархиального монастыря', 'founded': ''}",,,,,
Храм Покрова Божией Матери подворья Успенского  Иосифо-Волоцкого монастыря,56.008764020121,36.187388256958,/upload/iblock/d2c/d2c18ce02e3bcab587fe8af389ef7d36/002.jpg,94,/monastyri/monastery/khram-pokrova-bozhiey-materi-podvorya-uspenskogo-/,"{'eparhia': None, 'mitropolia': None, 'boss': None, 'type': 'подворье ставропигиального монастыря', 'founded': ''}",,,,,
"Храм Покрова Пресвятой Богородицы с. Шатракасы , подворья Александро-Невского мужского монастыря с. Каршлыхи",56.103896604545,46.865214266433,/upload/iblock/8d6/8d6e813b3d3c134d32133cb07a8f7bc8/podvore.jpg,577,/monastyri/monastery/khram-pokrova-presvyatoy-bogoroditsy-s-shatrakasy-podvorya-aleksandro-nevskogo-muzhskogo-monastyrya-/,"{'eparhia': None, 'mitropolia': None, 'boss': None, 'type': 'подворье епархиального монастыря', 'founded': '1902'}",,,,,
"Храм Покрова Пресвятой Богородицы, подворья Антониево-Дымского монастыря",59.914264276204,30.344304380951,/upload/iblock/0a0/0a09daf401d037ce36e3b64049fbcf8e/634_0153636b.jpg,632,/monastyri/monastery/khram-pokrova-presvyatoy-bogoroditsy-podvorya-antonievo-dymskogo-monastyrya/,"{'eparhia': None, 'mitropolia': None, 'boss': None, 'type': 'подворье епархиального монастыря', 'founded': '1890'}",,,,,
"Храм равноапостольного князя Владимира  г. Сафоново ,подворье Свято - Троицкого  Болдина мужского монастыря ",55.100485525927,33.240009099228,/upload/iblock/ce7/ce78a4653d3cc03587e8bd85c50aa1b2/i_300x300.png,286,/monastyri/monastery/khram-ravnoapostolnogo-knyazya-vladimira-g-safonovo-podvore-svyato-troitskogo-boldina-muzhskogo-mona/,"{'eparhia': None, 'mitropolia': None, 'boss': None, 'type': 'подворье епархиального монастыря', 'founded': '1991'}",,,,,
Храм равноапостольной княгини Ольги в д. Аксеново Рязанской области,54.864419357854,39.689417208298,,165,/monastyri/monastery/khram-ravnoapostolnoy-knyagini-olgi-v-d-aksenovo-ryazanskoy-oblasti/,"{'eparhia': None, 'mitropolia': None, 'boss': None, 'type': 'подворье ставропигиального монастыря', 'founded': ''}",,,,,
Храм Рождества Пресвятой Богородицы – подворье Николо- Пешношского мужского монастыря,56.528535803395,37.118936043655,,92,/monastyri/monastery/khram-rozhdestva-presvyatoy-bogoroditsy-podvore-nikolo-peshnoshskogo-muzhskogo-monastyrya/,"{'eparhia': None, 'mitropolia': None, 'boss': None, 'type': 'подворье епархиального монастыря', 'founded': '1540'}",,,,,
"Храм Рождества Христова, подворье Троицкого Александро-Свирского монастыря",59.887658952141,30.467928769836,/upload/iblock/9fd/9fd50eaf2690da1474b5232cea65e5b0/3rgTC6PYVyk.jpg,625,/monastyri/monastery/khram-rozhdestva-khristova-podvore-troitskogo-aleksandro-svirskogo-monastyrya/,"{'eparhia': None, 'mitropolia': None, 'boss': None, 'type': 'подворье епархиального монастыря', 'founded': '1999'}",,,,,
Храм свт. Димитрия митрополита Ростовского подворья Тихвинского Богородичного Успенского мужского монастыря,59.933968847972,30.373524911943,/upload/iblock/750/750144c55620fc8fc4785a8b1ff59eef/podv.jpg,632,/monastyri/monastery/khram-svt-dimitriya-mitropolita-rostovskogo-podvorya-tikhvinskogo-bogorodichnogo-uspenskogo-muzhskog/,"{'eparhia': None, 'mitropolia': None, 'boss': None, 'type': 'подворье епархиального монастыря', 'founded': '2003'}",,,,,
Храм святителя Николая Чудотворца (Благовещения Пресвятой Богородицы) в Звонарях — подворье Пюхтицкого Успенского ставропигиального женского монастыря,55.76334769759,37.623138186508,/upload/iblock/273/qfkqqp3hkuvadgma7p3og43nfn1bztq4/thumb_0012ffb970a7171515d150d6a8d1e071.jpg,1,/monastyri/monastery/khram-svyatitelya-nikolaya-chudotvortsa-blagoveshcheniya-presvyatoy-bogoroditsy-v-zvonaryakh-podvore/,"{'eparhia': None, 'mitropolia': None, 'boss': None, 'type': 'подворье ставропигиального монастыря', 'founded': '1677'}",,,,,
Храм святых первоверховных апостолов Петра и Павла в Ясенево подворья Оптиной пустыни,55.600801371562,37.548058657071,/upload/iblock/a1d/t38xy42uca64p6u1igss3sdvhjsbphuz/Podvore-Optinoy-pustyni-foto-1.jpeg,18,/monastyri/monastery/khram-svyatykh-pervoverkhovnykh-apostolov-petra-i-pavla-v-yasenevo/,"{'eparhia': None, 'mitropolia': None, 'boss': None, 'type': 'подворье ставропигиального монастыря', 'founded': '1626'}",,,,,
Храм Успения Пресвятой Богородицы Санкт-Петербургского подворья Оптиной пустыни,59.933265956524,30.275563894236,/upload/iblock/f90/monasterium.ru_optina_spb-_00.jpg,636,/monastyri/monastery/khram-uspeniya-presvyatoy-bogoroditsy-sankt-peterburgskogo-podvorya-optinoy-pustyni/,"{'eparhia': None, 'mitropolia': None, 'boss': None, 'type': 'подворье ставропигиального монастыря', 'founded': '1900'}",,,,,
"Храм в честь Покрова Пресвятой Богородицы в Дегунино, подворья Старицкого Свято-Успенского монастыря ",56.326016257482,34.872150290249,/upload/iblock/8c1/8c1a4517d12efc15e8dedc232a8aae6a/dyaguninostariza6.jpg,182,/monastyri/monastery/v-chest-pokrova-presvyatoy-bogoroditsy-v-degunino-podvore-staritskogo-svyato-uspenskogo-monastyrya-/,"{'eparhia': None, 'mitropolia': None, 'boss': None, 'type': 'подворье епархиального монастыря', 'founded': '1819'}",,,,,
"Храм-памятник в честь Нерукотворенного Образа Спасителя , подворье Введенского  Кизического  мужского монастыря",55.786715328683,49.039541613281,/upload/iblock/35a/35a210d2eb4e993f05f661902c2ced33/nerukot.jpg,714,/monastyri/monastery/khram-pamyatnik-v-chest-nerukotvorennogo-obraza-spasitelya-podvore-vvedenskogo-kizicheskogo-muzhskog/,"{'eparhia': None, 'mitropolia': None, 'boss': None, 'type': 'подворье епархиального монастыря', 'founded': '2011'}",,,,,
Храм-часовня в честь Введения Пресвятой Богородицы во Введенском,57.686250634323,36.532347320099,/upload/iblock/1f4/1f49d6d032ff991f5dae7d3f7403b7a3/1.jpg,225,/monastyri/monastery/khram-chasovnya-v-chest-vvedeniya-presvyatoy-bogoroditsy-vo-vvedenskom/,"{'eparhia': None, 'mitropolia': None, 'boss': None, 'type': 'подворье епархиального монастыря', 'founded': '2014'}",,,,,
"Храм-часовня в честь иконы Божией Матери «Живоносный источник» , подворья  Нижегородского Крестовоздвиженского монастыря",56.200852891357,43.978158159728,/upload/iblock/e2a/e2adef14f64f87a2900779327dd3e833/2010_01_08_17_32_46.jpg,399,/monastyri/monastery/khram-chasovnya-v-chest-ikony-bozhiey-materi-zhivonosnyy-istochnik/,"{'eparhia': None, 'mitropolia': None, 'boss': None, 'type': 'подворье епархиального монастыря', 'founded': ''}",,,,,
Храм-часовня в честь свт. Николая и мц. Александры г. Бежецк,57.780190155696,36.693478761328,/upload/iblock/527/5271539f78dfb94eb546c2ac52ea52c0/2.jpg,233,/monastyri/monastery/khram-chasovnya-v-chest-svt-nikolaya-i-mts-aleksandry-g-bezhetsk/,"{'eparhia': None, 'mitropolia': None, 'boss': None, 'type': 'приписной храм епархиального монастыря', 'founded': '1896'}",,,,,
Храм-часовня во имя св. Александра Невского в г. Балахне,56.527168226605,43.5565002295,/upload/iblock/eea/eea2430749751c2808b448fcd6a0bca2/cfb800d2_be4d_4a16_b1a9_710a4be16cdb.jpg,378,/monastyri/monastery/khram-chasovnya-vo-imya-sv-aleksandra-nevskogo-v-g-balakhne/,"{'eparhia': None, 'mitropolia': None, 'boss': None, 'type': 'подворье епархиального монастыря', 'founded': ''}",,,,,
Храм-часовня иконы Божией Матери «Всех скорбящих Радость» (с грошиками) при подворье Свято-Троицкого Зеленецкого монастыря.,59.912518650058,30.407210584656,/upload/iblock/efb/efb1e240c7c2f5684c6118c5367167af/01534_20090821_155205_349x438.jpg,629,/monastyri/monastery/khram-chasovnya-ikony-bozhiey-materi-vsekh-skorbyashchikh-radost-s-groshikami-pri-podvore-svyato-tro/,"{'eparhia': None, 'mitropolia': None, 'boss': None, 'type': 'подворье епархиального монастыря', 'founded': '1898'}",,,,,
Христорождественский  монастырь города Слободского,58.730564421805,50.178999337959,/upload/iblock/876/876e2116b3f79a68258a6797fd117ac6/1.jpg,824,/monastyri/monastery/khristorozhdestvenskiy-monastyr-goroda-slobodskogo/,"{'eparhia': None, 'mitropolia': None, 'boss': None, 'type': 'Епархиальные монастыри Русской Православной Церкви', 'founded': ''}",,,,,
Христорождественский Богородичный женский монастырь города Вятские Поляны,56.226141761873,51.055835276005,/upload/iblock/ee6/ee69a09be8d04548596d74c4bc6cf1a9/1.jpg,837,/monastyri/monastery/khristorozhdestvenskiy-bogorodichnyy-zhenskiy-monastyr-goroda-vyatskie-polyany/,"{'eparhia': None, 'mitropolia': None, 'boss': None, 'type': 'Епархиальные монастыри Русской Православной Церкви', 'founded': '1995'}",,,,,
Христорождественский женский монастырь в с. Красный Яр,46.534656341153,48.336494560188,/upload/iblock/bd2/bd28aa4b515c00b206684092a4fdcc0c/nkcE8K4pS4c.jpg,1266,/monastyri/monastery/khristorozhdestvenskiy-zhenskiy-monastyr-v-s-krasnyy-yar/,"{'eparhia': None, 'mitropolia': None, 'boss': None, 'type': 'Епархиальные монастыри Русской Православной Церкви', 'founded': '2009'}",,,,,
Царское подворье Богородицкого Житенного женского монастыря,57.321580786612,33.045968997577,/upload/iblock/ce3/ce31c19ee801320e4bd03ed81d8426f4/tsar-podvor.jpg,330,/monastyri/monastery/tsarskoe-podvore-bogoroditskogo-zhitennogo-zhenskogo-monastyrya/,"{'eparhia': None, 'mitropolia': None, 'boss': None, 'type': 'подворье епархиального монастыря', 'founded': ''}",,,,,
"Нижегородское подворье Серафимо - Дивеевского монастыря - Церковь в честь святителей Московских Петра, Алексия, Ионы, Филиппа и Гермогена",56.312705300977,43.99713261319,/upload/iblock/103/8.jpg,401,/monastyri/monastery/nizhegorodskoe-podvore-serafimo-diveevskogo-monastyrya-tserkov-v-chest-svyatiteley-moskovskikh-petra/,"{'eparhia': None, 'mitropolia': None, 'boss': None, 'type': 'подворье епархиального монастыря', 'founded': '1997'}",,,,,
Чадыр-Лунгский Свято-Димитриевский женский монастырь  Кагульской и Комратской епархии,46.049369,28.825982,/upload/iblock/0bf/1.jpg,1241,/monastyri/monastery/chadyr-lungskiy-svyato-dimitrievskiy-zhenskiy-monastyr-kagulskoy-i-komratskoy-eparkhii/,"{'eparhia': None, 'mitropolia': None, 'boss': None, 'type': 'Монастыри Православной Церкви Молдовы', 'founded': '2000'}",,,,,
Часовня в честь великомученика Георгия Победоносца  Спасо-Преображенского Авраамиева мужского монастыря в г. Смоленск,54.77976311589,32.059373235284,,369,/monastyri/monastery/chasovnya-v-chest-velikomuchenika-georgiya-pobedonostsa-spaso-preobrazhenskogo-avraamieva-muzhskogo-/,"{'eparhia': None, 'mitropolia': None, 'boss': None, 'type': 'подворье епархиального монастыря', 'founded': '2009'}",,,,,
Часовня в честь великомученицы Параскевы Пятницы,57.000415824414,28.966348819954,/upload/iblock/5bb/5bb63051a1399cc540b69e7b678b3fe3/uaUuu_auauuua.jpg,550,/monastyri/monastery/chasovnya-v-chest-velikomuchenitsy-paraskevy-pyatnitsy/,"{'eparhia': None, 'mitropolia': None, 'boss': None, 'type': 'часовня епархиального монастыря', 'founded': '2007'}",,,,,
"Часовня в честь иконы Божией Матери  «Державная» ,подворье Бузулукского Тихвинского Богородицкого монастыря  в селе Сухоречка",52.828485144225,52.367425676821,/upload/iblock/251/25176af26b709959912832438eee71be/d51393c431396931557281ec81d5ddac.jpg,1009,/monastyri/monastery/chasovnya-v-chest-ikony-bozhiey-materi-derzhavnaya-podvore-buzulukskogo-tikhvinskogo-bogoroditskogo-/,"{'eparhia': None, 'mitropolia': None, 'boss': None, 'type': 'подворье епархиального монастыря', 'founded': ''}",,,,,
"Часовня в честь иконы Божией Матери «Неопалимая купина»  в д. Восточная звезда, подворье Вознесенской Макарьевской мужской пустыни",55.771639283535,48.767704431902,/upload/iblock/009/009a24897b96bdc885e4971512bd05a1/zvezda0.jpg,697,/monastyri/monastery/chasovnya-v-chest-ikony-bozhiey-materi-neopalimaya-kupina-v-d-vostochnaya-zvezda-podvore-voznesensko/,"{'eparhia': None, 'mitropolia': None, 'boss': None, 'type': 'подворье епархиального монастыря', 'founded': '2004'}",,,,,
Часовня в честь праведного Иоанна Кронштадтского,56.845215702977,35.903181583926,/upload/iblock/b37/b37ab2ec8171c2a79eb9615d69669d27/CHasovnya_Ioanna_Kron..jpg,161,/monastyri/monastery/chasovnya-v-chest-pravednogo-ioanna-kronshtadtskogo/,"{'eparhia': None, 'mitropolia': None, 'boss': None, 'type': 'часовня епархиального монастыря', 'founded': '1913'}",,,,,
"Приписная часовня в честь святителя Николая Чудотворца с. Новоселки, храма  Рождества Пресвятой Богородицы, подворья Екатерининского мужского монастыря г. Видное",55.054005662225,38.008636437886,/upload/iblock/6a0/6a0e43f77f71ec07f6844ec54e213e04/777777.jpg,82,/monastyri/monastery/pripisnaya-chasovnya-v-chest-svyatitelya-nikolaya-chudotvortsa-khram-rozhdestva-presvyatoy-bogorodits/,"{'eparhia': None, 'mitropolia': None, 'boss': None, 'type': 'часовня епархиального монастыря', 'founded': '1885'}",,,,,
"Часовня Николая Чудотворца, подворье Соликамского Троицкого монастыря, посёлок Северный",58.935284205056,57.5772126038,/upload/iblock/e7a/e7a61dd6d376b679d9f2280e8e8f13dc/podvore-1.jpg,1244,/monastyri/monastery/chasovnya-nikolaya-chudotvortsa-podvore-solikamskogo-troitskogo-monastyrya-posyelok-severnyy/,"{'eparhia': None, 'mitropolia': None, 'boss': None, 'type': 'подворье епархиального монастыря', 'founded': '2006'}",,,,,
Свято-Троицкий мужской монастырь в г. Чебоксары,56.151543739967,47.253533084656,/upload/iblock/2d8/2d8b0999df598a26215b4d82f95342a9/Panorama-STPMM-g.-CHeboksary-2.jpg,601,/monastyri/monastery/svyato-troitskiy-monastyr-v-g-cheboksary/,"{'eparhia': None, 'mitropolia': None, 'boss': None, 'type': 'Епархиальные монастыри Русской Православной Церкви', 'founded': '1566'}",,,,,
Чердынский Иоанно-Богословский мужской монастырь,60.40822810855,56.487411516533,/upload/iblock/9a3/9a360b4b69529c849040e60477510a1f/f.jpg,1219,/monastyri/monastery/cherdynskiy-ioanno-bogoslovskiy-muzhskoy-monastyr/,"{'eparhia': None, 'mitropolia': None, 'boss': None, 'type': 'Епархиальные монастыри Русской Православной Церкви', 'founded': '1463'}",,,,,
Череменецкий Иоанно-Богословский мужской монастырь,58.605631924796,29.959531504952,/upload/iblock/e49/1467dd3722.png,560,/monastyri/monastery/cheremenetskiy-ioanno-bogoslovskiy-muzhskoy-monastyr/,"{'eparhia': None, 'mitropolia': None, 'boss': None, 'type': 'Епархиальные монастыри Русской Православной Церкви', 'founded': ''}",,,,,
Черепановский мужской монастырь в честь всех Святых в земле Сибирской просиявших ,54.223883071299,83.36196440741,/upload/iblock/b6e/b6e492b24d5cc79f0dd1f4b72579da47/1394789303_dsc00459.jpg,2870,/monastyri/monastery/cherepanovskiy-muzhskoy-monastyr-v-chest-vsekh-svyatykh-v-zemle-sibirskoy-prosiyavshikh-/,"{'eparhia': None, 'mitropolia': None, 'boss': None, 'type': 'Епархиальные монастыри Русской Православной Церкви', 'founded': '2001'}",,,,,
Черноморское подворье московского Высоко-Петровского мужского монастыря при храме во имя Всех святых в с. Волконка,43.868405948449,39.383287025131,/upload/iblock/d56/k3yh9sz08jcfwh56b1k1a3ap01sd0p0b/dsc4383_.webp,1328,/monastyri/monastery/chernomorskoe-podvore-moskovskogo-vysoko-petrovskogo-muzhskogo-monastyrya-pri-khrame-vo-imya-vsekh-s/,"{'eparhia': None, 'mitropolia': None, 'boss': None, 'type': 'подворье ставропигиального монастыря', 'founded': '2018'}",,,,,
Ыбский Серафимовский женский монастырь,61.261824068548,50.571449399586,/upload/iblock/e80/e80bf0d8235df428c9d27b539a2acd5d/1.jpg,968,/monastyri/monastery/ybskiy-serafimovskiy-zhenskiy-monastyr/,"{'eparhia': None, 'mitropolia': None, 'boss': None, 'type': 'Епархиальные монастыри Русской Православной Церкви', 'founded': '1997'}",,,,,
Якутский Спасский мужской монастырь,62.03036074209,129.74731233268,/upload/iblock/9d7/9d764d01d41700fa552e77fefb86bf60/23131655_1513428025411631_3680380959917886615_n.jpg,4884,/monastyri/monastery/yakutskiy-spasskiy-muzhskoy-monastyr/,"{'eparhia': None, 'mitropolia': None, 'boss': None, 'type': 'Епархиальные монастыри Русской Православной Церкви', 'founded': '1663'}",,,,,
