"{""name"":""Свято-Благовещенский женский монастырь, г. Слоним Новогрудской епархии"",""lat"":""53.110637998532"",""long"":""25.331999534393"",""img"":""\/upload\/iblock\/800\/800d4ccd432c023549099394d932be87\/38ce97901001a46590078659f4645fe1.jpg"",""distance"":917,""url"":""\/monastyri\/monastery\/svyato-blagoveshchenskiy-zhenskiy-monastyr-g-slonim-novogrudskoy-eparkhii\/"",""props"":{""eparhia"":null,""mitropolia"":null,""boss"":null,""type"":""Монастыри Белорусской Православной Церкви"",""founded"":""2001""}}"
"{""name"":"" Благовещенский пещерный мужской монастырь на Мангупе  "",""lat"":""44.590191082819"",""long"":""33.803077579203"",""img"":""\/upload\/iblock\/bd4\/bd4bb46d539ce780b98f7b190c58ba53\/01.jpg"",""distance"":1269,""url"":""\/monastyri\/monastery\/blagoveshchenskiy-peshchernyy-muzhskoy-monastyr-na-mangupe-\/"",""props"":{""eparhia"":null,""mitropolia"":null,""boss"":null,""type"":""Епархиальные монастыри Русской Православной Церкви"",""founded"":""""}}"
"{""name"":"" Благовещенское подворье  Апшеронского женского монастыря в честь иконы Божией Матери «Нерушимая стена» "",""lat"":""45.023991764472"",""long"":""38.968269550262"",""img"":""\/upload\/iblock\/e91\/e91ce78ca80b6fb0d29ffdc51c530901\/nn.jpg"",""distance"":1169,""url"":""\/monastyri\/monastery\/blagoveshchenskoe-podvore-apsheronskogo-zhenskogo-monastyrya-v-chest-ikony-bozhiey-materi-nerushimaya\/"",""props"":{""eparhia"":null,""mitropolia"":null,""boss"":null,""type"":""подворье епархиального монастыря"",""founded"":""2015""}}"
"{""name"":"" Богородицкая  Площанская пустынь"",""lat"":""52.521237942828"",""long"":""34.46964086113"",""img"":""\/upload\/iblock\/e60\/e6085c0ac2bd376fe46db78d77a1dfb2\/1.jpg"",""distance"":442,""url"":""\/monastyri\/monastery\/bogoroditskaya-ploshchanskaya-pustyn\/"",""props"":{""eparhia"":null,""mitropolia"":null,""boss"":null,""type"":""Епархиальные монастыри Русской Православной Церкви"",""founded"":""1620""}}"
"{""name"":""Свято-Богоявленский Кутеинский мужской монастырь, г. Орша Витебской епархии"",""lat"":""54.492154728587"",""long"":""30.412403108459"",""img"":""\/upload\/iblock\/c87\/c87ae31f955639a20f7b33a29a08aa2d\/28691804c58807da9d8b74d4b9f96d9d.jpg"",""distance"":552,""url"":""\/monastyri\/monastery\/svyato-bogoyavlenskiy-kuteinskiy-muzhskoy-monastyr-g-orsha\/"",""props"":{""eparhia"":null,""mitropolia"":null,""boss"":null,""type"":""Монастыри Белорусской Православной Церкви"",""founded"":""1620""}}"
"{""name"":""Свято-Варваринский женский монастырь  во имя блаженной Варвары Скворчихинской  деревни Скворчиха"",""lat"":""53.320889"",""long"":""56.136832"",""img"":""\/upload\/iblock\/cf0\/vwbbv8p9ph40bxvzrfjdrto8del09sa2\/IMG_6889_700x400.jpg"",""distance"":1141,""url"":""\/monastyri\/monastery\/svyato-varvarinskiy-zhenskiy-monastyr-vo-imya-blazhennoy-varvary-skvorchikhinskoy-derevni-skvorchikh\/"",""props"":{""eparhia"":null,""mitropolia"":null,""boss"":null,""type"":""Епархиальные монастыри Русской Православной Церкви"",""founded"":""2020""}}"
"{""name"":""Свято-Варваринский женский монастырь Пинской епархии"",""lat"":""52.113866260197"",""long"":""26.101634374344"",""img"":""\/upload\/iblock\/d57\/d571d6de5392725d8d65b8b0fd8e2a5c\/8420cda257bd61f29d58cd4849d01111.jpg"",""distance"":919,""url"":""\/monastyri\/monastery\/svyato-varvarinskiy-zhenskiy-monastyr-pinskoy-eparkhii\/"",""props"":{""eparhia"":null,""mitropolia"":null,""boss"":null,""type"":""Монастыри Белорусской Православной Церкви"",""founded"":""""}}"
"{""name"":""Свято-Васильевский Овручский женский монастырь Овручской епархии"",""lat"":""51.31531"",""long"":""28.799841"",""img"":""\/upload\/iblock\/76e\/uw0hkrjf0pswt4e3yubpihjf8z8zoh4b\/Svyato_Vasilevskiy_zhenskiy_monastyr.jpg"",""distance"":815,""url"":""\/monastyri\/monastery\/svyato-vasilevskiy-ovruchskiy-zhenskiy-monastyr-ovruchskoy-eparkhii\/"",""props"":{""eparhia"":null,""mitropolia"":null,""boss"":null,""type"":""Монастыри УПЦ МП"",""founded"":""2017""}}"
"{""name"":"" Великомученика Георгия Победоносца мужской монастырь у мыса Фиолент  "",""lat"":""44.504983052267"",""long"":""33.51038720734"",""img"":""\/upload\/iblock\/d86\/d86626df561b9dd73ee4a5ec2e742a6e\/mon.jpg"",""distance"":1284,""url"":""\/monastyri\/monastery\/velikomuchenika-georgiya-pobedonostsa-muzhskoy-monastyr-u-mysa-fiolent-\/"",""props"":{""eparhia"":null,""mitropolia"":null,""boss"":null,""type"":""Епархиальные монастыри Русской Православной Церкви"",""founded"":""891""}}"
"{""name"":""Свято-Георгиевский женский монастырь Уманской епархии"",""lat"":""48.686976394878"",""long"":""30.148559359963"",""img"":""\/upload\/iblock\/fd6\/gc8hi4stxtdm19advrusftfixhf7r0u4\/00.jpg"",""distance"":966,""url"":""\/monastyri\/monastery\/svyato-georgievskiy-zhenskiy-monastyr-umanskoy-eparkhii\/"",""props"":{""eparhia"":null,""mitropolia"":null,""boss"":null,""type"":""Монастыри УПЦ МП"",""founded"":""""}}"
"{""name"":""Свято-Георгиевский скит Вознесенского мужского монастыря Бориспольской епархии"",""lat"":""50.305154753857"",""long"":""29.588675364236"",""img"":""\/upload\/iblock\/6d5\/me7fhzsgqui27nv8cubj79rmif3sqavm\/foto-otsutstvuet.jpg"",""distance"":851,""url"":""\/monastyri\/monastery\/svyato-georgievskiy-skit-voznesenskogo-muzhskogo-monastyrya-borispolskoy-eparkhii\/"",""props"":{""eparhia"":null,""mitropolia"":null,""boss"":null,""type"":""скит епархиального монастыря"",""founded"":""2011""}}"
"{""name"":""Женский монастырь в честь иконы Божией Матери «Державная»   п. Изобильное"",""lat"":""54.766494550772"",""long"":""21.174742949707"",""img"":""\/upload\/iblock\/e5c\/e5c0645947616665b53f1dc996ea6b3c\/i_300x300.png"",""distance"":1125,""url"":""\/monastyri\/monastery\/zhenskiy-monastyr-v-chest-ikony-bozhiey-materi-derzhavnaya-p-izobilnoe\/"",""props"":{""eparhia"":null,""mitropolia"":null,""boss"":null,""type"":""Епархиальные монастыри Русской Православной Церкви"",""founded"":""2009""}}"
"{""name"":"" Иверский Валдайский мужской монастырь"",""lat"":""57.989230826767"",""long"":""33.304118070612"",""img"":""\/upload\/iblock\/7fa\/7fa810e352ad6a35d2ae187cf5d9073a\/1.jpg"",""distance"":436,""url"":""\/monastyri\/monastery\/iverskiy-valdayskiy-muzhskoy-monastyr\/"",""props"":{""eparhia"":null,""mitropolia"":null,""boss"":null,""type"":""Епархиальные монастыри Русской Православной Церкви"",""founded"":""""}}"
"{""name"":"" Инунденский Всехскорбященский мужской монастырь Кишиневской епархии"",""lat"":""48.130998"",""long"":""28.353347"",""img"":""\/upload\/iblock\/e55\/sg9gbshgm9kaj7g1jh3cws658907e3cc\/IMG_0554.jpg"",""distance"":1093,""url"":""\/monastyri\/monastery\/inundenskiy-vsekhskorbyashchenskiy-muzhskoy-monastyr-kishinevskoy-eparkhii\/"",""props"":{""eparhia"":null,""mitropolia"":null,""boss"":null,""type"":""Монастыри Православной Церкви Молдовы"",""founded"":""2005""}}"
"{""name"":""Свято-Иоанно-Предтеченский мужской монастырь Луганской епархии "",""lat"":""48.917385800091"",""long"":""39.641259875566"",""img"":""\/upload\/iblock\/fae\/9ihs26w865mm5s89090wj3xc9elpkkxl\/03.jpg"",""distance"":738,""url"":""\/monastyri\/monastery\/svyato-ioanno-predtechenskiy-muzhskoy-monastyr-luganskoy-eparkhii-\/"",""props"":{""eparhia"":null,""mitropolia"":null,""boss"":null,""type"":""Монастыри УПЦ МП"",""founded"":""2007""}}"
"{""name"":"" Мужской монастырь святых первоверховных апостолов Петра и Павла в г. Светлограде"",""lat"":""45.313660638233"",""long"":""42.847386228836"",""img"":""\/upload\/iblock\/467\/46764c6ff0311841f6b925089c0a586d\/vagQk_FA9Z4.jpg"",""distance"":1170,""url"":""\/monastyri\/monastery\/muzhskoy-monastyr-svyatykh-pervoverkhovnykh-apostolov-petra-i-pavla-v-g-svetlograde\/"",""props"":{""eparhia"":null,""mitropolia"":null,""boss"":null,""type"":""Епархиальные монастыри Русской Православной Церкви"",""founded"":""2019""}}"
"{""name"":""Свято-Николаевский мужской скит  мужского монастыря в честь Святых Царственных страстотерпцев Белоцерковской епархии"",""lat"":""49.516583"",""long"":""30.477977"",""img"":null,""distance"":877,""url"":""\/monastyri\/monastery\/svyato-nikolaevskiy-muzhskoy-skit-muzhskogo-monastyrya-v-chest-svyatykh-tsarstvennykh-strastoterptse\/"",""props"":{""eparhia"":null,""mitropolia"":null,""boss"":null,""type"":""скит епархиального монастыря"",""founded"":""""}}"
"{""name"":""Свято-Никольский женский монастырь, г. Могилев Могилевской епархии"",""lat"":""53.893876900181"",""long"":""30.345529523399"",""img"":""\/upload\/iblock\/acf\/acfb0fb530227a61f8678fcfb7483c83\/89df459e91d9b2f962c0d681df4bf391.jpg"",""distance"":577,""url"":""\/monastyri\/monastery\/svyato-nikolskiy-zhenskiy-monastyr-g-mogilev-mogilevskoy-eparkhii\/"",""props"":{""eparhia"":null,""mitropolia"":null,""boss"":null,""type"":""Монастыри Белорусской Православной Церкви"",""founded"":""1636""}}"
"{""name"":""Свято-Пантелеимоновский женский монастырь в г.Браславе  Полоцкой епархии"",""lat"":""55.636194815961"",""long"":""27.045216133591"",""img"":""\/upload\/iblock\/7b9\/7b9065f94baba37ff064e86f1c9961c5\/cb0566c35c75136062861687a69591f3.jpg"",""distance"":743,""url"":""\/monastyri\/monastery\/svyato-panteleimonovskiy-zhenskiy-monastyr-v-g-braslave-polotskoy-eparkhii\/"",""props"":{""eparhia"":null,""mitropolia"":null,""boss"":null,""type"":""Монастыри Белорусской Православной Церкви"",""founded"":""2006""}}"
"{""name"":"" Параскево- Вознесенский женский монастырь село Пайгарма"",""lat"":""54.078784513924"",""long"":""44.831496611654"",""img"":""\/upload\/iblock\/9e8\/9e81109ec15d93f732298c6cabd759e7\/102.jpg"",""distance"":415,""url"":""\/monastyri\/monastery\/paraskevo-voznesenskiy-zhenskiy-monastyr-selo-paygarma\/"",""props"":{""eparhia"":null,""mitropolia"":null,""boss"":null,""type"":""Епархиальные монастыри Русской Православной Церкви"",""founded"":""1865""}}"
"{""name"":"" Петропавловский женский монастырь города Юрьев-Польский"",""lat"":""56.51083558951"",""long"":""39.687431244096"",""img"":""\/upload\/iblock\/fe3\/fe3c7409051bc05f3c49eb95cba92cb3\/2s_1024x683.jpg"",""distance"":121,""url"":""\/monastyri\/monastery\/petropavlovskiy-zhenskiy-monastyr-goroda-yurev-polskiy\/"",""props"":{""eparhia"":null,""mitropolia"":null,""boss"":null,""type"":""Епархиальные монастыри Русской Православной Церкви"",""founded"":""1874""}}"
"{""name"":"" Подворье в честь Всех святых Свято-Вознесенского мужского монастыря Луганской епархии "",""lat"":""48.546860424824"",""long"":""39.336003126984"",""img"":""\/upload\/iblock\/5d1\/gw26dfokrks1sf92bxngaanu3aanfwhf\/592127852.jpg"",""distance"":778,""url"":""\/monastyri\/monastery\/podvore-v-chest-vsekh-svyatykh-svyato-voznesenskogo-muzhskogo-monastyrya-luganskoy-eparkhii-\/"",""props"":{""eparhia"":null,""mitropolia"":null,""boss"":null,""type"":""подворье епархиального монастыря"",""founded"":""""}}"
"{""name"":"" Подворье Николаевского Клобукова женского монастыря Петро-Павловский храм г. Кашина "",""lat"":""57.355496266033"",""long"":""37.625177517197"",""img"":""\/upload\/iblock\/f4a\/f4aecc895014a03ba9e3a980d7fbad6a\/petropavlkashin3a.jpg"",""distance"":217,""url"":""\/monastyri\/monastery\/podvore-nikolaevskogo-klobukova-zhenskogo-monastyrya-petro-pavlovskiy-khram-g-kashina-\/"",""props"":{""eparhia"":null,""mitropolia"":null,""boss"":null,""type"":""подворье епархиального монастыря"",""founded"":""1621""}}"
"{""name"":""Свято-Покровский женский монастырь, г. Толочин Витебской епархии"",""lat"":""54.406555213431"",""long"":""29.700722662041"",""img"":""\/upload\/iblock\/3d8\/3d8cab14254a1d8ef1f721f78577fb98\/9DHCkyqEMdM.jpg"",""distance"":599,""url"":""\/monastyri\/monastery\/svyato-pokrovskiy-zhenskiy-monastyr-g-tolochin-vitebskoy-eparkhii\/"",""props"":{""eparhia"":null,""mitropolia"":null,""boss"":null,""type"":""Монастыри Белорусской Православной Церкви"",""founded"":""1604""}}"
"{""name"":"" Рождество-Богородицкий женский монастырь с. Линевичи"",""lat"":""43.735734561412"",""long"":""131.85435972884"",""img"":""\/upload\/iblock\/773\/7731b6136c1b86bfe5275fd7106e8497\/linevichi_obshee_3.jpg"",""distance"":6308,""url"":""\/monastyri\/monastery\/rozhdestvo-bogoroditskiy-zhenskiy-monastyr-s-linevichi\/"",""props"":{""eparhia"":null,""mitropolia"":null,""boss"":null,""type"":""Епархиальные монастыри Русской Православной Церкви"",""founded"":""1900""}}"
"{""name"":""Свято-Троицкий женский монастырь с. Красный Ключ."",""lat"":""55.388114339726"",""long"":""56.65488919916"",""img"":""\/upload\/iblock\/7fd\/7fd8bef82073c7d5b3eb6f6f2f167140\/Kxb_ZgoRlGM.jpg"",""distance"":1119,""url"":""\/monastyri\/monastery\/birskiy-svyato-troitskiy-zhenskiy-monastyr\/"",""props"":{""eparhia"":null,""mitropolia"":null,""boss"":null,""type"":""Епархиальные монастыри Русской Православной Церкви"",""founded"":""1878""}}"
"{""name"":"" Свято-Успенский Святогорский мужской монастырь "",""lat"":""57.022333063347"",""long"":""28.918556058344"",""img"":""\/upload\/iblock\/dd9\/dd94b33eced11e75303a750f5c2c0c30\/0BfEtDcN02k.jpg"",""distance"":636,""url"":""\/monastyri\/monastery\/svyato-uspenskiy-svyatogorskiy-muzhskoy-monastyr-\/"",""props"":{""eparhia"":null,""mitropolia"":null,""boss"":null,""type"":""Епархиальные монастыри Русской Православной Церкви"",""founded"":""1569""}}"
"{""name"":""Скит Никольского мужского монастыря в честь иконы Божией Матери «Неупиваемая чаша»"",""lat"":""55.209152206955"",""long"":""73.251884127128"",""img"":null,""distance"":2151,""url"":""\/monastyri\/monastery\/skit-nikolskogo-muzhskogo-monastyrya-v-chest-ikony-presvyatoy-bogoroditsy-neupivaemaya-chasha\/"",""props"":{""eparhia"":null,""mitropolia"":null,""boss"":null,""type"":""скит епархиального монастыря"",""founded"":""""}}"
"{""name"":"" Спасо-Богородицкий Одигитриевский женский монастырь под городом Вязьма"",""lat"":""55.328779720029"",""long"":""34.070101130553"",""img"":""\/upload\/iblock\/574\/wptlw8r0d2iuwh8rydiwugwrimwcdosa\/Spaso_Bogoroditskiy-Odigitrievskiy-zhenskiy-monastyr.JPG"",""distance"":304,""url"":""\/monastyri\/monastery\/spaso-bogoroditskiy-odigitrievskiy-zhenskiy-monastyr-pod-vyazmoy\/"",""props"":{""eparhia"":null,""mitropolia"":null,""boss"":null,""type"":""Епархиальные монастыри Русской Православной Церкви"",""founded"":""2009""}}"
"{""name"":"" Спасо-Вознесенский женский монастырь г. Смоленска"",""lat"":""54.784824165476"",""long"":""32.050004584656"",""img"":""\/upload\/iblock\/f79\/f79872d9729c33f5d355185b180abc74\/1.jpg"",""distance"":442,""url"":""\/monastyri\/monastery\/spaso-voznesenskiy-zhenskiy-monastyr-g-smolenska\/"",""props"":{""eparhia"":null,""mitropolia"":null,""boss"":null,""type"":""Епархиальные монастыри Русской Православной Церкви"",""founded"":""1515""}}"
"{""name"":"" Спасо-Преображенский Бузулукский мужской монастырь "",""lat"":""52.81396252176"",""long"":""52.32256671167"",""img"":""\/upload\/iblock\/1ef\/1ef3413b22247a13bcd8bd9ad702a27f\/6.jpg"",""distance"":925,""url"":""\/monastyri\/monastery\/spaso-preobrazhenskiy-buzulukskiy-muzhskoy-monastyr-\/"",""props"":{""eparhia"":null,""mitropolia"":null,""boss"":null,""type"":""Епархиальные монастыри Русской Православной Церкви"",""founded"":""1853""}}"
"{""name"":""Свято-Тихвинский женский монастырь, г. Гомель Гомельской епархии"",""lat"":""52.42604164453"",""long"":""30.986304784061"",""img"":""\/upload\/iblock\/26b\/26be13fe41afdc19806dbb182b6d56a2\/11.jpg"",""distance"":621,""url"":""\/monastyri\/monastery\/svyato-tikhvinskiy-zhenskiy-monastyr-g-gomel-gomelskoy-eparkhii\/"",""props"":{""eparhia"":null,""mitropolia"":null,""boss"":null,""type"":""Монастыри Белорусской Православной Церкви"",""founded"":""1993""}}"
"{""name"":""Свято-Успенский женский монастырь Бориспольской епархии"",""lat"":""50.308971"",""long"":""31.789746"",""img"":""\/upload\/iblock\/acd\/h4p1f12mh8w7dlrs3kbenmneipzjuxq6\/01.jpg"",""distance"":750,""url"":""\/monastyri\/monastery\/svyato-uspenskiy-zhenskiy-monastyr-borispolskoy-eparkhii\/"",""props"":{""eparhia"":null,""mitropolia"":null,""boss"":null,""type"":""Монастыри УПЦ МП"",""founded"":""2005""}}"
"{""name"":""Свято-Успенский женский монастырь, д. Казимирово Гомельской епархии"",""lat"":""52.908986069888"",""long"":""29.837670746033"",""img"":""\/upload\/iblock\/613\/613690494f4414de373fda72c96a500a\/1.jpg"",""distance"":656,""url"":""\/monastyri\/monastery\/svyato-uspenskiy-zhenskiy-monastyr-d-kazimirovo-gomelskoy-eparkhii\/"",""props"":{""eparhia"":null,""mitropolia"":null,""boss"":null,""type"":""Монастыри Белорусской Православной Церкви"",""founded"":""2000""}}"
"{""name"":""Свято-Успенский Кэприянский мужской монастырь Кишиневской епархии"",""lat"":""47.116674"",""long"":""28.50957"",""img"":""\/upload\/iblock\/4ab\/tegnm7r2qxzawz2dne1wp7v06lqm1a2p\/1.jpg"",""distance"":1179,""url"":""\/monastyri\/monastery\/svyato-uspenskiy-kepriyanskiy-muzhskoy-monastyr-kishinevskoy-eparkhii\/"",""props"":{""eparhia"":null,""mitropolia"":null,""boss"":null,""type"":""Монастыри Православной Церкви Молдовы"",""founded"":""1429""}}"
"{""name"":""Cвято-Рождественский Забричанский мужской монастырь  Единецко-Бричанской епархии"",""lat"":""48.07776637886"",""long"":""27.261900381568"",""img"":""\/upload\/iblock\/982\/15999.jpg"",""distance"":1148,""url"":""\/monastyri\/monastery\/cvyato-rozhdestvenskiy-zabrichanskiy-muzhskoy-monastyr-edinetsko-brichanskoy-eparkhii\/"",""props"":{""eparhia"":null,""mitropolia"":null,""boss"":null,""type"":""Монастыри Православной Церкви Молдовы"",""founded"":""1999""}}"
"{""name"":""Cканов Пещерный мужской монастырь преподобных Антония и Феодосия Печерских"",""lat"":""53.858444809772"",""long"":""43.779625077385"",""img"":""\/upload\/iblock\/4df\/4df31bb1ca107f64a8c43b95c6711585\/22.jpg"",""distance"":366,""url"":""\/monastyri\/monastery\/ckanov-peshchernyy-muzhskoy-monastyr-prepodobnykh-antoniya-i-feodosiya-pecherskikh\/"",""props"":{""eparhia"":null,""mitropolia"":null,""boss"":null,""type"":""Епархиальные монастыри Русской Православной Церкви"",""founded"":""""}}"
"{""name"":""Абабковский Николаевский Георгиевский женский монастырь "",""lat"":""56.039664299732"",""long"":""43.139758288361"",""img"":""\/upload\/iblock\/4a5\/dsc_0293.jpg"",""distance"":273,""url"":""\/monastyri\/monastery\/ababkovskiy-nikolaevskiy-georgievskiy-zhenskiy-monastyr-\/"",""props"":{""eparhia"":null,""mitropolia"":null,""boss"":null,""type"":""Епархиальные монастыри Русской Православной Церкви"",""founded"":""""}}"
"{""name"":""Абалацко-Знаменский  Петро-Павловский женский монастырь  Усть-Каменогорской и Семипалатинской епархии"",""lat"":""50.39424479462"",""long"":""80.225857330688"",""img"":""\/upload\/iblock\/9fb\/monastir_1.jpg"",""distance"":2785,""url"":""\/monastyri\/monastery\/abalatsko-znamenskiy-petro-pavlovskiy-zhenskiy-monastyr-ust-kamenogorskoy-i-semipalatinskoy-eparkhii\/"",""props"":{""eparhia"":null,""mitropolia"":null,""boss"":null,""type"":""Монастыри Митрополичьего округа Русской Православной Церкви в республике Казахстан"",""founded"":""1997""}}"
"{""name"":""Авраамиев Богоявленский женский монастырь"",""lat"":""57.196155699121"",""long"":""39.451153079407"",""img"":""\/upload\/iblock\/dcb\/2.jpg"",""distance"":189,""url"":""\/monastyri\/monastery\/avraamiev-bogoyavlenskiy-zhenskiy-monastyr\/"",""props"":{""eparhia"":null,""mitropolia"":null,""boss"":null,""type"":""Епархиальные монастыри Русской Православной Церкви"",""founded"":""""}}"
"{""name"":""Актайский скит Свято-Николаевского монастыря"",""lat"":""58.866458602009"",""long"":""60.671204076601"",""img"":""\/upload\/iblock\/06e\/016.jpg"",""distance"":1358,""url"":""\/monastyri\/monastery\/aktayskiy-skit-svyato-nikolaevskogo-monastyrya\/"",""props"":{""eparhia"":null,""mitropolia"":null,""boss"":null,""type"":""скит епархиального монастыря"",""founded"":""""}}"
"{""name"":""Аланский Богоявленский женский монастырь"",""lat"":""43.046735342968"",""long"":""44.22816079953"",""img"":""\/upload\/iblock\/c72\/c7235b6fa8cca6c3fb10c713eeb01750\/58.JPG"",""distance"":1441,""url"":""\/monastyri\/monastery\/alanskiy-bogoyavlenskiy-zhenskiy-monastyr\/"",""props"":{""eparhia"":null,""mitropolia"":null,""boss"":null,""type"":""Епархиальные монастыри Русской Православной Церкви"",""founded"":""2002""}}"
"{""name"":""Аланский Успенский мужской монастырь"",""lat"":""42.821846088356"",""long"":""44.274936103074"",""img"":""\/upload\/iblock\/5d1\/5d10f511866b2219edc1215451543900\/a.jpg"",""distance"":1466,""url"":""\/monastyri\/monastery\/alanskiy-uspenskiy-muzhskoy-monastyr\/"",""props"":{""eparhia"":null,""mitropolia"":null,""boss"":null,""type"":""Епархиальные монастыри Русской Православной Церкви"",""founded"":""2000""}}"
"{""name"":""Мужской монастырь во имя Новомучеников и исповедников Церкви Русской г. Алапаевск  "",""lat"":""57.950439294477"",""long"":""61.704834187125"",""img"":""\/upload\/iblock\/6af\/1.jpg"",""distance"":1411,""url"":""\/monastyri\/monastery\/muzhskoy-monastyr-vo-imya-novomuchenikov-i-ispovednikov-tserkvi-russkoy-g-alapaevsk-\/"",""props"":{""eparhia"":null,""mitropolia"":null,""boss"":null,""type"":""Епархиальные монастыри Русской Православной Церкви"",""founded"":""1995""}}"
"{""name"":""Алатырский Киево-Николаевский Новодевичий монастырь"",""lat"":""54.849697651902"",""long"":""46.601068424235"",""img"":""\/upload\/iblock\/cd0\/cd002e65d5563b7633814c3782c3f512\/777.jpg"",""distance"":496,""url"":""\/monastyri\/monastery\/alatyrskiy-kievo-nikolaevskiy-novodevichiy-monastyr\/"",""props"":{""eparhia"":null,""mitropolia"":null,""boss"":null,""type"":""Епархиальные монастыри Русской Православной Церкви"",""founded"":""1639""}}"
"{""name"":""Алатырский Троицкий мужской монастырь"",""lat"":""54.854775987938"",""long"":""46.594585855615"",""img"":""\/upload\/iblock\/60c\/60c6dcafd34fb86a4ef07f59f56d08ad\/og.jpg"",""distance"":496,""url"":""\/monastyri\/monastery\/alatyrskiy-troitskiy-muzhskoy-monastyr\/"",""props"":{""eparhia"":null,""mitropolia"":null,""boss"":null,""type"":""Епархиальные монастыри Русской Православной Церкви"",""founded"":""1552""}}"
"{""name"":""Алейский Свято-Димитриевский мужской монастырь"",""lat"":""52.484151671737"",""long"":""82.801828635582"",""img"":""\/upload\/iblock\/187\/1870bd0dad8d1788d3b527e4d325debd\/dimitr_monast.jpg"",""distance"":2842,""url"":""\/monastyri\/monastery\/aleyskiy-svyato-dimitrievskiy-muzhskoy-monastyr\/"",""props"":{""eparhia"":null,""mitropolia"":null,""boss"":null,""type"":""Епархиальные монастыри Русской Православной Церкви"",""founded"":""1994""}}"
"{""name"":""Александро-Невский женский монастырь с. Маклаково"",""lat"":""56.888703137467"",""long"":""37.578053577349"",""img"":""\/upload\/iblock\/552\/552ac6b19901b5b92accf8fe98f7191f\/1.jpg"",""distance"":171,""url"":""\/monastyri\/monastery\/aleksandro-nevskiy-zhenskiy-monastyr-s-maklakovo\/"",""props"":{""eparhia"":null,""mitropolia"":null,""boss"":null,""type"":""Епархиальные монастыри Русской Православной Церкви"",""founded"":""1895""}}"
"{""name"":""Свято-Троицкий Александро-Невский ставропигиальный женский монастырь"",""lat"":""56.108909087866"",""long"":""36.586687099774"",""img"":""\/upload\/iblock\/da2\/y56xmahcjxtarovhzkuwaxszhr7wd05p\/monasterium_24_03_11.jpg"",""distance"":157,""url"":""\/monastyri\/monastery\/svyato-troitskiy-aleksandro-nevskiy-stavropigialnyy-zhenskiy-monastyr\/"",""props"":{""eparhia"":null,""mitropolia"":null,""boss"":null,""type"":""Ставропигиальные монастыри Русской Православной Церкви"",""founded"":""1899""}}"
"{""name"":""Александро-Невский монастырь в с.Кюрегаси Моргаушского района"",""lat"":""56.093347"",""long"":""46.806457"",""img"":""\/upload\/iblock\/99b\/99b5ef4cf2eae5e757650c90ba15d960\/monastur.jpg"",""distance"":500,""url"":""\/monastyri\/monastery\/aleksandro-nevskiy-monastyr-v-s-kyuregasi-morgaushskogo-rayona\/"",""props"":{""eparhia"":null,""mitropolia"":null,""boss"":null,""type"":""Епархиальные монастыри Русской Православной Церкви"",""founded"":""1903""}}"
"{""name"":""Александро-Невский мужской монстырь в деревне Кимляй"",""lat"":""54.13562"",""long"":""43.775113"",""img"":""\/upload\/iblock\/3b9\/3b97a24c8e48ab8f8cee3defd67bb044\/IMG_8088.jpg"",""distance"":350,""url"":""\/monastyri\/monastery\/aleksandro-nevskiy-muzhskoy-monstyr-v-derevne-kimlyay\/"",""props"":{""eparhia"":null,""mitropolia"":null,""boss"":null,""type"":""Епархиальные монастыри Русской Православной Церкви"",""founded"":""""}}"
"{""name"":""Александро-Невский Ново-Тихвинский женский монастырь города Екатеринбурга "",""lat"":""56.822779408162"",""long"":""60.598488838623"",""img"":""\/upload\/iblock\/509\/novo_tikhvinskiy_zhenskiy_monastyr_ekaterinburg_39.jpg"",""distance"":1347,""url"":""\/monastyri\/monastery\/aleksandro-nevskiy-novo-tikhvinskiy-zhenskiy-monastyr-g-ekaterinburga-\/"",""props"":{""eparhia"":null,""mitropolia"":null,""boss"":null,""type"":""Епархиальные монастыри Русской Православной Церкви"",""founded"":""1809""}}"
"{""name"":""Свято-Александро-Невский ставропигиальный женский монастырь Киевской епархии"",""lat"":""51.272128064809"",""long"":""24.12268308278"",""img"":""\/upload\/iblock\/6f6\/o3sq84r6b2vzrt7qta16m8xrefiukgqn\/00.jpg"",""distance"":1084,""url"":""\/monastyri\/monastery\/svyato-aleksandro-nevskiy-stavropigialnyy-zhenskiy-monastyr-kievskoy-eparkhii\/"",""props"":{""eparhia"":null,""mitropolia"":null,""boss"":null,""type"":""Монастыри УПЦ МП"",""founded"":""2012""}}"
"{""name"":""Александро-Ошевенский мужской монастырь"",""lat"":""61.858539553007"",""long"":""38.781148231507"",""img"":""\/upload\/iblock\/fd9\/fd9e54f0505d316669668b3db7501ac5\/oXWi6qwNwWw.jpg"",""distance"":704,""url"":""\/monastyri\/monastery\/aleksandro-oshevenskiy-muzhskoy-monastyr\/"",""props"":{""eparhia"":null,""mitropolia"":null,""boss"":null,""type"":""Епархиальные монастыри Русской Православной Церкви"",""founded"":""""}}"
"{""name"":""Свято-Александровский  мужской монастырь города Суздаля "",""lat"":""56.427049468359"",""long"":""40.440736708668"",""img"":""\/upload\/iblock\/86c\/86c0527bf8010da3e332458deeb8e255\/vv.jpg"",""distance"":140,""url"":""\/monastyri\/monastery\/svyato-aleksandrovskiy-muzhskoy-monastyr-goroda-suzdalya-\/"",""props"":{""eparhia"":null,""mitropolia"":null,""boss"":null,""type"":""Епархиальные монастыри Русской Православной Церкви"",""founded"":""1240""}}"
"{""name"":""Алексеево-Акатов женский монастырь г. Воронежа "",""lat"":""51.674741509916"",""long"":""39.222568957672"",""img"":""\/upload\/iblock\/657\/65711e0fa0a052bf1df9d4b71f5e54fa\/001.jpg"",""distance"":430,""url"":""\/monastyri\/monastery\/alekseevo-akatov-zhenskiy-monastyr-g-voronezha-\/"",""props"":{""eparhia"":null,""mitropolia"":null,""boss"":null,""type"":""Епархиальные монастыри Русской Православной Церкви"",""founded"":""1620""}}"
"{""name"":""Алексеевский женский монастырь в Угличе "",""lat"":""57.526590938707"",""long"":""38.330572982803"",""img"":""\/upload\/iblock\/afb\/afbed8f0804e498d7914bb5780e7926d\/11.jpeg"",""distance"":225,""url"":""\/monastyri\/monastery\/alekseevskiy-zhenskiy-monastyr-v-ugliche-\/"",""props"":{""eparhia"":null,""mitropolia"":null,""boss"":null,""type"":""Епархиальные монастыри Русской Православной Церкви"",""founded"":""1371""}}"
"{""name"":""Алексеевский ставропигиальный женский монастырь"",""lat"":""55.784009912285"",""long"":""37.667146766026"",""img"":""\/upload\/iblock\/9f6\/monasterium.ru_00.png"",""distance"":81,""url"":""\/monastyri\/monastery\/alekseevskiy-stavropigialnyy-zhenskiy-monastyr\/"",""props"":{""eparhia"":null,""mitropolia"":null,""boss"":null,""type"":""Ставропигиальные монастыри Русской Православной Церкви"",""founded"":""1358""}}"
"{""name"":""Свято-Анастасиевский ставропигиальный женский монастырь Киевской епархии"",""lat"":""50.265833534271"",""long"":""28.617286465607"",""img"":""\/upload\/iblock\/04e\/oz5co093c35s3n2r68m2z7qh2fst42jo\/05.jpg"",""distance"":902,""url"":""\/monastyri\/monastery\/svyato-anastasievskiy-stavropigialnyy-zhenskiy-monastyr-kievskoy-eparkhii\/"",""props"":{""eparhia"":null,""mitropolia"":null,""boss"":null,""type"":""Монастыри УПЦ МП"",""founded"":""1999""}}"
"{""name"":""Андреевский мужской монастырь в г. Мирный"",""lat"":""62.542391111701"",""long"":""113.98835489815"",""img"":""\/upload\/iblock\/066\/06685dc7cd41772ecee146f8966bf3ea\/IMG_4743_720x380.jpg"",""distance"":4115,""url"":""\/monastyri\/monastery\/andreevskiy-muzhskoy-monastyr-v-g-mirnyy\/"",""props"":{""eparhia"":null,""mitropolia"":null,""boss"":null,""type"":""Епархиальные монастыри Русской Православной Церкви"",""founded"":""2014""}}"
"{""name"":""Андреевский мужской монастырь с. Андреевка "",""lat"":""51.932888"",""long"":""56.6388"",""img"":""\/upload\/iblock\/238\/2384221c299698d3c6fd51a40ff2fce5\/1.jpg"",""distance"":1232,""url"":""\/monastyri\/monastery\/andreevskiy-muzhskoy-monastyr-s-andreevka-\/"",""props"":{""eparhia"":null,""mitropolia"":null,""boss"":null,""type"":""Епархиальные монастыри Русской Православной Церкви"",""founded"":""1996""}}"
"{""name"":""Свято-Андреевский мужской монастырь, с. Первозвановка "",""lat"":""48.340449764629"",""long"":""39.416718934358"",""img"":""\/upload\/iblock\/648\/qf864u2ttco0mje67bjprkq85gwoe5n5\/00-_1_.jpg"",""distance"":801,""url"":""\/monastyri\/monastery\/svyato-andreevskiy-muzhskoy-monastyr-s-pervozvanovka-rovenkovskoy-eparkhii\/"",""props"":{""eparhia"":null,""mitropolia"":null,""boss"":null,""type"":""Епархиальные монастыри Русской Православной Церкви"",""founded"":""1997""}}"
"{""name"":""Андреевский скит Александро-Невской лавры "",""lat"":""59.929898843147"",""long"":""30.714869003373"",""img"":""\/upload\/iblock\/6b3\/1.jpg"",""distance"":688,""url"":""\/monastyri\/monastery\/skit-sv-ap-andreya-pervozvannogo\/"",""props"":{""eparhia"":null,""mitropolia"":null,""boss"":null,""type"":""скит епархиального монастыря"",""founded"":""1998""}}"
"{""name"":""Андреевский ставропигиальный мужской монастырь"",""lat"":""55.711939679732"",""long"":""37.575220311674"",""img"":""\/upload\/iblock\/ecf\/4tn7xhlvoay3rn4j701za7xp3jdui2nt\/HVM39151.JPG"",""distance"":85,""url"":""\/monastyri\/monastery\/andreevskiy-stavropigialnyy-muzhskoy-monastyr\/"",""props"":{""eparhia"":null,""mitropolia"":null,""boss"":null,""type"":""Ставропигиальные монастыри Русской Православной Церкви"",""founded"":""""}}"
"{""name"":""Антоние-Феодосиевский Потоцкий мужской монастырь Кременчугской епархии"",""lat"":""49.123469607077"",""long"":""33.603625820786"",""img"":""\/upload\/iblock\/4ae\/t53ccdi9h0sq5df3seo1or4scga8f9e1\/03.jpg"",""distance"":797,""url"":""\/monastyri\/monastery\/antonie-feodosievskiy-pototskiy-muzhskoy-monastyr-kremenchugskoy-eparkhii\/"",""props"":{""eparhia"":null,""mitropolia"":null,""boss"":null,""type"":""Монастыри УПЦ МП"",""founded"":""2003""}}"
"{""name"":""Антониево-Дымский мужской монастырь"",""lat"":""59.574383321721"",""long"":""33.682040226464"",""img"":""\/upload\/iblock\/249\/249812c69d9e520e0ca171e109ecb9a1\/1.jpg"",""distance"":546,""url"":""\/monastyri\/monastery\/antonievo-dymskiy-muzhskoy-monastyre\/"",""props"":{""eparhia"":null,""mitropolia"":null,""boss"":null,""type"":""Епархиальные монастыри Русской Православной Церкви"",""founded"":""1243""}}"
"{""name"":""Апостола и евангелиста Луки мужской монастырь в с. Лаки "",""lat"":""44.665452692771"",""long"":""33.95283312136"",""img"":""\/upload\/iblock\/26d\/26d82d875b44b1b57490c20dd37c0d60\/0.jpg"",""distance"":1258,""url"":""\/monastyri\/monastery\/apostola-i-evangelista-luki-muzhskoy-monastyr-v-s-laki-\/"",""props"":{""eparhia"":null,""mitropolia"":null,""boss"":null,""type"":""Епархиальные монастыри Русской Православной Церкви"",""founded"":""2009""}}"
"{""name"":""Женский монастырь в честь иконы Божией Матери «Нерушимая Стена» г. Апшеронска"",""lat"":""44.446165304238"",""long"":""39.764997652115"",""img"":""\/upload\/iblock\/90d\/90d8bd485734975d6f6282c30dcbb30d\/35427538165_bb378d30b4_b.jpg"",""distance"":1235,""url"":""\/monastyri\/monastery\/zhenskiy-monastyr-v-chest-ikony-bozhiey-materi-nerushimaya-stena-g-apsheronska\/"",""props"":{""eparhia"":null,""mitropolia"":null,""boss"":null,""type"":""Епархиальные монастыри Русской Православной Церкви"",""founded"":""2002""}}"
"{""name"":""Арзамасский Спасо-Преображенский мужской монастырь"",""lat"":""55.38443214351"",""long"":""43.818230175089"",""img"":""\/upload\/iblock\/9ed\/monast-1.jpg"",""distance"":313,""url"":""\/monastyri\/monastery\/arzamasskiy-spaso-preobrazhenskiy-muzhskoy-monastyr\/"",""props"":{""eparhia"":null,""mitropolia"":null,""boss"":null,""type"":""Епархиальные монастыри Русской Православной Церкви"",""founded"":""1555""}}"
"{""name"":""Арзамасское подворье Серафимо-Дивеевского монастыря"",""lat"":""55.383025566452"",""long"":""43.823915722177"",""img"":""\/upload\/iblock\/02e\/pict2388.jpg"",""distance"":313,""url"":""\/monastyri\/monastery\/arzamasskoe-podvore-svyato-troitskogo-serafimo-diveevskogo-monastyrya\/"",""props"":{""eparhia"":null,""mitropolia"":null,""boss"":null,""type"":""подворье епархиального монастыря"",""founded"":""""}}"
"{""name"":""Свято-Артемиев Веркольский мужской монастырь"",""lat"":""63.796969315744"",""long"":""45.160739835346"",""img"":""\/upload\/iblock\/89d\/artemiev.jpg"",""distance"":984,""url"":""\/monastyri\/monastery\/svyato-artemiev-verkolskiy-muzhskoy-monastyr\/"",""props"":{""eparhia"":null,""mitropolia"":null,""boss"":null,""type"":""Епархиальные монастыри Русской Православной Церкви"",""founded"":""1630""}}"
"{""name"":""Архангело-Михайловский женский монастырь Харьковской епархии"",""lat"":""48.899729151995"",""long"":""36.310196120867"",""img"":""\/upload\/iblock\/f76\/3dmjg7fhodqngc9dv612vhtcr2fgtqd5\/2.jpeg"",""distance"":758,""url"":""\/monastyri\/monastery\/arkhangelo-mikhaylovskiy-zhenskiy-monastyr-kharkovskoy-eparkhii\/"",""props"":{""eparhia"":null,""mitropolia"":null,""boss"":null,""type"":""Монастыри УПЦ МП"",""founded"":""""}}"
"{""name"":""Свято-Архангело-Михайловский Зверинецкий мужской монастырь Киевской епархии"",""lat"":""50.421191"",""long"":""30.556042"",""img"":""\/upload\/iblock\/0e0\/pjea5su3w98znkj3k42wg3nj1igf679b\/0.jpg"",""distance"":795,""url"":""\/monastyri\/monastery\/svyato-arkhangelo-mikhaylovskiy-zverinetskiy-muzhskoy-monastyr-kievskoy-eparkhii\/"",""props"":{""eparhia"":null,""mitropolia"":null,""boss"":null,""type"":""Монастыри УПЦ МП"",""founded"":""""}}"
"{""name"":""Архангело-Михайловский мужской монастырь, с. Грушево Хустской епархии"",""lat"":""48.004939650906"",""long"":""23.769416858536"",""img"":""\/upload\/iblock\/aab\/b9lxn5hviqn3j0j09sgrbsovgu09socm\/2.jpg"",""distance"":1330,""url"":""\/monastyri\/monastery\/arkhangelo-mikhaylovskiy-muzhskoy-monastyr-s-grushevo-khustskoy-eparkhii\/"",""props"":{""eparhia"":null,""mitropolia"":null,""boss"":null,""type"":""Монастыри УПЦ МП"",""founded"":""""}}"
"{""name"":""Свято-Архангело-Михайловский Одесский женский монастырь Одесской епархии"",""lat"":""46.475064075439"",""long"":""30.75143935631"",""img"":""\/upload\/iblock\/8e7\/pjem1i1w4br8863c93dq8l0qa8lii362\/svyato_arhangelo_mihajlivskij_zhinochij_monastir_1024x577.jpg"",""distance"":1155,""url"":""\/monastyri\/monastery\/svyato-arkhangelo-mikhaylovskiy-odesskiy-zhenskiy-monastyr\/"",""props"":{""eparhia"":null,""mitropolia"":null,""boss"":null,""type"":""Монастыри УПЦ МП"",""founded"":""1835""}}"
"{""name"":""Архангельское подворье Артемиево-Веркольского мужского монастыря"",""lat"":""64.507466479033"",""long"":""40.66430498941"",""img"":""\/upload\/iblock\/290\/29019c1c0f868d7fa3fb27bb7e6f7917\/1.jpg"",""distance"":1003,""url"":""\/monastyri\/monastery\/arkhangelskoe-podvore-artemievo-verkolskogo-muzhskogo-monastyrya\/"",""props"":{""eparhia"":null,""mitropolia"":null,""boss"":null,""type"":""подворье епархиального монастыря"",""founded"":""2001""}}"
"{""name"":""Архитектурный ансамбль приходских церквей - летняя Петропавловская и зимняя в честь святителя Николая Чудотворца"",""lat"":""56.427885187399"",""long"":""40.436131165359"",""img"":""\/upload\/iblock\/ac6\/ac6d95c44666b967838f30decbae83fc\/ll.jpg"",""distance"":140,""url"":""\/monastyri\/monastery\/arkhitekturnyy-ansambl-prikhodskikh-tserkvey-letnyaya-petropavlovskaya-i-zimnyaya-v-chest-svyatitelya\/"",""props"":{""eparhia"":null,""mitropolia"":null,""boss"":null,""type"":""приписной храм епархиального монастыря"",""founded"":""""}}"
"{""name"":""Астраханский Иоанно-Предтеченский монастырь"",""lat"":""46.348976179279"",""long"":""48.058384304893"",""img"":""\/upload\/iblock\/a4a\/a4af1b4bbd5d0f511e4d4c5e30979673\/PANORAMA-letom.JPG"",""distance"":1205,""url"":""\/monastyri\/monastery\/astrakhanskiy-ioanno-predtechenskiy-monastyr\/"",""props"":{""eparhia"":null,""mitropolia"":null,""boss"":null,""type"":""Епархиальные монастыри Русской Православной Церкви"",""founded"":""1688""}}"
"{""name"":""Ахтырский Свято-Троицкий мужской монастырь Сумской епархии"",""lat"":""50.312178909363"",""long"":""34.834345035374"",""img"":""\/upload\/iblock\/7c4\/u50e17rgt7ujgvyyc3gd6b5wch9lh4ex\/00.jpg"",""distance"":641,""url"":""\/monastyri\/monastery\/akhtyrskiy-svyato-troitskiy-muzhskoy-monastyr-sumskoy-eparkhii\/"",""props"":{""eparhia"":null,""mitropolia"":null,""boss"":null,""type"":""Монастыри УПЦ МП"",""founded"":""1654""}}"
"{""name"":""Ачаирский женский монастырь Честного Креста Господня"",""lat"":""54.665998537071"",""long"":""73.809579899557"",""img"":""\/upload\/iblock\/6ac\/6ac90a332714e5dcf637f4beaf909540\/1.jpg"",""distance"":2202,""url"":""\/monastyri\/monastery\/achairskiy-zhenskiy-monastyr-chestnogo-kresta-gospodnya\/"",""props"":{""eparhia"":null,""mitropolia"":null,""boss"":null,""type"":""Епархиальные монастыри Русской Православной Церкви"",""founded"":""1902""}}"
"{""name"":""Балашовский Покровский женский монастырь"",""lat"":""51.537183685293"",""long"":""43.158942542861"",""img"":""\/upload\/iblock\/86f\/86f96e526ebac2d59d19cf9a8276c931\/IMGM4933.jpg"",""distance"":527,""url"":""\/monastyri\/monastery\/balashovskiy-pokrovskiy-zhenskiy-monastyr\/"",""props"":{""eparhia"":null,""mitropolia"":null,""boss"":null,""type"":""Епархиальные монастыри Русской Православной Церкви"",""founded"":""1862""}}"
"{""name"":""Барнаульский Знаменский женский монастырь"",""lat"":""53.327464165886"",""long"":""83.796664810224"",""img"":""\/upload\/iblock\/d76\/d76d69552704f6ca51ffc31cb0bf4a26\/1.jpg"",""distance"":2865,""url"":""\/monastyri\/monastery\/barnaulskiy-znamenskiy-zhenskiy-monastyr\/"",""props"":{""eparhia"":null,""mitropolia"":null,""boss"":null,""type"":""Епархиальные монастыри Русской Православной Церкви"",""founded"":""1994""}}"
"{""name"":""Белевский Рождество-Богородичный женский  монастырь Ровенской епархии"",""lat"":""50.683822"",""long"":""26.027108"",""img"":""\/upload\/iblock\/2f6\/rwuyvyjmzw8bx85ecjvvw8d05rlu22y7\/00.jpg"",""distance"":1011,""url"":""\/monastyri\/monastery\/belevskiy-rozhdestvo-bogorodichnyy-zhenskiy-monastyr-rovenskoy-eparkhii\/"",""props"":{""eparhia"":null,""mitropolia"":null,""boss"":null,""type"":""Монастыри УПЦ МП"",""founded"":""1928""}}"
"{""name"":""Белевский Спасо-Преображенский Крестовоздвиженский мужской монастырь"",""lat"":""53.806624"",""long"":""36.142482"",""img"":""\/upload\/iblock\/30a\/30af4a407875434985521350ecf595d9\/1.jpg"",""distance"":261,""url"":""\/monastyri\/monastery\/belevskiy-spaso-preobrazhenskiy-krestovozdvizhenskiy-muzhskoy-monastyr\/"",""props"":{""eparhia"":null,""mitropolia"":null,""boss"":null,""type"":""Епархиальные монастыри Русской Православной Церкви"",""founded"":""15""}}"
"{""name"":""Бело-Бережская Иоанно-Предтеченская мужская пустынь"",""lat"":""53.236207736455"",""long"":""34.575223060569"",""img"":""\/upload\/iblock\/776\/776af5d10ba7dd427813844b9dab55b7\/CISB62iTFj0.jpg"",""distance"":378,""url"":""\/monastyri\/monastery\/belo-berezhskaya-ioanno-predtechenskaya-muzhskaya-pustyn\/"",""props"":{""eparhia"":null,""mitropolia"":null,""boss"":null,""type"":""Епархиальные монастыри Русской Православной Церкви"",""founded"":""1721""}}"
"{""name"":""Белогорский Свято-Николаевский миссионерский мужской монастырь "",""lat"":""57.392161723842"",""long"":""56.230201669311"",""img"":""\/upload\/iblock\/ede\/ede6852d350b44aca5afeb1b7acea640\/2.jpg"",""distance"":1083,""url"":""\/monastyri\/monastery\/belogorskiy-svyato-nikolaevskiy-missionerskiy-muzhskoy-monastyr-\/"",""props"":{""eparhia"":null,""mitropolia"":null,""boss"":null,""type"":""Епархиальные монастыри Русской Православной Церкви"",""founded"":""1891""}}"
"{""name"":""Белогорское подворье Троицкого мужского монастыря с. Троицкое"",""lat"":""50.9156009973"",""long"":""128.51588614418"",""img"":""\/upload\/iblock\/6fa\/6faa0a78272ecf35258eed7acad4a438\/KHram_ikony_Bozhiey_Materi_Skoroposlushnitsa_g._Belogorska.jpg"",""distance"":5565,""url"":""\/monastyri\/monastery\/belogorskoe-podvore-troitskogo-muzhskogo-monastyrya-s-troitskoe\/"",""props"":{""eparhia"":null,""mitropolia"":null,""boss"":null,""type"":""подворье епархиального монастыря"",""founded"":""2013""}}"
"{""name"":""Белопольский в честь Боголюбской иконы Божией Матери мужской монастырь  Сумской епархии"",""lat"":""51.164170742344"",""long"":""34.315013065416"",""img"":""\/upload\/iblock\/40e\/cyplmrz6cn9l3oq24vgzkm63gx4j4gdh\/24611_806_ht8o10.jpg"",""distance"":572,""url"":""\/monastyri\/monastery\/belopolskiy-v-chest-bogolyubskoy-ikony-bozhiey-materi-muzhskoy-monastyr-sumskoy-eparkhii\/"",""props"":{""eparhia"":null,""mitropolia"":null,""boss"":null,""type"":""Монастыри УПЦ МП"",""founded"":""1992""}}"
"{""name"":""Березвечский женский монастырь в честь Архистратига Божия Михаила в г. Глубокое Полоцкой епархии"",""lat"":""55.158467997724"",""long"":""27.682293415344"",""img"":""\/upload\/iblock\/0d9\/0d958e9d55d7c11c021ac5e3991f1bcd\/11.jpg"",""distance"":709,""url"":""\/monastyri\/monastery\/berezvechskiy-zhenskiy-monastyr-v-chest-arkhistratiga-bozhiya-mikhaila-v-g-glubokoe-polotskoy-eparkh\/"",""props"":{""eparhia"":null,""mitropolia"":null,""boss"":null,""type"":""Монастыри Белорусской Православной Церкви"",""founded"":""1643""}}"
"{""name"":""Святых бессребреников Космы и Дамиана мужской монастырь  "",""lat"":""44.664824015578"",""long"":""34.270151436982"",""img"":""\/upload\/iblock\/05c\/05cb354ba808d08233472d91207c45a9\/1.jpg"",""distance"":1252,""url"":""\/monastyri\/monastery\/svyatykh-bessrebrenikov-kosmy-i-damiana-muzhskoy-monastyr-\/"",""props"":{""eparhia"":null,""mitropolia"":null,""boss"":null,""type"":""Епархиальные монастыри Русской Православной Церкви"",""founded"":""1856""}}"
"{""name"":""Бизюковский Григориевский мужской монастырь Новокаховской епархии "",""lat"":""46.956030984195"",""long"":""33.604066439777"",""img"":""\/upload\/iblock\/367\/lvnmgxjt711kk2ze4e0zntl5899t5r70\/Bizjukov_2.jpg"",""distance"":1021,""url"":""\/monastyri\/monastery\/bizyukovskiy-grigorievskiy-muzhskoy-monastyr-novokakhovskoy-eparkhii-\/"",""props"":{""eparhia"":null,""mitropolia"":null,""boss"":null,""type"":""Монастыри УПЦ МП"",""founded"":""1782""}}"
"{""name"":""Биробиджанский женский монастырь  во имя святителя Иннокентия, митрополита Московского в селе Раздольное"",""lat"":""48.848563791199"",""long"":""132.83740923743"",""img"":""\/upload\/iblock\/b03\/b03273a88ee769808c1f6cf8b6a3ae66\/monastyr_razdolnoe.jpg"",""distance"":5948,""url"":""\/monastyri\/monastery\/birobidzhanskiy-zhenskiy-monastyr-vo-imya-svyatitelya-innokentiya-mitropolita-moskovskogo-v-sele-raz\/"",""props"":{""eparhia"":null,""mitropolia"":null,""boss"":null,""type"":""Епархиальные монастыри Русской Православной Церкви"",""founded"":""2007""}}"
"{""name"":""Благовещенский Борисоглебский женский монастырь поселка Краснояр"",""lat"":""56.583495994507"",""long"":""59.865629641494"",""img"":""\/upload\/iblock\/7af\/thhs78wjzp8wmywrq2upvpvh73mrxaox\/GL203gLf48E.jpg"",""distance"":1304,""url"":""\/monastyri\/monastery\/blagoveshchenskiy-borisoglebskiy-zhenskiy-monastyr-poselka-krasnoyar\/"",""props"":{""eparhia"":null,""mitropolia"":null,""boss"":null,""type"":""Епархиальные монастыри Русской Православной Церкви"",""founded"":""2005""}}"
"{""name"":""Благовещенский женский монастырь  г.Бежецка"",""lat"":""57.779849019719"",""long"":""36.700084559524"",""img"":""\/upload\/iblock\/207\/207f1e574ce3c8af20028a3ed963cf29\/krestovozdvm1a.jpg"",""distance"":284,""url"":""\/monastyri\/monastery\/blagoveshchenskiy-zhenskiy-monastyr-g-bezhetska\/"",""props"":{""eparhia"":null,""mitropolia"":null,""boss"":null,""type"":""Епархиальные монастыри Русской Православной Церкви"",""founded"":""1879""}}"
"{""name"":""Свято-Благовещенский женский монастырь в г. Вязники"",""lat"":""56.248344953482"",""long"":""42.145685095102"",""img"":""\/upload\/iblock\/928\/9287f34d6df8e4646de07458b8cdd521\/1.jpg"",""distance"":219,""url"":""\/monastyri\/monastery\/svyato-blagoveshchenskiy-zhenskiy-monastyr-v-g-vyazniki\/"",""props"":{""eparhia"":null,""mitropolia"":null,""boss"":null,""type"":""Епархиальные монастыри Русской Православной Церкви"",""founded"":""1641""}}"
"{""name"":""Свято-Благовещенский женский монастырь г. Киржача "",""lat"":""56.161830910584"",""long"":""38.870014940475"",""img"":""\/upload\/iblock\/506\/5067891c8549c41051f0cbb579cbbee4\/yuyu.jpg"",""distance"":71,""url"":""\/monastyri\/monastery\/svyato-blagoveshchenskiy-zhenskiy-monastyr-g-kirzhacha-\/"",""props"":{""eparhia"":null,""mitropolia"":null,""boss"":null,""type"":""Епархиальные монастыри Русской Православной Церкви"",""founded"":""1358""}}"
"{""name"":""Благовещенский женский монастырь г. Красноярска"",""lat"":""56.014188538979"",""long"":""92.886221126984"",""img"":""\/upload\/iblock\/683\/i.jpg"",""distance"":3292,""url"":""\/monastyri\/monastery\/blagoveshchenskiy-zhenskiy-monastyr-g-krasnoyarska\/"",""props"":{""eparhia"":null,""mitropolia"":null,""boss"":null,""type"":""Епархиальные монастыри Русской Православной Церкви"",""founded"":""1995""}}"
"{""name"":""Благовещенский женский монастырь г. Стерлитамака"",""lat"":""53.607351176742"",""long"":""55.929928350954"",""img"":""\/upload\/iblock\/034\/034f9e9879e3fccf0203ece5411f15c1\/moi_foto_za_2010_god._110.jpg"",""distance"":1118,""url"":""\/monastyri\/monastery\/blagoveshchenskiy-zhenskiy-monastyr-g-sterlitamaka\/"",""props"":{""eparhia"":null,""mitropolia"":null,""boss"":null,""type"":""Епархиальные монастыри Русской Православной Церкви"",""founded"":""1826""}}"
"{""name"":""Благовещенский женский монастырь с. Ожога"",""lat"":""52.037442288926"",""long"":""38.094392588955"",""img"":""\/upload\/iblock\/b5b\/014.jpg"",""distance"":392,""url"":""\/monastyri\/monastery\/blagoveshchenskiy-zhenskiy-monastyr-s-ozhoga\/"",""props"":{""eparhia"":null,""mitropolia"":null,""boss"":null,""type"":""Епархиальные монастыри Русской Православной Церкви"",""founded"":""2005""}}"
"{""name"":""Благовещенский женский монастырь села Сновицы  "",""lat"":""56.17686"",""long"":""40.37314"",""img"":""\/upload\/iblock\/f89\/2.jpg"",""distance"":118,""url"":""\/monastyri\/monastery\/blagoveshchenskiy-zhenskiy-monastyr-sela-snovitsy-\/"",""props"":{""eparhia"":null,""mitropolia"":null,""boss"":null,""type"":""Епархиальные монастыри Русской Православной Церкви"",""founded"":""2020""}}"
"{""name"":""Благовещенский женский монастырь Херсонской епархии"",""lat"":""46.638755565369"",""long"":""32.458503724986"",""img"":""\/upload\/iblock\/b15\/rz14i5s0edhmfmfia9z25wkij28uwwxd\/22.jpeg"",""distance"":1085,""url"":""\/monastyri\/monastery\/blagoveshchenskiy-zhenskiy-monastyr-khersonskoy-eparkhii\/"",""props"":{""eparhia"":null,""mitropolia"":null,""boss"":null,""type"":""Монастыри УПЦ МП"",""founded"":""1856""}}"
"{""name"":""Благовещенский Ионо-Яшезерский мужской монастырь"",""lat"":""61.322222"",""long"":""34.940053"",""img"":""\/upload\/iblock\/e73\/e736beafd68f169f194af163f11d69f8\/fot31_08.jpg"",""distance"":684,""url"":""\/monastyri\/monastery\/blagoveshchenskiy-iono-yashezerskiy-muzhskoy-monastyr\/"",""props"":{""eparhia"":null,""mitropolia"":null,""boss"":null,""type"":""Епархиальные монастыри Русской Православной Церкви"",""founded"":""1562""}}"
"{""name"":""Благовещенский мужской монастырь Киевской епархии"",""lat"":""50.370133913397"",""long"":""30.701842552692"",""img"":""\/upload\/iblock\/f72\/njdpp04ia5c9p3zgg9isqee1ud2pp60g\/00.jpg"",""distance"":793,""url"":""\/monastyri\/monastery\/blagoveshchenskiy-muzhskoy-monastyr-kievskoy-eparkhii\/"",""props"":{""eparhia"":null,""mitropolia"":null,""boss"":null,""type"":""Монастыри УПЦ МП"",""founded"":""2005""}}"
"{""name"":""Благовещенский мужской монастырь, г. Нежин Нежинской епархии"",""lat"":""51.048044212944"",""long"":""31.884692349703"",""img"":""\/upload\/iblock\/4ec\/rx9ucrge0dxpfw1mept0axe5zswf15sr\/00-_1_.jpg"",""distance"":681,""url"":""\/monastyri\/monastery\/blagoveshchenskiy-muzhskoy-monastyr-g-nezhin-nezhinskoy-eparkhii\/"",""props"":{""eparhia"":null,""mitropolia"":null,""boss"":null,""type"":""Монастыри УПЦ МП"",""founded"":""1999""}}"
"{""name"":""Благовещенский Нижегородский мужской монастырь"",""lat"":""56.323326500634"",""long"":""43.977619808874"",""img"":""\/upload\/iblock\/905\/905da48ac101c90edabcb019779c81c5\/1300777294.jpg"",""distance"":330,""url"":""\/monastyri\/monastery\/blagoveshchenskiy-muzhskoy-monastyr\/"",""props"":{""eparhia"":null,""mitropolia"":null,""boss"":null,""type"":""Епархиальные монастыри Русской Православной Церкви"",""founded"":""""}}"
"{""name"":""Свято-Благовещенский Никандровский мужской монастырь с. Любовец"",""lat"":""57.815907821734"",""long"":""29.285100997345"",""img"":""\/upload\/iblock\/3da\/3daa6442bbd15778022c6a7a3be0e3f4\/11.jpg"",""distance"":638,""url"":""\/monastyri\/monastery\/svyato-blagoveshchenskiy-nikandrovskiy-muzhskoy-monastyr-s-lyubovets\/"",""props"":{""eparhia"":null,""mitropolia"":null,""boss"":null,""type"":""Епархиальные монастыри Русской Православной Церкви"",""founded"":""1584""}}"
"{""name"":""Благовещенско-Казанское подворье Свято-Успенского женского монастыря, село Дунилово"",""lat"":""57.00218267627"",""long"":""41.416439171936"",""img"":""\/upload\/iblock\/c53\/c53c685fc04a55dfbe96cacce86d68a4\/Blagoveshchenskiy-KHram-m.jpg"",""distance"":227,""url"":""\/monastyri\/monastery\/blagoveshchensko-kazanskoe-podvore-svyato-uspenskogo-zhenskogo-monastyrya-selo-dunilovo\/"",""props"":{""eparhia"":null,""mitropolia"":null,""boss"":null,""type"":""подворье ставропигиального монастыря"",""founded"":""0""}}"
"{""name"":""Благовещенское подворье Троице-Сергиевой лавры"",""lat"":""56.323269428555"",""long"":""38.08176466397"",""img"":""\/upload\/iblock\/8a0\/monasterium.rui_03.jpg"",""distance"":101,""url"":""\/monastyri\/monastery\/blagoveshchenskoe-podvore\/"",""props"":{""eparhia"":null,""mitropolia"":null,""boss"":null,""type"":""подворье ставропигиального монастыря"",""founded"":""14""}}"
"{""name"":""Благовещенское подворье Троицкого мужского монастыря с. Троицкое  "",""lat"":""50.26661950622"",""long"":""127.53512776323"",""img"":""\/upload\/iblock\/a7b\/a7bd9ec04725841904bddfd7d8619348\/01_khram_Arkhangela_Gavriila_1.jpg"",""distance"":5563,""url"":""\/monastyri\/monastery\/blagoveshchenskoe-podvore-troitskogo-muzhskogo-monastyrya-s-troitskoe-\/"",""props"":{""eparhia"":null,""mitropolia"":null,""boss"":null,""type"":""подворье епархиального монастыря"",""founded"":""2013""}}"
"{""name"":""Ближняя пустынь Иоанно-Богословского Макаровского монастыря."",""lat"":""54.159738063822"",""long"":""45.256659248688"",""img"":""\/upload\/iblock\/6e4\/6e4715b1be6bc924eae9e02c4adaa234\/blizh.jpg"",""distance"":436,""url"":""\/monastyri\/monastery\/blizhnyaya-pustyn-ioanno-bogoslovskogo-makarovskogo-monastyrya\/"",""props"":{""eparhia"":null,""mitropolia"":null,""boss"":null,""type"":""скит епархиального монастыря"",""founded"":""2007""}}"
"{""name"":"" Свято-Боголюбский Алексиевский мужской монастырь г. Владимира"",""lat"":""56.159084820456"",""long"":""40.476960927612"",""img"":""\/upload\/iblock\/0dc\/0dcee2a5b130aec14fdb39c6fdd6a33f\/upload_87056830_4867_11e8_85da_735255e068dc.jpg"",""distance"":122,""url"":""\/monastyri\/monastery\/svyato-bogolyubskiy-aleksievskiy-muzhskoy-monastyr-g-vladimira\/"",""props"":{""eparhia"":null,""mitropolia"":null,""boss"":null,""type"":""Епархиальные монастыри Русской Православной Церкви"",""founded"":""1300""}}"
"{""name"":""Боголюбский женский монастырь в поселке Боголюбово"",""lat"":""56.1961434765"",""long"":""40.536094635582"",""img"":""\/upload\/iblock\/4e7\/4e7ef8c958a5590ebe98d04ec17324aa\/0111.jpg"",""distance"":128,""url"":""\/monastyri\/monastery\/bogolyubskiy-zhenskiy-monastyr-v-poselke-bogolyubovo\/"",""props"":{""eparhia"":null,""mitropolia"":null,""boss"":null,""type"":""Епархиальные монастыри Русской Православной Церкви"",""founded"":""1155""}}"
"{""name"":""Богородице-Алексиевский мужской монастырь г. Томска"",""lat"":""56.481723018327"",""long"":""84.954542457672"",""img"":""\/upload\/iblock\/c0c\/c0c8ee53af0ac105c9c9b9a5b3437b7a\/1.jpg"",""distance"":2813,""url"":""\/monastyri\/monastery\/bogoroditse-aleksievskom-muzhskom-monastyre-g-tomska\/"",""props"":{""eparhia"":null,""mitropolia"":null,""boss"":null,""type"":""Епархиальные монастыри Русской Православной Церкви"",""founded"":""1605""}}"
"{""name"":""Свято-Богородице-Казанский Жадовский мужской монастырь"",""lat"":""53.572161555068"",""long"":""46.901142106242"",""img"":""\/upload\/iblock\/363\/img_2509_.jpg"",""distance"":562,""url"":""\/monastyri\/monastery\/svyato-bogoroditse-kazanskiy-zhadovskiy-muzhskoy-monastyr\/"",""props"":{""eparhia"":null,""mitropolia"":null,""boss"":null,""type"":""Епархиальные монастыри Русской Православной Церкви"",""founded"":""1714""}}"
"{""name"":""Богородице-Казанский Коробейниковский мужской монастырь"",""lat"":""52.184194890458"",""long"":""83.704231224537"",""img"":""\/upload\/iblock\/006\/006016a0349a06b04c7c114a07293197\/8124939_9_s.jpg"",""distance"":2912,""url"":""\/monastyri\/monastery\/bogoroditse-kazanskiy-korobeynikovskiy-muzhskoy-monastyr\/"",""props"":{""eparhia"":null,""mitropolia"":null,""boss"":null,""type"":""Епархиальные монастыри Русской Православной Церкви"",""founded"":""1994""}}"
"{""name"":""Богородице-Рождественский  женский монастырь г. Караганды Карагандинской епархии"",""lat"":""49.805650735186"",""long"":""73.052563017197"",""img"":""\/upload\/iblock\/250\/michail.jpg"",""distance"":2365,""url"":""\/monastyri\/monastery\/bogoroditse-rozhdestvenskiy-zhenskiy-monastyr-g-karagandy-karagandinskoy-eparkhii\/"",""props"":{""eparhia"":null,""mitropolia"":null,""boss"":null,""type"":""Монастыри Митрополичьего округа Русской Православной Церкви в республике Казахстан"",""founded"":""1998""}}"
"{""name"":""Богородице-Рождественский Вэрзэрештский женский монастырь Унгенской и Ниспоренской епархии"",""lat"":""47.104645"",""long"":""28.20071"",""img"":""\/upload\/iblock\/bc2\/ovommb6jh5uw6hvp6w7bbtkzclhvygg2\/IMG_8492.jpg"",""distance"":1193,""url"":""\/monastyri\/monastery\/bogoroditse-rozhdestvenskiy-verzereshtskiy-zhenskiy-monastyr-ungenskoy-i-nisporenskoy-eparkhii\/"",""props"":{""eparhia"":null,""mitropolia"":null,""boss"":null,""type"":""Монастыри Православной Церкви Молдовы"",""founded"":""1420""}}"
"{""name"":""Богородице-Рождественский женский монастырь г. Тулы"",""lat"":""54.255966646417"",""long"":""37.616522657425"",""img"":""\/upload\/iblock\/721\/721f4476e53cdaa6f3b5ee4b2055d64d\/25.jpg"",""distance"":164,""url"":""\/monastyri\/monastery\/bogoroditserozhdestvenskiy-zhenskiy-monastyr-pos-gorelki-g-tuly\/"",""props"":{""eparhia"":null,""mitropolia"":null,""boss"":null,""type"":""Епархиальные монастыри Русской Православной Церкви"",""founded"":""2001""}}"
"{""name"":""Богородице-Рождественский Куркиевский мужской монастырь Кишиневской епархии"",""lat"":""47.335333"",""long"":""28.653503"",""img"":""\/upload\/iblock\/a85\/0.jpg"",""distance"":1152,""url"":""\/monastyri\/monastery\/bogoroditse-rozhdestvenskiy-kurkievskiy-muzhskoy-monastyr-kishinevskoy-eparkhii\/"",""props"":{""eparhia"":null,""mitropolia"":null,""boss"":null,""type"":""Монастыри Православной Церкви Молдовы"",""founded"":""1773""}}"
"{""name"":""Богородице-Рождественский мужской монастырь города Владимира "",""lat"":""56.131056725588"",""long"":""40.413815789688"",""img"":""\/upload\/iblock\/e23\/e230792d199a32f5441ae2b7a93915e0\/zpeObG_UMWs.jpg"",""distance"":117,""url"":""\/monastyri\/monastery\/bogoroditse-rozhdestvenskiy-muzhskoy-monastyr-goroda-vladimira-\/"",""props"":{""eparhia"":null,""mitropolia"":null,""boss"":null,""type"":""Епархиальные монастыри Русской Православной Церкви"",""founded"":""1191""}}"
"{""name"":""Богородице-Рождественский ставропигиальный женский монастырь"",""lat"":""55.765854251266"",""long"":""37.623707048442"",""img"":""\/upload\/iblock\/35d\/vyd3x3wwwxnh27w1lejg2lvo7okrmllg\/obl-_2_.jpg"",""distance"":83,""url"":""\/monastyri\/monastery\/bogoroditse-rozhdestvenskiy-stavropigialnyy-zhenskiy-monastyr\/"",""props"":{""eparhia"":null,""mitropolia"":null,""boss"":null,""type"":""Ставропигиальные монастыри Русской Православной Церкви"",""founded"":""1386""}}"
"{""name"":""Богородице-Рождественский Ферапонтов Белоезерский мужской монастырь"",""lat"":""59.956357581052"",""long"":""38.567534568123"",""img"":""\/upload\/iblock\/ebe\/ebe5749327eb3953a7d2fc6815d5a562\/f65bfcd653077e9201bd7a9d3d7476e5_L.jpg"",""distance"":493,""url"":""\/monastyri\/monastery\/bogoroditse-rozhdestvenskiy-ferapontov-beloezerskiy-muzhskoy-monastyr\/"",""props"":{""eparhia"":null,""mitropolia"":null,""boss"":null,""type"":""Епархиальные монастыри Русской Православной Церкви"",""founded"":""""}}"
"{""name"":""Богородице-Рождественское подворье Свято-Успенского Космина мужского монастыря в селе Большелучинское"",""lat"":""56.482117646578"",""long"":""39.299956503744"",""img"":""\/upload\/iblock\/7c6\/7c6b8f4d95c81a72d0f8c1ddef0ac682\/002_Bogoroditserozhd.-podv.-v-s.-Bolsheluchinskoe.jpg"",""distance"":109,""url"":""\/monastyri\/monastery\/bogoroditse-rozhdestvenskoe-podvore-svyato-uspenskogo-kosmina-muzhskogo-monastyrya-v-sele-bolsheluch\/"",""props"":{""eparhia"":null,""mitropolia"":null,""boss"":null,""type"":""подворье епархиального монастыря"",""founded"":""""}}"
"{""name"":""Богородице-Рождественское подворье Свято-Успенского Космина мужского монастыря в селе Федосьино"",""lat"":""56.555357856909"",""long"":""39.658951841278"",""img"":""\/upload\/iblock\/f02\/f0288a1ce3a6e80bf10fefda98b54479\/007_Bogoroditserozhd.-podv.-v-s.-Fedosino.jpg"",""distance"":124,""url"":""\/monastyri\/monastery\/bogoroditse-rozhdestvenskoe-podvore-svyato-uspenskogo-kosmina-muzhskogo-monastyrya-v-sele-fedosino\/"",""props"":{""eparhia"":null,""mitropolia"":null,""boss"":null,""type"":""подворье епархиального монастыря"",""founded"":""""}}"
"{""name"":""Богородице-Тихвинский женский монастырь поселка Приютово"",""lat"":""53.907468443494"",""long"":""53.936069226251"",""img"":""\/upload\/iblock\/75a\/75a403cb90b85177120c91493c2002a3\/1.jpg"",""distance"":982,""url"":""\/monastyri\/monastery\/bogoroditse-tikhvinskiy-zhenskiy-monastyr-poselka-priyutovo\/"",""props"":{""eparhia"":null,""mitropolia"":null,""boss"":null,""type"":""Епархиальные монастыри Русской Православной Церкви"",""founded"":""2004""}}"
"{""name"":""Богородице-Тихоновский (Тюнин) женский монастырь  г. Задонска  "",""lat"":""52.414819475688"",""long"":""38.926692308182"",""img"":""\/upload\/iblock\/42f\/1.jpg"",""distance"":347,""url"":""\/monastyri\/monastery\/bogoroditse-tikhonovskiy-tyunin-zhenskiy-monastyr-g-zadonska-\/"",""props"":{""eparhia"":null,""mitropolia"":null,""boss"":null,""type"":""Епархиальные монастыри Русской Православной Церкви"",""founded"":""""}}"
"{""name"":""Богородицерождественский Бобренев мужской монастырь"",""lat"":""55.118865448975"",""long"":""38.759957632263"",""img"":""\/upload\/iblock\/e92\/e92e9dc65db9c615d609da38ce90df2e\/6.jpg"",""distance"":47,""url"":""\/monastyri\/monastery\/bogoroditserozhdestvenskiy-bobrenev-muzhskoy-monastyr\/"",""props"":{""eparhia"":null,""mitropolia"":null,""boss"":null,""type"":""Епархиальные монастыри Русской Православной Церкви"",""founded"":""1381""}}"
"{""name"":""Богородицкий Горбаневский женский монастырь Полтавской епархии"",""lat"":""49.546071"",""long"":""34.479472"",""img"":""\/upload\/iblock\/6b9\/8z6mp8wha990z3gqwm3yxthmvk348fc5\/00-_1_.jpg"",""distance"":729,""url"":""\/monastyri\/monastery\/bogoroditskiy-gorbanevskiy-zhenskiy-monastyr-poltavskoy-eparkhii\/"",""props"":{""eparhia"":null,""mitropolia"":null,""boss"":null,""type"":""Монастыри УПЦ МП"",""founded"":""2018""}}"
"{""name"":""Богородицкий Житенный женский монастырь"",""lat"":""57.167337769491"",""long"":""33.093198949738"",""img"":""\/upload\/iblock\/ebf\/ebfab2eb44140a322c9bc60914200c3a\/1.jpg"",""distance"":400,""url"":""\/monastyri\/monastery\/bogoroditskiy-zhitennyy-zhenskiy-monastyr\/"",""props"":{""eparhia"":null,""mitropolia"":null,""boss"":null,""type"":""Епархиальные монастыри Русской Православной Церкви"",""founded"":""1716""}}"
"{""name"":""Богородицкий Пятогорский женский монастырь"",""lat"":""59.427363999499"",""long"":""29.669567203786"",""img"":""\/upload\/iblock\/aea\/spb_18_.jpg"",""distance"":700,""url"":""\/monastyri\/monastery\/bogoroditskiy-pyatogorskiy-zhenskiy-monastyr\/"",""props"":{""eparhia"":null,""mitropolia"":null,""boss"":null,""type"":""Епархиальные монастыри Русской Православной Церкви"",""founded"":""1860""}}"
"{""name"":""Богородицкий скит Благовещенского мужского монастыря в честь иконы «Неупиваемая чаша»"",""lat"":""56.266581223989"",""long"":""44.298856214249"",""img"":""\/upload\/iblock\/b63\/b633f32c400564233fbdc8a4632189d7\/photo_3.jpg"",""distance"":348,""url"":""\/monastyri\/monastery\/bogoroditskiy-skit-blagoveshchenskogo-muzhskogo-monastyrya-v-chest-ikony-neupivaemaya-chasha\/"",""props"":{""eparhia"":null,""mitropolia"":null,""boss"":null,""type"":""подворье ставропигиального монастыря"",""founded"":""""}}"
"{""name"":""Богородично-Рождественская девичья пустынь в селе Барятино"",""lat"":""54.844575120904"",""long"":""35.988877923296"",""img"":""\/upload\/iblock\/da4\/da4fca58baa1299297fe18a186edfa52\/index42.jpg"",""distance"":199,""url"":""\/monastyri\/monastery\/bogorodichno-rozhdestvenskaya-devichya-pustyn-v-sele-baryatino\/"",""props"":{""eparhia"":null,""mitropolia"":null,""boss"":null,""type"":""Епархиальные монастыри Русской Православной Церкви"",""founded"":""1995""}}"
"{""name"":""Богородично-Рождественский Ильинский женский монастырь"",""lat"":""57.160353813984"",""long"":""65.548430423279"",""img"":""\/upload\/iblock\/b91\/b91801582f7d9ddbf5be664bfeb6fdea\/48744520996_289b556088_z.jpg"",""distance"":1643,""url"":""\/monastyri\/monastery\/bogorodichno-rozhdestvenskiy-ilinskiy-zhenskiy-monastyr\/"",""props"":{""eparhia"":null,""mitropolia"":null,""boss"":null,""type"":""Епархиальные монастыри Русской Православной Церкви"",""founded"":""1620""}}"
"{""name"":""Богородичный Щегловский мужской монастырь города Тулы"",""lat"":""54.211885105417"",""long"":""37.67643"",""img"":""\/upload\/iblock\/af4\/2.jpg"",""distance"":166,""url"":""\/monastyri\/monastery\/bogorodichnyy-shcheglovskiy-muzhskoy-monastyr-goroda-tuly\/"",""props"":{""eparhia"":null,""mitropolia"":null,""boss"":null,""type"":""Епархиальные монастыри Русской Православной Церкви"",""founded"":""1859""}}"
"{""name"":""Богородское подворье Троице-Сергиевой лавры"",""lat"":""56.505836820036"",""long"":""38.183846341247"",""img"":""\/upload\/iblock\/a2a\/monasterium.ru_01.jpg"",""distance"":117,""url"":""\/monastyri\/monastery\/bogorodskoe-podvore\/"",""props"":{""eparhia"":null,""mitropolia"":null,""boss"":null,""type"":""подворье ставропигиального монастыря"",""founded"":""""}}"
"{""name"":""Богоявленская пустынь (Скит Патриарха Никона)"",""lat"":""55.924115424013"",""long"":""36.841860559823"",""img"":""\/upload\/iblock\/929\/9297dfbf51e4db903d72eec5cea1b9e4\/bogoyavl.jpg"",""distance"":135,""url"":""\/monastyri\/monastery\/bogoyavlenskaya-pustyn-skit-patriarkha-nikona\/"",""props"":{""eparhia"":null,""mitropolia"":null,""boss"":null,""type"":""скит ставропигиального монастыря"",""founded"":""1657""}}"
"{""name"":""Богоявленский женский монастырь города Углича "",""lat"":""57.522810910381"",""long"":""38.321135404091"",""img"":""\/upload\/iblock\/16c\/16cfb70bf6f7e8402a75110d1b70c156\/022-Bogoyavlenskiy-Sobor.JPG"",""distance"":225,""url"":""\/monastyri\/monastery\/bogoyavlenskiy-zhenskiy-monastyr-goroda-uglicha-\/"",""props"":{""eparhia"":null,""mitropolia"":null,""boss"":null,""type"":""Епархиальные монастыри Русской Православной Церкви"",""founded"":""1295""}}"
"{""name"":""Свято-Богоявленский женский монастырь с. Диковка Александрийской епархии"",""lat"":""48.773273"",""long"":""32.843725"",""img"":""\/upload\/iblock\/2d5\/v6uu4rttb4hly6sw04qcxwxv8bi0zijt\/00.jpg"",""distance"":856,""url"":""\/monastyri\/monastery\/svyato-bogoyavlenskiy-zhenskiy-monastyr-s-dikovka-aleksandriyskoy-eparkhii\/"",""props"":{""eparhia"":null,""mitropolia"":null,""boss"":null,""type"":""Монастыри УПЦ МП"",""founded"":""1996""}}"
"{""name"":""Богоявленский Кожеезерский монастырь"",""lat"":""63.180002155815"",""long"":""39.153082652843"",""img"":""\/upload\/iblock\/4aa\/4aa89561b038d82061f96db96f31eafa\/3.jpg"",""distance"":851,""url"":""\/monastyri\/monastery\/bogoyavlenskiy-kozheezerskiy-muzhskoy-monastyr\/"",""props"":{""eparhia"":null,""mitropolia"":null,""boss"":null,""type"":""Епархиальные монастыри Русской Православной Церкви"",""founded"":""1560""}}"
"{""name"":""Свято-Богоявленский Кременецкий женский монастырь Тернопольской епархии "",""lat"":""50.103408"",""long"":""25.728274"",""img"":""\/upload\/iblock\/0e9\/afydbk1xwsvge0qxydsy2f5b1j7q529x\/kremenets.jpg"",""distance"":1068,""url"":""\/monastyri\/monastery\/svyato-bogoyavlenskiy-kremenetskiy-zhenskiy-monastyr-ternopolskoy-eparkhii-\/"",""props"":{""eparhia"":null,""mitropolia"":null,""boss"":null,""type"":""Монастыри УПЦ МП"",""founded"":""1636""}}"
"{""name"":""Свято-Богоявленский мужской монастырь в поселке  Мстёра"",""lat"":""56.375164"",""long"":""41.939042"",""img"":""\/upload\/iblock\/420\/420491772b8f40f291b6ae2907cad980\/3333.JPG"",""distance"":213,""url"":""\/monastyri\/monastery\/svyato-bogoyavlenskiy-muzhskoy-monastyr-v-poselke-mstyera\/"",""props"":{""eparhia"":null,""mitropolia"":null,""boss"":null,""type"":""Епархиальные монастыри Русской Православной Церкви"",""founded"":""1687""}}"
"{""name"":""Богоявленский мужской монастырь г. Камень-на-Оби"",""lat"":""53.783129625899"",""long"":""81.349063998132"",""img"":""\/upload\/iblock\/697\/697f9f3887371f0187df87a69ccab474\/M7jxVKGkPG4.jpg"",""distance"":2697,""url"":""\/monastyri\/monastery\/bogoyavlenskiy-muzhskoy-monastyr-g-kamen-na-obi\/"",""props"":{""eparhia"":null,""mitropolia"":null,""boss"":null,""type"":""Епархиальные монастыри Русской Православной Церкви"",""founded"":""1902""}}"
"{""name"":""Богоявленский мужской монастырь г. Челябинска "",""lat"":""55.111323358651"",""long"":""61.425433218246"",""img"":""\/upload\/iblock\/817\/8173388e06a37d72281f4b475cab1198\/DSC02355_0.JPG"",""distance"":1422,""url"":""\/monastyri\/monastery\/bogoyavlenskiy-muzhskoy-monastyr-g-chelyabinska-\/"",""props"":{""eparhia"":null,""mitropolia"":null,""boss"":null,""type"":""Епархиальные монастыри Русской Православной Церкви"",""founded"":""2017""}}"
"{""name"":""Богоявленский Старо-Голутвин мужской монастырь"",""lat"":""55.079204494122"",""long"":""38.833044347885"",""img"":""\/upload\/iblock\/196\/1964ab354c00f6b77e3667e57d7afd65\/27.jpg"",""distance"":51,""url"":""\/monastyri\/monastery\/bogoyavlenskiy-staro-golutvin-muzhskoy-monastyr\/"",""props"":{""eparhia"":null,""mitropolia"":null,""boss"":null,""type"":""Епархиальные монастыри Русской Православной Церкви"",""founded"":""1385""}}"
"{""name"":""Богоявленско-Анастасиин женский монастырь"",""lat"":""57.772997491303"",""long"":""40.925148900947"",""img"":""\/upload\/iblock\/7b9\/qgvg7m6044vxmsyxr59vsfyjxjsa4i1g\/Bogoyavlensko_Anastasiin-zhenskiy-monastyr-_-2.jpg"",""distance"":279,""url"":""\/monastyri\/monastery\/bogoyavlensko-anastasiin-zhenskiy-monastyr\/"",""props"":{""eparhia"":null,""mitropolia"":null,""boss"":null,""type"":""Епархиальные монастыри Русской Православной Церкви"",""founded"":""1426""}}"
"{""name"":""Больничный храм в честь иконы Пресвятой Богородицы «Всецарица»,"",""lat"":""57.983857327921"",""long"":""56.187344492393"",""img"":null,""distance"":1087,""url"":""\/monastyri\/monastery\/bolnichnyy-khram-v-chest-ikony-presvyatoy-bogoroditsy-vsetsaritsa-\/"",""props"":{""eparhia"":null,""mitropolia"":null,""boss"":null,""type"":""подворье епархиального монастыря"",""founded"":""2004""}}"
"{""name"":""Больничный храм в честь святителя Луки Крымского, подворье Пермского Троицкого монастыря"",""lat"":""58.005825981462"",""long"":""56.23488950418"",""img"":null,""distance"":1090,""url"":""\/monastyri\/monastery\/bolnichnyy-khram-v-chest-svyatitelya-luki-krymskogo-podvore-permskogo-troitskogo-monastyrya\/"",""props"":{""eparhia"":null,""mitropolia"":null,""boss"":null,""type"":""подворье епархиального монастыря"",""founded"":""2004""}}"
"{""name"":""Большегнеушевский женский монастырь Казанской иконы Божией Матери "",""lat"":""51.720577728431"",""long"":""34.549961107194"",""img"":""\/upload\/iblock\/7e8\/7e855179137e500824ff0bfa305c5929\/1.JPG"",""distance"":511,""url"":""\/monastyri\/monastery\/bolshegneushevskiy-zhenskiy-monastyr-kazanskoy-ikony-bozhiey-materi-\/"",""props"":{""eparhia"":null,""mitropolia"":null,""boss"":null,""type"":""Епархиальные монастыри Русской Православной Церкви"",""founded"":""1997""}}"
"{""name"":""Борисо-Глебский женский монастырь Изюмской епархии"",""lat"":""49.789683297998"",""long"":""36.349925560852"",""img"":""\/upload\/iblock\/0f9\/572bb2cj4ra4w1xogwan93x23nj6907v\/00.jpg"",""distance"":661,""url"":""\/monastyri\/monastery\/boriso-glebskiy-zhenskiy-monastyr-izyumskoy-eparkhii\/"",""props"":{""eparhia"":null,""mitropolia"":null,""boss"":null,""type"":""Монастыри УПЦ МП"",""founded"":""1997""}}"
"{""name"":""Борисоглебский Аносин ставропигиальный женский монастырь"",""lat"":""55.838658780043"",""long"":""37.007878297493"",""img"":""\/upload\/iblock\/40e\/1.jpg"",""distance"":122,""url"":""\/monastyri\/monastery\/borisoglebskiy-anosin-stavropigialnyy-zhenskiy-monastyr\/"",""props"":{""eparhia"":null,""mitropolia"":null,""boss"":null,""type"":""Ставропигиальные монастыри Русской Православной Церкви"",""founded"":""1823""}}"
"{""name"":""Борисоглебский мужской монастырь п. Борисоглебский "",""lat"":""57.258501922158"",""long"":""39.152255879875"",""img"":""\/upload\/iblock\/b19\/b19e7fb6f737cbfc3a23575af181c736\/5.jpg"",""distance"":193,""url"":""\/monastyri\/monastery\/boriso-glebskiy-muzhskoy-monastyr-p-borisoglebskiy-\/"",""props"":{""eparhia"":null,""mitropolia"":null,""boss"":null,""type"":""Епархиальные монастыри Русской Православной Церкви"",""founded"":""1363""}}"
"{""name"":""Борисоглебский мужской монастырь, г. Дмитров"",""lat"":""56.343136415305"",""long"":""37.531020432634"",""img"":""\/upload\/iblock\/278\/2781817d136690916c953bbe51162631\/61778.jpg"",""distance"":124,""url"":""\/monastyri\/monastery\/borisoglebskiy-muzhskoy-monastyr-g-dmitrov\/"",""props"":{""eparhia"":null,""mitropolia"":null,""boss"":null,""type"":""Епархиальные монастыри Русской Православной Церкви"",""founded"":""1160""}}"
"{""name"":""Борисоглебское подворье Свято-Успенского Космина мужского монастыря в селе Кубаево"",""lat"":""56.542480515738"",""long"":""39.812818622296"",""img"":""\/upload\/iblock\/e44\/e449e27f2b519e05b6143b0006f61c40\/003_Borisoglebskoe-podv.-v-s.-Kubaevo.jpg"",""distance"":127,""url"":""\/monastyri\/monastery\/borisoglebskoe-podvore-svyato-uspenskogo-kosmina-muzhskogo-monastyrya-v-sele-kubaevo\/"",""props"":{""eparhia"":null,""mitropolia"":null,""boss"":null,""type"":""подворье епархиального монастыря"",""founded"":""""}}"
"{""name"":""Брянский Горно-Никольский мужской монастырь"",""lat"":""53.248087694692"",""long"":""34.375467085983"",""img"":""\/upload\/iblock\/21b\/21b15c9cf3a865109f370e5b2ccd9911\/11.jpg"",""distance"":387,""url"":""\/monastyri\/monastery\/bryanskiy-gorno-nikolskiy-muzhskoy-monastyr\/"",""props"":{""eparhia"":null,""mitropolia"":null,""boss"":null,""type"":""Епархиальные монастыри Русской Православной Церкви"",""founded"":""2002""}}"
"{""name"":""Брянский Петро-Павловский женский монастырь"",""lat"":""53.254813790674"",""long"":""34.378359619049"",""img"":""\/upload\/iblock\/e6a\/e6a7f1a869845d2a95ea8fc8fc94848c\/1.jpg"",""distance"":386,""url"":""\/monastyri\/monastery\/bryanskiy-petro-pavlovskiy-zhenskiy-monastyr\/"",""props"":{""eparhia"":null,""mitropolia"":null,""boss"":null,""type"":""Епархиальные монастыри Русской Православной Церкви"",""founded"":""1275""}}"
"{""name"":""Бугабашский Богородице-Одигитриевский женский монастырь"",""lat"":""55.061748319604"",""long"":""53.933789144844"",""img"":""\/upload\/iblock\/d1b\/d1b6d36d3e017fead7fb5291b573ec74\/01.jpg"",""distance"":953,""url"":""\/monastyri\/monastery\/bugabashskiy-bogoroditse-odigitrievskiy-zhenskiy-monastyr\/"",""props"":{""eparhia"":null,""mitropolia"":null,""boss"":null,""type"":""Епархиальные монастыри Русской Православной Церкви"",""founded"":""1915""}}"
"{""name"":""В честь Вознесения Господня женский скит Борисо-Глебского женского монастыря Изюмской епархии"",""lat"":""49.79003"",""long"":""37.779858"",""img"":null,""distance"":643,""url"":""\/monastyri\/monastery\/v-chest-vozneseniya-gospodnya-zhenskiy-skit-boriso-glebskogo-zhenskogo-monastyrya-izyumskoy-eparkhii\/"",""props"":{""eparhia"":null,""mitropolia"":null,""boss"":null,""type"":""скит епархиального монастыря"",""founded"":""""}}"
"{""name"":""В честь иконы Божией Матери «Утоли мои печали»  ставропигиальный женский монастырь Киевской епархии "",""lat"":""50.805982"",""long"":""27.314999"",""img"":""\/upload\/iblock\/56e\/upojlp31awd68up2wantmixrup7w96u3\/11.jpg"",""distance"":931,""url"":""\/monastyri\/monastery\/v-chest-ikony-bozhiey-materi-utoli-moi-pechali-stavropigialnyy-zhenskiy-monastyr-kievskoy-eparkhii-\/"",""props"":{""eparhia"":null,""mitropolia"":null,""boss"":null,""type"":""Монастыри УПЦ МП"",""founded"":""2006""}}"
"{""name"":""В честь Казанской иконы Божией Матери мужской монастырь пгт. Чоповичи Овучской епархии"",""lat"":""50.824130020661"",""long"":""28.949995032205"",""img"":""\/upload\/iblock\/932\/bv81mcqla4cjrhecbq28gaopukkb4cn3\/4.jpg"",""distance"":843,""url"":""\/monastyri\/monastery\/v-chest-kazanskoy-ikony-bozhiey-materi-muzhskoy-monastyr-pgt-chopovichi-ovuchskoy-eparkhii\/"",""props"":{""eparhia"":null,""mitropolia"":null,""boss"":null,""type"":""Монастыри УПЦ МП"",""founded"":""""}}"
"{""name"":""В честь Рождества пророка и предтечи Крестителя Господня Иоанна скит мужского монастыря в честь иконы Божией Матери «Песчанская» Изюмской епархии "",""lat"":""49.276855"",""long"":""37.097819"",""img"":""\/upload\/iblock\/009\/4l3oyk7mm0lyjamqb0rea014sljho840\/00-_1_.jpg"",""distance"":706,""url"":""\/monastyri\/monastery\/v-chest-rozhdestva-proroka-i-predtechi-krestitelya-gospodnya-ioanna-skit-muzhskogo-monastyrya-v-ches\/"",""props"":{""eparhia"":null,""mitropolia"":null,""boss"":null,""type"":""скит епархиального монастыря"",""founded"":""""}}"
"{""name"":""В честь святителя Иоанна Милостивого Загаецкий мужской монастырь Тернопольской епархии"",""lat"":""50.008579859168"",""long"":""26.036203589241"",""img"":""\/upload\/iblock\/87b\/7y5jjzu2qgt0xz146mor7jjaippkeg9x\/i_300x300.png"",""distance"":1058,""url"":""\/monastyri\/monastery\/v-chest-svyatitelya-ioanna-milostivogo-zagaetskiy-muzhskoy-monastyr-ternopolskoy-eparkhii\/"",""props"":{""eparhia"":null,""mitropolia"":null,""boss"":null,""type"":""Монастыри УПЦ МП"",""founded"":""1625""}}"
"{""name"":""Важеозерский Спасо-Преображенский мужской монастырь "",""lat"":""61.337834981067"",""long"":""33.436251134458"",""img"":""\/upload\/iblock\/b9f\/b9fcb44ff160542b5adaf25d8d71d920\/2.jpg"",""distance"":719,""url"":""\/monastyri\/monastery\/vazheozerskiy-spaso-preobrazhenskiy-muzhskoy-monastyr-\/"",""props"":{""eparhia"":null,""mitropolia"":null,""boss"":null,""type"":""Епархиальные монастыри Русской Православной Церкви"",""founded"":""1520""}}"
"{""name"":""Важкурский Рождества Пресвятой Богородицы мужской  монастырь"",""lat"":""61.859605734254"",""long"":""51.910979839902"",""img"":""\/upload\/iblock\/c6f\/c6fc9233bf7fea3cf0f5447adf9e6049\/1.jpg"",""distance"":1028,""url"":""\/monastyri\/monastery\/vazhkurskiy-rozhdestva-presvyatoy-bogoroditsy-muzhskoy-monastyr\/"",""props"":{""eparhia"":null,""mitropolia"":null,""boss"":null,""type"":""Епархиальные монастыри Русской Православной Церкви"",""founded"":""1996""}}"
"{""name"":""Свято-Варсонофиевский женский монастырь в с. Покровские Селищи"",""lat"":""54.003463569536"",""long"":""43.000864156558"",""img"":""\/upload\/iblock\/838\/838899eb9c3f52a1e90f0a3d9e76a9a3\/unnamed578.jpg"",""distance"":315,""url"":""\/monastyri\/monastery\/svyato-varsonofievskiy-zhenskiy-monastyr-v-s-pokrovskie-selishchi\/"",""props"":{""eparhia"":null,""mitropolia"":null,""boss"":null,""type"":""Епархиальные монастыри Русской Православной Церкви"",""founded"":""1996""}}"
"{""name"":""Свято-Васильевский мужской монастырь г. Суздаля"",""lat"":""56.418949174447"",""long"":""40.46180680521"",""img"":""\/upload\/iblock\/021\/02193360a8942b7d8f348ccc314de30e\/elbwjlexp-q-czllkkug.-086.jpg"",""distance"":140,""url"":""\/monastyri\/monastery\/svyato-vasilevskiy-muzhskoy-monastyr-g-suzdalya\/"",""props"":{""eparhia"":null,""mitropolia"":null,""boss"":null,""type"":""Епархиальные монастыри Русской Православной Церкви"",""founded"":""1253""}}"
"{""name"":""Введено-Оятский женский монастырь "",""lat"":""60.461983"",""long"":""33.139417"",""img"":""\/upload\/iblock\/899\/8997b477991b87e2fc232efc045364c0\/11.JPG"",""distance"":644,""url"":""\/monastyri\/monastery\/vvedeno-oyatskiy-zhenskiy-monastyr-\/"",""props"":{""eparhia"":null,""mitropolia"":null,""boss"":null,""type"":""Епархиальные монастыри Русской Православной Церкви"",""founded"":""1400""}}"
"{""name"":""Свято-Введенская Островная пустынь близ г. Покрова"",""lat"":""55.925634591229"",""long"":""39.11988172615"",""img"":""\/upload\/iblock\/858\/858225925d9db847a7947a17d85f2e8d\/zh.jpg"",""distance"":47,""url"":""\/monastyri\/monastery\/svyato-vvedenskaya-ostrovnaya-pustyn-bliz-g-pokrova\/"",""props"":{""eparhia"":null,""mitropolia"":null,""boss"":null,""type"":""Епархиальные монастыри Русской Православной Церкви"",""founded"":""""}}"
"{""name"":""Введенский женский монастырь г. Иваново"",""lat"":""57.010827341544"",""long"":""40.98917657334"",""img"":""\/upload\/iblock\/a58\/a584b3c264e935142c0006698c5fbd50\/ib2853.jpg"",""distance"":211,""url"":""\/monastyri\/monastery\/vvedenskiy-zhenskiy-monastyr-g-ivanovo\/"",""props"":{""eparhia"":null,""mitropolia"":null,""boss"":null,""type"":""Епархиальные монастыри Русской Православной Церкви"",""founded"":""1991""}}"
"{""name"":""Введенский женский монастырь г. Тихвина."",""lat"":""59.653186568808"",""long"":""33.508863542328"",""img"":""\/upload\/iblock\/59f\/59fee4744bc2e4d293ccb8a26aca9f51\/004.jpg"",""distance"":559,""url"":""\/monastyri\/monastery\/vvedenskiy-zhenskiy-monastyr-g-tikhvina\/"",""props"":{""eparhia"":null,""mitropolia"":null,""boss"":null,""type"":""Епархиальные монастыри Русской Православной Церкви"",""founded"":""1560""}}"
"{""name"":""Свято-Введенский женский монастырь Мукачевской епархии"",""lat"":""48.447162068379"",""long"":""23.245568632172"",""img"":""\/upload\/iblock\/158\/1n747i0jnls1mi98d0xjnfxgpweu80ws\/01.jpg"",""distance"":1324,""url"":""\/monastyri\/monastery\/svyato-vvedenskiy-zhenskiy-monastyr-mukachevskoy-eparkhii\/"",""props"":{""eparhia"":null,""mitropolia"":null,""boss"":null,""type"":""Монастыри УПЦ МП"",""founded"":""2002""}}"
"{""name"":""Свято-Введенский женский монастырь Нежинской епархии"",""lat"":""51.045556072951"",""long"":""31.869287628801"",""img"":""\/upload\/iblock\/7c7\/lbvegf7i1mfamm6szadgi1jr850yi704\/00.jpg"",""distance"":682,""url"":""\/monastyri\/monastery\/svyato-vvedenskiy-zhenskiy-monastyr-nezhinskoy-eparkhii\/"",""props"":{""eparhia"":null,""mitropolia"":null,""boss"":null,""type"":""Монастыри УПЦ МП"",""founded"":""1660""}}"
"{""name"":""Свято-Введенский женский монастырь село Владимирец"",""lat"":""57.381623699511"",""long"":""29.166747169311"",""img"":""\/upload\/iblock\/2bf\/2bffbdb862f7a1e1986e65a56c42fa2e\/11.jpg"",""distance"":631,""url"":""\/monastyri\/monastery\/svyato-vvedenskiy-zhenskiy-monastyr-selo-vladimirets\/"",""props"":{""eparhia"":null,""mitropolia"":null,""boss"":null,""type"":""Епархиальные монастыри Русской Православной Церкви"",""founded"":""1790""}}"
"{""name"":""Введенский женский монастырь Черновицко-Буковинской епархии"",""lat"":""48.28223137703"",""long"":""25.947171581838"",""img"":""\/upload\/iblock\/c8b\/u6yyggfcj2wq1b48t6bqjcub22o3nyxh\/00.jpg"",""distance"":1195,""url"":""\/monastyri\/monastery\/vvedenskiy-zhenskiy-monastyr-chernovitsko-bukovinskoy-eparkhii\/"",""props"":{""eparhia"":null,""mitropolia"":null,""boss"":null,""type"":""Монастыри УПЦ МП"",""founded"":""1904""}}"
"{""name"":""Введенский Кизический мужской монастырь"",""lat"":""55.822139506614"",""long"":""49.089083949074"",""img"":""\/upload\/iblock\/113\/1139e725c006ba250e12a8a3d663861a\/9sAQgnEMmFU.jpg"",""distance"":641,""url"":""\/monastyri\/monastery\/vvedenskiy-kizicheskiy-muzhskoy-monastyr\/"",""props"":{""eparhia"":null,""mitropolia"":null,""boss"":null,""type"":""Епархиальные монастыри Русской Православной Церкви"",""founded"":""1691""}}"
"{""name"":""Свято-Введенский митрополичий женский монастырь дер. Богуши"",""lat"":""54.354515185135"",""long"":""26.346415447113"",""img"":""\/upload\/iblock\/e98\/e9836f3896a3aed5eec10bd9c0ca8a48\/33bebfa0332477829dceca8c22e3ecc6.jpg"",""distance"":810,""url"":""\/monastyri\/monastery\/svyato-vvedenskiy-stavropigialnyy-zhenskiy-monastyr-der-bogushi\/"",""props"":{""eparhia"":null,""mitropolia"":null,""boss"":null,""type"":""Монастыри Белорусской Православной Церкви"",""founded"":""2000""}}"
"{""name"":""Свято-Введенский Никоновский монастырь города Юрьев-Польский"",""lat"":""56.501068681402"",""long"":""39.680306806885"",""img"":""\/upload\/iblock\/e4c\/e4c0f5cb67a1ea684d13343895ebe199\/00021.jpg"",""distance"":119,""url"":""\/monastyri\/monastery\/svyato-vvedenskiy-nikonovskiy-monastyr-goroda-yurev-polskiy\/"",""props"":{""eparhia"":null,""mitropolia"":null,""boss"":null,""type"":""Епархиальные монастыри Русской Православной Церкви"",""founded"":""1613""}}"
"{""name"":""Введенский ставропигиальный мужской монастырь Оптина пустынь"",""lat"":""54.05234042843"",""long"":""35.831883195532"",""img"":""\/upload\/iblock\/5c3\/5c3c055c7ee7cac0c6ce35c7b2421775\/IMG_6157.jpg"",""distance"":256,""url"":""\/monastyri\/monastery\/vvedenskiy-stavropigialnyy-muzhskoy-monastyr-optina-pustyn\/"",""props"":{""eparhia"":null,""mitropolia"":null,""boss"":null,""type"":""Ставропигиальные монастыри Русской Православной Церкви"",""founded"":""0""}}"
"{""name"":""Введенский Толгский женский монастырь"",""lat"":""57.696105558463"",""long"":""39.827247388855"",""img"":""\/upload\/iblock\/d9e\/-sevasyiyanov.jpg"",""distance"":248,""url"":""\/monastyri\/monastery\/svyato-vvedenskiy-tolgskiy-zhenskiy-monastyr\/"",""props"":{""eparhia"":null,""mitropolia"":null,""boss"":null,""type"":""Епархиальные монастыри Русской Православной Церкви"",""founded"":""1314""}}"
"{""name"":""Веверицкий мужской монастырь в честь иконы Божией Матери «Всех скорбящих Радость» Унгенской и Ниспоренской епархии"",""lat"":""47.339801589737"",""long"":""28.104992153442"",""img"":""\/upload\/iblock\/90d\/cyqiy6ppwvim0ii3bn13rlpjgjgymk66\/n.jpg"",""distance"":1175,""url"":""\/monastyri\/monastery\/veveritskiy-muzhskoy-monastyr-v-chest-ikony-bozhiey-materi-vsekh-skorbyashchikh-radost-ungenskoy-i-n\/"",""props"":{""eparhia"":null,""mitropolia"":null,""boss"":null,""type"":""Монастыри Православной Церкви Молдовы"",""founded"":""1923""}}"
"{""name"":""Великомученика Феодора Стратилата мужской монастырь  «Ай-Тодор» у с. Малое Садовое (Челтер-Коба)  "",""lat"":""44.630948"",""long"":""33.831031"",""img"":""\/upload\/iblock\/968\/9680442e37056adaee6ba3b8ae7bdd0e\/1.jpg"",""distance"":1264,""url"":""\/monastyri\/monastery\/velikomuchenika-feodora-stratilata-muzhskoy-monastyr-ay-todor-u-s-maloe-sadovoe-chelter-koba-\/"",""props"":{""eparhia"":null,""mitropolia"":null,""boss"":null,""type"":""Епархиальные монастыри Русской Православной Церкви"",""founded"":""""}}"
"{""name"":""Верещагинский Свято-Лазаревский женский монастырь "",""lat"":""58.074449328759"",""long"":""54.656089711639"",""img"":""\/upload\/iblock\/a63\/a636921598d8927ffed9ca5496957885\/44.jpg"",""distance"":999,""url"":""\/monastyri\/monastery\/vereshchaginskiy-svyato-lazarevskiy-zhenskiy-monastyr-\/"",""props"":{""eparhia"":null,""mitropolia"":null,""boss"":null,""type"":""Епархиальные монастыри Русской Православной Церкви"",""founded"":""1999""}}"
"{""name"":""Верхне-Чусовская Казанская Трифонова женская пустынь"",""lat"":""58.197832403445"",""long"":""57.139310038029"",""img"":""\/upload\/iblock\/779\/7792aee1e2a7980ac0cbe3c714004198\/monasterium.JPG"",""distance"":1146,""url"":""\/monastyri\/monastery\/verkhne-chusovskaya-kazanskaya-trifonova-zhenskaya-pustyn\/"",""props"":{""eparhia"":null,""mitropolia"":null,""boss"":null,""type"":""Епархиальные монастыри Русской Православной Церкви"",""founded"":""1993""}}"
"{""name"":""Верхтеченский Свято-Троицкий женский монастырь"",""lat"":""55.9171"",""long"":""62.58689"",""img"":""\/upload\/iblock\/efd\/efdf0e873be403daa89104e29027d978\/3.jpg"",""distance"":1479,""url"":""\/monastyri\/monastery\/verkhtechenskiy-svyato-troitskiy-zhenskiy-monastyr\/"",""props"":{""eparhia"":null,""mitropolia"":null,""boss"":null,""type"":""Епархиальные монастыри Русской Православной Церкви"",""founded"":""1680""}}"
"{""name"":""Виленский Марие-Магдалининский женский монастырь"",""lat"":""54.665751220557"",""long"":""25.286584015869"",""img"":""\/upload\/iblock\/937\/3013-_1_.jpg"",""distance"":869,""url"":""\/monastyri\/monastery\/vilenskiy-marie-magdalininskiy-zhenskiy-monastyr\/"",""props"":{""eparhia"":null,""mitropolia"":null,""boss"":null,""type"":""Епархиальные монастыри Русской Православной Церкви"",""founded"":""1864""}}"
"{""name"":""Владимирский женский монастырь в г. Вольске Саратовской обл."",""lat"":""52.042730859502"",""long"":""47.35303703733"",""img"":""\/upload\/iblock\/1c6\/1c667c2573e95f7a5513e4c33eecd386\/001.jpg"",""distance"":678,""url"":""\/monastyri\/monastery\/vladimirskiy-zhenskiy-monastyr-v-g-volske-saratovskoy-obl\/"",""props"":{""eparhia"":null,""mitropolia"":null,""boss"":null,""type"":""Епархиальные монастыри Русской Православной Церкви"",""founded"":""1858""}}"
"{""name"":""Свято-Владимирский Херсонесский мужской монастырь в городе Севастополе"",""lat"":""44.611369218424"",""long"":""33.492473841104"",""img"":""\/upload\/iblock\/949\/6g1975hheqwsg9zcb09166jku27g7hwk\/Vladimirskiy_sobor_KHersones.jpg"",""distance"":1273,""url"":""\/monastyri\/monastery\/svyato-vladimirskiy-khersonesskiy-muzhskoy-monastyr-v-gorode-sevastopole\/"",""props"":{""eparhia"":null,""mitropolia"":null,""boss"":null,""type"":""Епархиальные монастыри Русской Православной Церкви"",""founded"":""1861""}}"
"{""name"":""Владимирское подворье Приволжского Никольского женского монастыря с. Оделево"",""lat"":""57.248323109314"",""long"":""41.475196241449"",""img"":""\/upload\/iblock\/e8b\/e8bd4ba876bb3aab749f88ab654fd277\/1.jpg"",""distance"":250,""url"":""\/monastyri\/monastery\/vladimirskoe-podvore-privolzhskogo-nikolskogo-zhenskogo-monastyrya-s-odelevo\/"",""props"":{""eparhia"":null,""mitropolia"":null,""boss"":null,""type"":""подворье епархиального монастыря"",""founded"":""""}}"
"{""name"":""Вознесенская Давидова пустынь"",""lat"":""55.063286203993"",""long"":""37.611352564835"",""img"":""\/upload\/iblock\/891\/891983c89fbc6e64c9f8d72754e1454d\/20.JPG"",""distance"":96,""url"":""\/monastyri\/monastery\/voznesenskaya-davidova-pustyn\/"",""props"":{""eparhia"":null,""mitropolia"":null,""boss"":null,""type"":""Епархиальные монастыри Русской Православной Церкви"",""founded"":""1515""}}"
"{""name"":""Свято-Вознесенский женский монастырь в д. Барколабово Бобруйской епархии"",""lat"":""53.602091882331"",""long"":""30.265649324081"",""img"":""\/upload\/iblock\/e8f\/e8f3937ae39c8850d9b6ea990255a504\/4eefd523a8912da055c2eb428c42d43c.jpg"",""distance"":595,""url"":""\/monastyri\/monastery\/svyato-voznesenskiy-zhenskiy-monastyr-v-d-barkolabovo\/"",""props"":{""eparhia"":null,""mitropolia"":null,""boss"":null,""type"":""Монастыри Белорусской Православной Церкви"",""founded"":""1641""}}"
"{""name"":""Свято-Вознесенский женский монастырь г. Дубовка"",""lat"":""49.056539418408"",""long"":""44.785450219235"",""img"":""\/upload\/iblock\/1b2\/1b29cca2fac36cc02cc299875845d096\/100_7394_JPG.jpg"",""distance"":824,""url"":""\/monastyri\/monastery\/svyato-voznesenskiy-zhenskiy-monastyr-g-dubovka\/"",""props"":{""eparhia"":null,""mitropolia"":null,""boss"":null,""type"":""Епархиальные монастыри Русской Православной Церкви"",""founded"":""1865""}}"
"{""name"":""Вознесенский женский монастырь города Тамбова"",""lat"":""52.731104361212"",""long"":""41.461701287033"",""img"":""\/upload\/iblock\/daf\/dafe18a634bb9260060eb224f8aa16cb\/3.jpg"",""distance"":354,""url"":""\/monastyri\/monastery\/voznesenskiy-zhenskiy-monastyr-goroda-tambova\/"",""props"":{""eparhia"":null,""mitropolia"":null,""boss"":null,""type"":""Епархиальные монастыри Русской Православной Церкви"",""founded"":""1690""}}"
"{""name"":""Свято-Вознесенский женский монастырь Днепропетровской епархии "",""lat"":""48.521615"",""long"":""36.104974"",""img"":""\/upload\/iblock\/08a\/tabne02i02o0h92z14uhxbc5c89gn3u6\/ternovskij_svyato_voznesenskij_zhenskij_monastyr_640x480.jpeg"",""distance"":802,""url"":""\/monastyri\/monastery\/svyato-voznesenskiy-zhenskiy-monastyr-dnepropetrovskoy-eparkhii-\/"",""props"":{""eparhia"":null,""mitropolia"":null,""boss"":null,""type"":""Монастыри УПЦ МП"",""founded"":""1998""}}"
"{""name"":""Свято-Вознесенский женский монастырь, с. Чумалево Хустской епархии"",""lat"":""48.183053"",""long"":""23.538498"",""img"":""\/upload\/iblock\/e2f\/5ehgtxaxvnrwhcbgjezsq3xgyl783ljh\/00.jpg"",""distance"":1329,""url"":""\/monastyri\/monastery\/svyato-voznesenskiy-zhenskiy-monastyr-s-chumalevo-khustskoy-eparkhii\/"",""props"":{""eparhia"":null,""mitropolia"":null,""boss"":null,""type"":""Монастыри УПЦ МП"",""founded"":""1925""}}"
"{""name"":""Вознесенский Макарьевский мужской монастырь"",""lat"":""55.782139"",""long"":""48.701522"",""img"":""\/upload\/iblock\/eb2\/eb2fd324756ff3baa22e5e0f4ba8b4cb\/1.jpg"",""distance"":617,""url"":""\/monastyri\/monastery\/voznesenskiy-makarevskiy-muzhskoy-monastyr\/"",""props"":{""eparhia"":null,""mitropolia"":null,""boss"":null,""type"":""Епархиальные монастыри Русской Православной Церкви"",""founded"":""1603""}}"
"{""name"":""Свято-Вознесенский мужской монастырь «Банчены» Черновицко-Буковинской епархии"",""lat"":""48.202266941221"",""long"":""26.203931163399"",""img"":""\/upload\/iblock\/397\/u3wpgxcqbmp0691o7b45eipspa32a5rm\/00.jpg"",""distance"":1189,""url"":""\/monastyri\/monastery\/svyato-voznesenskiy-muzhskoy-monastyr-bancheny-chernovitsko-bukovinskoy-eparkhii\/"",""props"":{""eparhia"":null,""mitropolia"":null,""boss"":null,""type"":""Монастыри УПЦ МП"",""founded"":""1994""}}"
"{""name"":""Свято-Вознесенский мужской монастырь Бориспольской епархии"",""lat"":""50.072439464884"",""long"":""31.461629330688"",""img"":""\/upload\/iblock\/2bb\/5h0zbzd3pty5ya1u8wavlt03spuax63m\/01.jpg"",""distance"":785,""url"":""\/monastyri\/monastery\/svyato-voznesenskiy-muzhskoy-monastyr-borispolskoy-eparkhii\/"",""props"":{""eparhia"":null,""mitropolia"":null,""boss"":null,""type"":""Монастыри УПЦ МП"",""founded"":""2011""}}"
"{""name"":""Вознесенский мужской монастырь г. Сызрань"",""lat"":""53.147104354199"",""long"":""48.437748365939"",""img"":""\/upload\/iblock\/e1c\/lzo0dw46wzxtvql1eqa3x3br1cx1v1dc\/1.JPG"",""distance"":674,""url"":""\/monastyri\/monastery\/voznesenskiy-muzhskoy-monastyr-g-syzran\/"",""props"":{""eparhia"":null,""mitropolia"":null,""boss"":null,""type"":""Епархиальные монастыри Русской Православной Церкви"",""founded"":""1691""}}"
"{""name"":""Свято-Вознесенский мужской монастырь Луганской епархии"",""lat"":""48.626524947864"",""long"":""38.837751818097"",""img"":""\/upload\/iblock\/cc7\/drkj4dx23nwkd594odj5op62vx805nm0\/00-_1_.jpg"",""distance"":768,""url"":""\/monastyri\/monastery\/svyato-voznesenskiy-muzhskoy-monastyr-luganskoy-eparkhii\/"",""props"":{""eparhia"":null,""mitropolia"":null,""boss"":null,""type"":""Монастыри УПЦ МП"",""founded"":""2013""}}"
"{""name"":""Свято-Вознесенский Ново-Нямецкий Кицканский мужской монастырь Кишиневской епархии"",""lat"":""46.787007"",""long"":""29.599497"",""img"":""\/upload\/iblock\/e1f\/t2ibdtm40ugmrsfu9zyiilqlj89bgkas\/nyam.jpg"",""distance"":1166,""url"":""\/monastyri\/monastery\/svyato-voznesenskiy-novo-nyametskiy-kitskanskiy-muzhskoy-monastyr-kishinevskoy-eparkhii\/"",""props"":{""eparhia"":null,""mitropolia"":null,""boss"":null,""type"":""Монастыри Православной Церкви Молдовы"",""founded"":""1864""}}"
"{""name"":""Вознесенский Оршин женский монастырь"",""lat"":""56.799697930055"",""long"":""36.183291588669"",""img"":""\/upload\/iblock\/130\/130cd66022ab5f8bd622a455705320d8\/23_history09.jpg"",""distance"":219,""url"":""\/monastyri\/monastery\/voznesenskiy-orshin-zhenskiy-monastyr\/"",""props"":{""eparhia"":null,""mitropolia"":null,""boss"":null,""type"":""Епархиальные монастыри Русской Православной Церкви"",""founded"":""1400""}}"
"{""name"":""Вознесенский Печерский мужской монастырь"",""lat"":""56.323376589206"",""long"":""44.049033312164"",""img"":""\/upload\/iblock\/b58\/b584714fc4474b4f4eb2016c71054a43\/Voznesenskij_Pecherskij_muzhskoj_monastyr.jpg"",""distance"":335,""url"":""\/monastyri\/monastery\/voznesenskiy-pecherskiy-muzhskoy-monastyr\/"",""props"":{""eparhia"":null,""mitropolia"":null,""boss"":null,""type"":""Епархиальные монастыри Русской Православной Церкви"",""founded"":""""}}"
"{""name"":""Вознесенский Скрябинский женский монастырь "",""lat"":""52.763105769001"",""long"":""44.69331300531"",""img"":""\/upload\/iblock\/784\/784173cb664d74e008af1c1f337987f3\/d.jpg"",""distance"":488,""url"":""\/monastyri\/monastery\/voznesenskiy-skryabinskiy-zhenskiy-monastyr-\/"",""props"":{""eparhia"":null,""mitropolia"":null,""boss"":null,""type"":""Епархиальные монастыри Русской Православной Церкви"",""founded"":""1885""}}"
"{""name"":""Вознесенский Флоровский женский монастырь Киевской епархии"",""lat"":""50.462533729203"",""long"":""30.512884039673"",""img"":""\/upload\/iblock\/660\/7d6msw3wqxop87wci0yti7meyfhkl0cm\/02.jpg"",""distance"":794,""url"":""\/monastyri\/monastery\/voznesenskiy-florovskiy-zhenskiy-monastyr-kievskoy-eparkhii\/"",""props"":{""eparhia"":null,""mitropolia"":null,""boss"":null,""type"":""Монастыри УПЦ МП"",""founded"":""""}}"
"{""name"":""Вознесенское подворье Николаевского Городокского  женского монастыря Ровенской епархии"",""lat"":""50.504152822926"",""long"":""25.621229524543"",""img"":""\/upload\/iblock\/238\/ceujt69sypw7061ie2dl5i235hz42q6a\/mlynov3.jpg"",""distance"":1046,""url"":""\/monastyri\/monastery\/voznesenskoe-podvore-nikolaevskogo-gorodokskogo-zhenskogo-monastyrya-rovenskoy-eparkhii\/"",""props"":{""eparhia"":null,""mitropolia"":null,""boss"":null,""type"":""подворье епархиального монастыря"",""founded"":""""}}"
"{""name"":""Волгоградский  Свято-Духовский мужской монастырь"",""lat"":""48.718292345036"",""long"":""44.504277441139"",""img"":""\/upload\/iblock\/0a6\/0a6e6f36249827b46a81b76c833d6927\/1.jpg"",""distance"":849,""url"":""\/monastyri\/monastery\/volgogradskiy-svyato-dukhovskiy-muzhskoy-monastyr\/"",""props"":{""eparhia"":null,""mitropolia"":null,""boss"":null,""type"":""Епархиальные монастыри Русской Православной Церкви"",""founded"":""1912""}}"
"{""name"":""Волгоградское подворье Вознесенского женского монастыря г Дубовка"",""lat"":""48.701207640513"",""long"":""44.514820728836"",""img"":""\/upload\/iblock\/6d5\/6d53df90ab108d25d35eab140a5bd6e4\/3.jpg"",""distance"":851,""url"":""\/monastyri\/monastery\/volgogradskoe-podvore-voznesenskogo-zhenskogo-monastyrya-g-dubovka\/"",""props"":{""eparhia"":null,""mitropolia"":null,""boss"":null,""type"":""подворье епархиального монастыря"",""founded"":""""}}"
"{""name"":""Волынской иконы Божией Матери женский монастырь, с. Серники Сарненской епархии"",""lat"":""51.815221"",""long"":""26.230806"",""img"":""\/upload\/iblock\/630\/vum6uc9uwofapigd2yaej9rvyoeayxmj\/00.jpg"",""distance"":928,""url"":""\/monastyri\/monastery\/volynskoy-ikony-bozhiey-materi-zhenskiy-monastyr-s-serniki-sarnenskoy-eparkhii\/"",""props"":{""eparhia"":null,""mitropolia"":null,""boss"":null,""type"":""Монастыри УПЦ МП"",""founded"":""1996""}}"
"{""name"":""Воскресенский Белогорский мужской монастырь"",""lat"":""50.47129574939"",""long"":""40.036550559525"",""img"":""\/upload\/iblock\/91a\/91ab8ccd9ec3a763a8dceb1521b166d7\/dsc04136.jpg"",""distance"":568,""url"":""\/monastyri\/monastery\/voskresenskiy-belogorskiy-monastyr\/"",""props"":{""eparhia"":null,""mitropolia"":null,""boss"":null,""type"":""Епархиальные монастыри Русской Православной Церкви"",""founded"":""1882""}}"
"{""name"":""Свято - Воскресенский Бричанский женский монастырь Единецко-Бричанской епархии "",""lat"":""48.357929788776"",""long"":""27.026844460327"",""img"":""\/upload\/iblock\/2de\/1.jpg"",""distance"":1136,""url"":""\/monastyri\/monastery\/svyato-voskresenskiy-brichanskiy-zhenskiy-monastyr-edinetsko-brichanskoy-eparkhii-\/"",""props"":{""eparhia"":null,""mitropolia"":null,""boss"":null,""type"":""Монастыри Православной Церкви Молдовы"",""founded"":""2000""}}"
"{""name"":""Воскресенский Горицкий женский монастырь "",""lat"":""59.864351615025"",""long"":""38.260250930916"",""img"":""\/upload\/iblock\/e7d\/e7dfe7930966c488090fd6d4841fe107\/6H65jAnwZ98.jpg"",""distance"":484,""url"":""\/monastyri\/monastery\/voskresenskiy-goritskiy-zhenskiy-monastyr-\/"",""props"":{""eparhia"":null,""mitropolia"":null,""boss"":null,""type"":""Епархиальные монастыри Русской Православной Церкви"",""founded"":""1544""}}"
"{""name"":""Воскресенский женский монастырь в с. Зимовенька"",""lat"":""50.483528810588"",""long"":""37.179413288391"",""img"":""\/upload\/iblock\/b08\/b0847392d2452ebfb84f202a7eed66e0\/1BbmtMxGKrg.jpg"",""distance"":573,""url"":""\/monastyri\/monastery\/voskresenskiy-zhenskiy-monastyr-v-s-zimovenka\/"",""props"":{""eparhia"":null,""mitropolia"":null,""boss"":null,""type"":""Епархиальные монастыри Русской Православной Церкви"",""founded"":""1999""}}"
"{""name"":""Воскресенский женский монастырь города Мурома"",""lat"":""55.585858889798"",""long"":""42.055277519852"",""img"":""\/upload\/iblock\/4ca\/4ca8faec91d6de06937e51aa7d9c8665\/01.jpg"",""distance"":201,""url"":""\/monastyri\/monastery\/voskresenskiy-zhenskiy-monastyr-goroda-muroma\/"",""props"":{""eparhia"":null,""mitropolia"":null,""boss"":null,""type"":""Епархиальные монастыри Русской Православной Церкви"",""founded"":""1566""}}"
"{""name"":""Воскресенский монастырь с. Ермолино"",""lat"":""57.126678358559"",""long"":""41.268300836632"",""img"":""\/upload\/iblock\/9da\/9da52ca77aad7bf30671ce1c7d4ab68b\/06.jpg"",""distance"":231,""url"":""\/monastyri\/monastery\/voskresenskiy-monastyr-s-ermolino\/"",""props"":{""eparhia"":null,""mitropolia"":null,""boss"":null,""type"":""Епархиальные монастыри Русской Православной Церкви"",""founded"":""1998""}}"
"{""name"":""Свято-Воскресенский мужской монастырь в поселке Иструть "",""lat"":""55.243396"",""long"":""58.971943"",""img"":""\/upload\/iblock\/bcf\/bcf84e393291b1349cb5cf3b9688cfa3\/nn.jpg"",""distance"":1266,""url"":""\/monastyri\/monastery\/svyato-voskresenskiy-muzhskoy-monastyr-v-poselke-istrut-\/"",""props"":{""eparhia"":null,""mitropolia"":null,""boss"":null,""type"":""Епархиальные монастыри Русской Православной Церкви"",""founded"":""1849""}}"
"{""name"":""Воскресенский мужской монастырь г. Тольятти "",""lat"":""53.472342389012"",""long"":""49.36460764418"",""img"":""\/upload\/iblock\/a5d\/a5dced5e3ba5876a7480e9d1201e8ee4\/LOSGINJBwDU.jpg"",""distance"":715,""url"":""\/monastyri\/monastery\/voskresenskiy-muzhskoy-monastyr-g-tolyatti-\/"",""props"":{""eparhia"":null,""mitropolia"":null,""boss"":null,""type"":""Епархиальные монастыри Русской Православной Церкви"",""founded"":""1997""}}"
"{""name"":""Воскресенский мужской монастырь г.Углич"",""lat"":""57.525738895255"",""long"":""38.308237642853"",""img"":""\/upload\/iblock\/0b0\/1.jpg"",""distance"":225,""url"":""\/monastyri\/monastery\/voskresenskiy-muzhskoy-monastyr-g-uglich\/"",""props"":{""eparhia"":null,""mitropolia"":null,""boss"":null,""type"":""Епархиальные монастыри Русской Православной Церкви"",""founded"":""""}}"
"{""name"":""Воскресенский мужской монастырь Мукачевской епархии"",""lat"":""48.63908243744"",""long"":""22.288589048238"",""img"":""\/upload\/iblock\/f96\/urw14jhq7562b950ksvwu4qqokic6j7p\/00.jpg"",""distance"":1363,""url"":""\/monastyri\/monastery\/voskresenskiy-muzhskoy-monastyr-mukachevskoy-eparkhii\/"",""props"":{""eparhia"":null,""mitropolia"":null,""boss"":null,""type"":""Монастыри УПЦ МП"",""founded"":""2002""}}"
"{""name"":""Воскресенский Ново-Иерусалимский ставропигиальный мужской монастырь"",""lat"":""55.921266055443"",""long"":""36.847533130501"",""img"":""\/upload\/iblock\/a1b\/000.jpg"",""distance"":135,""url"":""\/monastyri\/monastery\/voskresenskiy-novo-ierusalimskiy-stavropigialnyy-muzhskoy-monastyr\/"",""props"":{""eparhia"":null,""mitropolia"":null,""boss"":null,""type"":""Ставропигиальные монастыри Русской Православной Церкви"",""founded"":""1666""}}"
"{""name"":""Свято-Воскресенский Новоафонский мужской монастырь Львовской епархии"",""lat"":""49.837278858447"",""long"":""24.045661611896"",""img"":""\/upload\/iblock\/cf6\/1xbtsin4b0omkjmm7kle73ytlqpgxial\/00-_1_.jpg"",""distance"":1180,""url"":""\/monastyri\/monastery\/svyato-voskresenskiy-novoafonskiy-muzhskoy-monastyr-lvovskoy-eparkhii\/"",""props"":{""eparhia"":null,""mitropolia"":null,""boss"":null,""type"":""Монастыри УПЦ МП"",""founded"":""2021""}}"
"{""name"":""Воскресенский Новодевичий монастырь"",""lat"":""59.898576528798"",""long"":""30.322507415315"",""img"":""\/upload\/iblock\/423\/spb_13_.jpg"",""distance"":702,""url"":""\/monastyri\/monastery\/voskresenskiy-novodevichiy-monastyr\/"",""props"":{""eparhia"":null,""mitropolia"":null,""boss"":null,""type"":""Епархиальные монастыри Русской Православной Церкви"",""founded"":""""}}"
"{""name"":""Свято-Воскресенский Теплодарский женский монастырь Одесской епархии"",""lat"":""46.506321872327"",""long"":""30.325308053471"",""img"":""\/upload\/iblock\/87e\/n37cb10369lc10l4bfs0p1u4gwicj1vm\/svyato_voskresnenskij_teplodarskij_zhinochij_monastir.jpg"",""distance"":1167,""url"":""\/monastyri\/monastery\/svyato-voskresenskiy-teplodarskiy-zhenskiy-monastyr-odesskoy-eparkhii\/"",""props"":{""eparhia"":null,""mitropolia"":null,""boss"":null,""type"":""Монастыри УПЦ МП"",""founded"":""2005""}}"
"{""name"":""Воскресенско-Мироносицкий женский монастырь,подворье Христорождественского женского монастыря п. Красный Яр"",""lat"":""48.143627454026"",""long"":""46.04154393055"",""img"":""\/upload\/iblock\/bde\/bde9c6ec0773ad8f20a3496c45230b24\/Monastyr_Zubovka3.JPG"",""distance"":957,""url"":""\/monastyri\/monastery\/voskresensko-mironositskiy-zhenskiy-monastyr-podvore-khristorozhdestvenskogo-zhenskogo-monastyrya-p-\/"",""props"":{""eparhia"":null,""mitropolia"":null,""boss"":null,""type"":""подворье епархиального монастыря"",""founded"":""2015""}}"
"{""name"":""Воскресенско-Феодоровский мужской монастырь в с. Сергеево"",""lat"":""56.760457407018"",""long"":""41.408519094582"",""img"":""\/upload\/iblock\/9b0\/9b03bd0c1c894d8e4b23cd0ae1c0032d\/IMG_1751.JPG"",""distance"":209,""url"":""\/monastyri\/monastery\/voskresensko-feodorovskiy-monastyr-v-s-sergeevo\/"",""props"":{""eparhia"":null,""mitropolia"":null,""boss"":null,""type"":""Епархиальные монастыри Русской Православной Церкви"",""founded"":""1889""}}"
"{""name"":""Воскресенское подворье Приволжского Никольского женского монастыряв г.Плёс"",""lat"":""57.457262468653"",""long"":""41.526524685181"",""img"":""\/upload\/iblock\/1e6\/1e6b41a225cf3da42ca565f8efe9d535\/IMG_5060.JPG"",""distance"":269,""url"":""\/monastyri\/monastery\/voskresenskoe-podvore-privolzhskogo-nikolskogo-zhenskogo-monastyryav-g-plyes\/"",""props"":{""eparhia"":null,""mitropolia"":null,""boss"":null,""type"":""подворье епархиального монастыря"",""founded"":""""}}"
"{""name"":""Всеxсвятское подворье Троице-Сергиевой лавры"",""lat"":""56.320400286187"",""long"":""38.123016083328"",""img"":""\/upload\/iblock\/c34\/monasterium.ru_01.jpg"",""distance"":100,""url"":""\/monastyri\/monastery\/vsexsvyatskoe-podvore\/"",""props"":{""eparhia"":null,""mitropolia"":null,""boss"":null,""type"":""подворье ставропигиального монастыря"",""founded"":""1834""}}"
"{""name"":""Всехсвятский скит Свято-Успенской Святогорской Лавры Донецкой епархии"",""lat"":""49"",""long"":""37"",""img"":""\/upload\/iblock\/0dd\/s6q9or8tiy0j0xxpzn2jd3i35km2qa3f\/07.jpg"",""distance"":738,""url"":""\/monastyri\/monastery\/vsekhsvyatskiy-skit-svyato-uspenskoy-svyatogorskoy-lavry-donetskoy-eparkhii\/"",""props"":{""eparhia"":null,""mitropolia"":null,""boss"":null,""type"":""скит епархиального монастыря"",""founded"":""2000""}}"
"{""name"":""Всехсвятское подворье Свято-Успенского Космина мужского монастыря в селе Малолучинское"",""lat"":""56.517774518291"",""long"":""39.854997142853"",""img"":""\/upload\/iblock\/3ab\/3abad7e412cec4c94ac5539dccac9b5c\/006_Vsekhsvyatskoe-podv.-v-s.-Maloluchinskoe.jpg"",""distance"":126,""url"":""\/monastyri\/monastery\/vsekhsvyatskoe-podvore-svyato-uspenskogo-kosmina-muzhskogo-monastyrya-v-sele-maloluchinskoe\/"",""props"":{""eparhia"":null,""mitropolia"":null,""boss"":null,""type"":""подворье епархиального монастыря"",""founded"":""""}}"
"{""name"":""Выксунский Иверский женский монастырь"",""lat"":""55.324859801955"",""long"":""42.20829626572"",""img"":""\/upload\/iblock\/e54\/seychas.jpg"",""distance"":212,""url"":""\/monastyri\/monastery\/vyksunskiy-iverskiy-zhenskiy-monastyr\/"",""props"":{""eparhia"":null,""mitropolia"":null,""boss"":null,""type"":""Епархиальные монастыри Русской Православной Церкви"",""founded"":""1864""}}"
"{""name"":""Высоко-Петровский ставропигиальный мужской монастырь"",""lat"":""55.767882088168"",""long"":""37.61413431793"",""img"":""\/upload\/iblock\/740\/7409d82b411c29a6b8d125f19d235e9e\/xaK_r6WUfHo.jpg"",""distance"":84,""url"":""\/monastyri\/monastery\/vysoko-petrovskiy-stavropigialnyy-muzhskoy-monastyr\/"",""props"":{""eparhia"":null,""mitropolia"":null,""boss"":null,""type"":""Ставропигиальные монастыри Русской Православной Церкви"",""founded"":""1315""}}"
"{""name"":""Высоковский Успенский мужской монастырь"",""lat"":""57.395972371932"",""long"":""43.917388399443"",""img"":""\/upload\/iblock\/751\/751aa64975140ede73b0fad7ebe92d08\/Vysokovo.jpg"",""distance"":373,""url"":""\/monastyri\/monastery\/vysokovskiy-uspenskiy-muzhskoy-monastyr\/"",""props"":{""eparhia"":null,""mitropolia"":null,""boss"":null,""type"":""Епархиальные монастыри Русской Православной Церкви"",""founded"":""1784""}}"
"{""name"":""Вятский Преображенский женский монастырь"",""lat"":""58.606035273196"",""long"":""49.688687101852"",""img"":""\/upload\/iblock\/e2e\/e2e4e3555a793a8ef2b9a8eca0a85c51\/1.jpg"",""distance"":737,""url"":""\/monastyri\/monastery\/vyatskiy-preobrazhenskiy-zhenskiy-monastyr\/"",""props"":{""eparhia"":null,""mitropolia"":null,""boss"":null,""type"":""Епархиальные монастыри Русской Православной Церкви"",""founded"":""1624""}}"
"{""name"":""Гавриило-Архангельский мужской монастырь хутора Барбаши "",""lat"":""48.518968278281"",""long"":""44.745774887241"",""img"":""\/upload\/iblock\/332\/332def6733d6d178802861808cd80a47\/apzfcykj4qz7w75pmbbb4.jpg"",""distance"":877,""url"":""\/monastyri\/monastery\/gavriilo-arkhangelskiy-muzhskoy-monastyr-khutora-barbashi-\/"",""props"":{""eparhia"":null,""mitropolia"":null,""boss"":null,""type"":""Епархиальные монастыри Русской Православной Церкви"",""founded"":""1998""}}"
"{""name"":""Свято-Георгиевский Данивский женский монастырь Черниговской епархии"",""lat"":""50.875666199779"",""long"":""31.177705689763"",""img"":""\/upload\/iblock\/b3d\/h70p4x0grnav1fwsn0a518auu37833j6\/00-_1_.jpg"",""distance"":728,""url"":""\/monastyri\/monastery\/svyato-georgievskiy-danivskiy-zhenskiy-monastyr-chernigovskoy-eparkhii\/"",""props"":{""eparhia"":null,""mitropolia"":null,""boss"":null,""type"":""Монастыри УПЦ МП"",""founded"":""1654""}}"
"{""name"":""Свято-Георгиевский Мещовский мужской монастырь"",""lat"":""54.331411995575"",""long"":""35.269199318281"",""img"":""\/upload\/iblock\/356\/35699294726d79951b4d60a2231ede58\/0_d0bbb.jpg"",""distance"":267,""url"":""\/monastyri\/monastery\/svyato-georgievskiy-meshchovskiy-muzhskoy-monastyr\/"",""props"":{""eparhia"":null,""mitropolia"":null,""boss"":null,""type"":""Епархиальные монастыри Русской Православной Церкви"",""founded"":""1450""}}"
"{""name"":""Свято-Георгиевский мужской монастырь г. Чирчик Ташкентской и Узбекистанской епархии"",""lat"":""41.436782951713"",""long"":""69.54501835582"",""img"":""\/upload\/iblock\/f02\/f022bb83cc4c24857a2384b207cf1bb2\/11.jpg"",""distance"":2716,""url"":""\/monastyri\/monastery\/svyato-georgievskiy-muzhskoy-monastyr-g-chirchik-tashkentskoy-i-uzbekistanskoy-eparkhii\/"",""props"":{""eparhia"":null,""mitropolia"":null,""boss"":null,""type"":""Монастыри Среднеазиатского митрополичьего округа Русской Православной Церкви"",""founded"":""1996""}}"
"{""name"":""Свято-Георгиевский мужской монастырь Мукачевской епархии"",""lat"":""48.235593614056"",""long"":""23.11188092535"",""img"":""\/upload\/iblock\/b49\/qhxpp4l6c3nj1b6mxowxxrnnpe37cy1i\/00-_1_.jpg"",""distance"":1348,""url"":""\/monastyri\/monastery\/svyato-georgievskiy-muzhskoy-monastyr-mukachevskoy-eparkhii\/"",""props"":{""eparhia"":null,""mitropolia"":null,""boss"":null,""type"":""Монастыри УПЦ МП"",""founded"":""2010""}}"
"{""name"":""Свято-Георгиевский мужской монастырь Хустской епархии"",""lat"":""48.031142"",""long"":""23.731999"",""img"":""\/upload\/iblock\/4a2\/33pekz78zdiz07jfmuglt8puuw66qs9u\/00.jpg"",""distance"":1330,""url"":""\/monastyri\/monastery\/svyato-georgievskiy-muzhskoy-monastyr-khustskoy-eparkhii\/"",""props"":{""eparhia"":null,""mitropolia"":null,""boss"":null,""type"":""Монастыри УПЦ МП"",""founded"":""1999""}}"
"{""name"":""Свято-Георгиевский мужской скит Введенского мужского монастыря  Киевской епархии"",""lat"":""50.169791"",""long"":""29.815771"",""img"":""\/upload\/iblock\/a8b\/ku9br88ig5e5lh2ztrvrmsk1yqd72n1z\/00-_1_.jpg"",""distance"":851,""url"":""\/monastyri\/monastery\/svyato-georgievskiy-muzhskoy-skit-vvedenskogo-muzhskogo-monastyrya-kievskoy-eparkhii\/"",""props"":{""eparhia"":null,""mitropolia"":null,""boss"":null,""type"":""скит епархиального монастыря"",""founded"":""""}}"
"{""name"":""Георгиевский скит Гороховецкого Свято-Троице Никольского монастыря на Клязьме"",""lat"":""56.219175"",""long"":""42.465064"",""img"":""\/upload\/iblock\/432\/432d0399cc3c788e3b46989e6e9a1c1f\/2.jpg"",""distance"":237,""url"":""\/monastyri\/monastery\/georgievskiy-skit-gorokhovetskogo-svyato-troitse-nikolskogo-monastyrya-na-klyazme\/"",""props"":{""eparhia"":null,""mitropolia"":null,""boss"":null,""type"":""скит епархиального монастыря"",""founded"":""1365""}}"
"{""name"":""Свято-Георгиевский скит Свято-Успенской Святогорской Лавры Донецкой епархии"",""lat"":""49.992499"",""long"":""37.444517"",""img"":""\/upload\/iblock\/ee9\/3wypuwsgrzlp4k50w6f3ckcqgag4r74b\/00-_1_.jpg"",""distance"":624,""url"":""\/monastyri\/monastery\/svyato-georgievskiy-skit-svyato-uspenskoy-svyatogorskoy-lavry-donetskoy-eparkhii\/"",""props"":{""eparhia"":null,""mitropolia"":null,""boss"":null,""type"":""скит епархиального монастыря"",""founded"":""""}}"
"{""name"":""Георгиевское  подворье Николаевского Городокского  женского монастыря Ровенской епархии"",""lat"":""50.62485"",""long"":""26.224462"",""img"":""\/upload\/iblock\/9e3\/bkd8lfronjtiwvrgo20rb2j4s4dnd1b7\/georg.jpg"",""distance"":1004,""url"":""\/monastyri\/monastery\/georgievskoe-podvore-nikolaevskogo-gorodokskogo-zhenskogo-monastyrya-rovenskoy-eparkhii\/"",""props"":{""eparhia"":null,""mitropolia"":null,""boss"":null,""type"":""подворье епархиального монастыря"",""founded"":""2001""}}"
"{""name"":""Гербовецкий мужской монастырь в честь Успения Пресвятой Богородицы  Унгенской и Ниспоренской епархии"",""lat"":""47.33394"",""long"":""28.311371"",""img"":""\/upload\/iblock\/e38\/b0hxqovhshaqf7xoh8j620qmjkebqmx6\/1.jpg"",""distance"":1167,""url"":""\/monastyri\/monastery\/gyrbovetskiy-muzhskoy-monastyr-v-chest-uspeniya-presvyatoy-bogoroditsy-ungenskoy-i-nisporenskoy-epar\/"",""props"":{""eparhia"":null,""mitropolia"":null,""boss"":null,""type"":""Монастыри Православной Церкви Молдовы"",""founded"":""1730""}}"
"{""name"":""Гефсиманский Черниговский скит Троице-Сергиевой лавры"",""lat"":""56.306576149023"",""long"":""38.179370187836"",""img"":""\/upload\/iblock\/8a0\/huge.jpeg"",""distance"":97,""url"":""\/monastyri\/monastery\/gefsimanskiy-chernigovskiy-skit\/"",""props"":{""eparhia"":null,""mitropolia"":null,""boss"":null,""type"":""скит ставропигиального монастыря"",""founded"":""1844""}}"
"{""name"":""Гиржавский мужской монастырь Вознесения Господня Унгенской и Ниспоренской епархии "",""lat"":""47.319369"",""long"":""28.238168"",""img"":""\/upload\/iblock\/914\/fmjcm85qxqlj1rtajcc1l48yiqwqyrlq\/2.jpg"",""distance"":1172,""url"":""\/monastyri\/monastery\/girzhavskiy-muzhskoy-monastyr-vozneseniya-gospodnya-ungenskoy-i-nisporenskoy-eparkhii-\/"",""props"":{""eparhia"":null,""mitropolia"":null,""boss"":null,""type"":""Монастыри Православной Церкви Молдовы"",""founded"":""1740""}}"
"{""name"":""Горнальский Свято-Николаевский Белогорский мужской монастырь"",""lat"":""51.06626597423"",""long"":""35.232358623348"",""img"":""\/upload\/iblock\/935\/935136599e93ba853058ca7d816a1755\/8.jpg"",""distance"":553,""url"":""\/monastyri\/monastery\/gornalskiy-svyato-nikolaevskiy-belogorskiy-muzhskoy-monastyr\/"",""props"":{""eparhia"":null,""mitropolia"":null,""boss"":null,""type"":""Епархиальные монастыри Русской Православной Церкви"",""founded"":""1671""}}"
"{""name"":""Горне-Успенский женский монастырь г. Вологды "",""lat"":""59.231505591655"",""long"":""39.871518873016"",""img"":""\/upload\/iblock\/ba0\/ba0434ebdfdbe58e0949fd0da43745c0\/1.jpg"",""distance"":416,""url"":""\/monastyri\/monastery\/gorne-uspenskiy-zhenskiy-monastyr-g-vologdy-\/"",""props"":{""eparhia"":null,""mitropolia"":null,""boss"":null,""type"":""Епархиальные монастыри Русской Православной Церкви"",""founded"":""1590""}}"
"{""name"":""Горненский женский монастырь Русской Духовной Миссии в Иерусалиме. "",""lat"":""31.762766557072"",""long"":""35.157601538874"",""img"":""\/upload\/iblock\/dac\/ualpti9r519uty14vp8ilwj6w2je6hj2\/cec21287bb6a6ffb0fee0e88fabe9059_mv_2022_08_16_10.jpg"",""distance"":2659,""url"":""\/monastyri\/monastery\/gornenskiy-zhenskiy-monastyr-russkoy-dukhovnoy-missii-v-ierusalime-\/"",""props"":{""eparhia"":null,""mitropolia"":null,""boss"":null,""type"":""Русская духовная миссия в Иерусалиме"",""founded"":""1898""}}"
"{""name"":""Городецкий Феодоровский мужской монастырь"",""lat"":""56.646660582473"",""long"":""43.477927542241"",""img"":""\/upload\/iblock\/00d\/00de6d1ea751bbfd9e15cf70807ac592\/054_IMG_3517_768x512.jpg"",""distance"":312,""url"":""\/monastyri\/monastery\/gorodetskiy-feodorovskiy-muzhskoy-monastyr\/"",""props"":{""eparhia"":null,""mitropolia"":null,""boss"":null,""type"":""Епархиальные монастыри Русской Православной Церкви"",""founded"":""1154""}}"
"{""name"":""Городницкий Георгиевский ставропигиальный мужской монастырь Киевской епархии "",""lat"":""50.805355"",""long"":""27.314301"",""img"":""\/upload\/iblock\/c32\/4uu2mzs782irbkye84x80kxwoqaetgci\/00.jpg"",""distance"":931,""url"":""\/monastyri\/monastery\/gorodnitskiy-georgievskiy-stavropigialnyy-muzhskoy-monastyr-kievskoy-eparkhii-\/"",""props"":{""eparhia"":null,""mitropolia"":null,""boss"":null,""type"":""Монастыри УПЦ МП"",""founded"":""""}}"
"{""name"":""Гусевский женский монастырь  в честь иконы Божией Матери «Ахтырской»  "",""lat"":""49.910222783033"",""long"":""44.688819695106"",""img"":""\/upload\/iblock\/617\/617ff68bf0454baa353fe2603b6c02bc\/oo.jpg"",""distance"":737,""url"":""\/monastyri\/monastery\/gusevskiy-zhenskiy-monastyr-v-chest-ikony-bozhiey-materi-akhtyrskoy-\/"",""props"":{""eparhia"":null,""mitropolia"":null,""boss"":null,""type"":""Епархиальные монастыри Русской Православной Церкви"",""founded"":""1860""}}"
"{""name"":""Гуслицкий Спасо-Преображенский мужской монастырь"",""lat"":""55.582679919845"",""long"":""38.881561777771"",""img"":""\/upload\/iblock\/d63\/d635a2acb5869bc25922bfdb236c0769\/1.jpg"",""distance"":6,""url"":""\/monastyri\/monastery\/guslitskiy-spaso-preobrazhenskiy-muzhskoy-monastyr\/"",""props"":{""eparhia"":null,""mitropolia"":null,""boss"":null,""type"":""Епархиальные монастыри Русской Православной Церкви"",""founded"":""1858""}}"
"{""name"":""Дальне-Давыдовский женский монастырь в честь иконы Божией Матери  «Утоли моя печали»"",""lat"":""55.6892898918"",""long"":""42.627748894182"",""img"":""\/upload\/iblock\/8cd\/8cd39028146d90cf75dd6416dedc5304\/70a2164ced70aa654bb3f7f514df74f3_wd6.jpg"",""distance"":237,""url"":""\/monastyri\/monastery\/dalne-davydovskiy-zhenskiy-monastyr-v-chest-ikony-bozhiey-materi-utoli-moya-pechali\/"",""props"":{""eparhia"":null,""mitropolia"":null,""boss"":null,""type"":""Епархиальные монастыри Русской Православной Церкви"",""founded"":""1858""}}"
"{""name"":""Дальняя пустынь Иоанно-Богословского Макаровского монастыря."",""lat"":""54.159677019859"",""long"":""45.254812194065"",""img"":""\/upload\/iblock\/1b7\/1b749aa52fd91a0fb3c36bf9f0ff5508\/dalnyaya.jpg"",""distance"":436,""url"":""\/monastyri\/monastery\/dalnyaya-pustyn-ioanno-bogoslovskogo-makarovskogo-monastyrya\/"",""props"":{""eparhia"":null,""mitropolia"":null,""boss"":null,""type"":""скит епархиального монастыря"",""founded"":""2010""}}"
"{""name"":""Данилов ставропигиальный мужской монастырь"",""lat"":""55.710606778853"",""long"":""37.62909119805"",""img"":""\/upload\/iblock\/aaf\/monasterium.ru_12.jpg"",""distance"":81,""url"":""\/monastyri\/monastery\/danilov-stavropigialnyy-muzhskoy-monastyr\/"",""props"":{""eparhia"":null,""mitropolia"":null,""boss"":null,""type"":""Ставропигиальные монастыри Русской Православной Церкви"",""founded"":""1282""}}"
"{""name"":""Деулинское подворье Троице-Сергиевой лавры. Храм Нерукотворного Спаса в селе Деулино"",""lat"":""56.354033333715"",""long"":""38.115111584625"",""img"":""\/upload\/iblock\/959\/013.jpg"",""distance"":104,""url"":""\/monastyri\/monastery\/deulinskoe-podvore-khram-nerukotvornogo-spasa-v-sele-deulino\/"",""props"":{""eparhia"":null,""mitropolia"":null,""boss"":null,""type"":""подворье ставропигиального монастыря"",""founded"":""1617""}}"
"{""name"":""Димитриевский мужской монастырь с. Дмитриево "",""lat"":""53.748411150502"",""long"":""39.60559567344"",""img"":""\/upload\/iblock\/603\/6035dab15314aca9e218b941ab5d5a46\/1.jpg"",""distance"":204,""url"":""\/monastyri\/monastery\/dimitrievskiy-muzhskoy-monastyr-s-dmitrievo-\/"",""props"":{""eparhia"":null,""mitropolia"":null,""boss"":null,""type"":""Епархиальные монастыри Русской Православной Церкви"",""founded"":""1380""}}"
"{""name"":""Димитриевский мужской монастырь, г. Оренбург"",""lat"":""51.779532163845"",""long"":""55.097934711639"",""img"":""\/upload\/iblock\/287\/287488647aa5279a155076c534f6a0a0\/monastyr.png"",""distance"":1145,""url"":""\/monastyri\/monastery\/dimitrievskiy-muzhskoy-monastyr-g-orenburg\/"",""props"":{""eparhia"":null,""mitropolia"":null,""boss"":null,""type"":""Епархиальные монастыри Русской Православной Церкви"",""founded"":""2016""}}"
"{""name"":""Свято-Димитриевский Троекуровский Иларионовский  женский монастырь"",""lat"":""52.978373698872"",""long"":""38.973356899792"",""img"":""\/upload\/iblock\/825\/82583d379bad1be1e8db53e140aa1860\/orp.jpg"",""distance"":284,""url"":""\/monastyri\/monastery\/svyato-dimitrievskiy-troekurovskiy-ilarionovskiy-zhenskiy-monastyr\/"",""props"":{""eparhia"":null,""mitropolia"":null,""boss"":null,""type"":""Епархиальные монастыри Русской Православной Церкви"",""founded"":""1857""}}"
"{""name"":""Дионисиевский мужской монастырь Восточно-Американской епархии"",""lat"":""40.879038228167"",""long"":""-73.153693857147"",""img"":""\/upload\/iblock\/fc0\/8x9geofn6ust3ubcin9xo8gh7699t2yz\/ed2hp485p3dtmzqj8biva59uuforqqjj.jpg"",""distance"":7531,""url"":""\/monastyri\/monastery\/dionisievskiy-muzhskoy-monastyr-vostochno-amerikanskoy-eparkhii\/"",""props"":{""eparhia"":null,""mitropolia"":null,""boss"":null,""type"":""Монастыри РПЦЗ"",""founded"":""2018""}}"
"{""name"":""Дмитриевский Припичень-Куркиевский женский монастырь Кишиневской епархии"",""lat"":""47.682402"",""long"":""28.78291"",""img"":""\/upload\/iblock\/4cb\/1.jpg"",""distance"":1115,""url"":""\/monastyri\/monastery\/dmitrievskiy-pripichen-kurkievskiy-zhenskiy-monastyr-kishinevskoy-eparkhii\/"",""props"":{""eparhia"":null,""mitropolia"":null,""boss"":null,""type"":""Монастыри Православной Церкви Молдовы"",""founded"":""1817""}}"
"{""name"":""Домнинский женский монастырь во имя святых Царственных страстотерпцев"",""lat"":""58.1649577018"",""long"":""41.691928444489"",""img"":""\/upload\/iblock\/d5c\/d5c114f7ce4b785d7d63677e5c6c06d7\/1.jpg"",""distance"":340,""url"":""\/monastyri\/monastery\/domninskiy-zhenskiy-monastyr-vo-imya-svyatykh-tsarstvennykh-strastoterptsev\/"",""props"":{""eparhia"":null,""mitropolia"":null,""boss"":null,""type"":""Епархиальные монастыри Русской Православной Церкви"",""founded"":""2004""}}"
"{""name"":""Домницкий мужской монастырь Свято-Рождества Богородицы Черниговской епархии"",""lat"":""51.487165"",""long"":""31.785797"",""img"":""\/upload\/iblock\/70f\/zxemaz15xcmuzup9cdh41fneyj5qp9r7\/00.jpg"",""distance"":649,""url"":""\/monastyri\/monastery\/domnitskiy-muzhskoy-monastyr-svyato-rozhdestva-bogoroditsy-chernigovskoy-eparkhii\/"",""props"":{""eparhia"":null,""mitropolia"":null,""boss"":null,""type"":""Монастыри УПЦ МП"",""founded"":""""}}"
"{""name"":""Домовой храм-часовня святого Иоанна Предтечи , подворье Пермского Троицкого монастыря"",""lat"":""57.981789027172"",""long"":""56.189897771164"",""img"":""\/upload\/iblock\/f4d\/f4d4a7c1eb3ec015f02f23b55846a3d5\/y_4fa2cc9f.jpg"",""distance"":1087,""url"":""\/monastyri\/monastery\/domovoy-khram-chasovnya-svyatogo-ioanna-predtechi\/"",""props"":{""eparhia"":null,""mitropolia"":null,""boss"":null,""type"":""подворье епархиального монастыря"",""founded"":""""}}"
"{""name"":""Домовый храм в честь великомученика и целителя Пантелеимона подворья Свято- Андреевского мужского монастыря в г. Оренбурге"",""lat"":""51.785556667345"",""long"":""55.126329367964"",""img"":""\/upload\/iblock\/b00\/b00d27db3190c8ffc330660c715c4075\/i_300x300.png"",""distance"":1146,""url"":""\/monastyri\/monastery\/domovyy-khram-v-chest-velikomuchenika-i-tselitelya-panteleimona-podvorya-svyato-andreevskogo-muzhsko\/"",""props"":{""eparhia"":null,""mitropolia"":null,""boss"":null,""type"":""подворье епархиального монастыря"",""founded"":""""}}"
"{""name"":""Донской ставропигиальный мужской монастырь"",""lat"":""55.714341862741"",""long"":""37.601310155722"",""img"":""\/upload\/iblock\/b07\/donskoy.jpg"",""distance"":83,""url"":""\/monastyri\/monastery\/donskoy-stavropigialnyy-muzhskoy-monastyr\/"",""props"":{""eparhia"":null,""mitropolia"":null,""boss"":null,""type"":""Ставропигиальные монастыри Русской Православной Церкви"",""founded"":""1591""}}"
"{""name"":""Екабпилсский в честь Сошествия Святого Духа на апостолов мужской монастырь Даугавпилсской епархии"",""lat"":""56.500182454546"",""long"":""25.861181751937"",""img"":""\/upload\/iblock\/228\/1.jpg"",""distance"":815,""url"":""\/monastyri\/monastery\/ekabpilsskiy-v-chest-soshestviya-svyatogo-dukha-na-apostolov-muzhskoy-monastyr\/"",""props"":{""eparhia"":null,""mitropolia"":null,""boss"":null,""type"":""Монастыри Латвийской Православной Церкви "",""founded"":""1670""}}"
"{""name"":""Храм в честь великомученицы Екатерины Подворье Алапаевского мужского монастыря во имя Новомучеников и исповедников Церкви Русской."",""lat"":""57.864529"",""long"":""61.716605"",""img"":""\/upload\/iblock\/cad\/TSerkov-sv.-Ekateriny.-Podvore-monastyrya.jpg"",""distance"":1412,""url"":""\/monastyri\/monastery\/khram-v-chest-velikomuchenitsy-ekaterinv-podvore-alapaevskogo-muzhskogo-monastyrya-vo-imya-novomuche\/"",""props"":{""eparhia"":null,""mitropolia"":null,""boss"":null,""type"":""подворье епархиального монастыря"",""founded"":""1910""}}"
"{""name"":""Екатерининский скит Успенского Второ-Афонского Бештаугорского мужского монастыря"",""lat"":""44.02081038943"",""long"":""42.904860932541"",""img"":""\/upload\/iblock\/296\/296a4613a80a89b82c4cc134b16db3c0\/1234.jpg"",""distance"":1312,""url"":""\/monastyri\/monastery\/ekaterininskiy-skit-uspenskogo-vtoro-afonskogo-beshtaugorskogo-muzhskogo-monastyrya\/"",""props"":{""eparhia"":null,""mitropolia"":null,""boss"":null,""type"":""скит епархиального монастыря"",""founded"":""2012""}}"
"{""name"":""Екатерининский ставропигиальный мужской монастырь, г. Видное"",""lat"":""55.536417550847"",""long"":""37.666049763229"",""img"":""\/upload\/iblock\/048\/04851926e3c1ee071b28879a26a28954\/22.png"",""distance"":77,""url"":""\/monastyri\/monastery\/ekaterininskiy-muzhskoy-monastyr\/"",""props"":{""eparhia"":null,""mitropolia"":null,""boss"":null,""type"":""Ставропигиальные монастыри Русской Православной Церкви"",""founded"":""1658""}}"
"{""name"":""Екатерино-Лебяжский Николаевский мужской монастырь п. Лебяжий Остров "",""lat"":""45.88522305323"",""long"":""38.914349789024"",""img"":""\/upload\/iblock\/194\/1945a0ea2281d625bc4a0e9f4d4b64f2\/0_1aa6f4_89540ee3_L.jpg"",""distance"":1073,""url"":""\/monastyri\/monastery\/ekaterino-lebyazhskiy-nikolaevskiy-muzhskoy-monastyr-p-lebyazhiy-ostrov-\/"",""props"":{""eparhia"":null,""mitropolia"":null,""boss"":null,""type"":""Епархиальные монастыри Русской Православной Церкви"",""founded"":""1794""}}"
"{""name"":""Елецкий Знаменский женский монастырь"",""lat"":""52.6379"",""long"":""38.49782"",""img"":""\/upload\/iblock\/1b3\/1b3dba9c21238ca90c054f5183d3be30\/elets_znamensky2.jpg"",""distance"":323,""url"":""\/monastyri\/monastery\/eletskiy-znamenskiy-zhenskiy-monastyr\/"",""props"":{""eparhia"":null,""mitropolia"":null,""boss"":null,""type"":""Епархиальные монастыри Русской Православной Церкви"",""founded"":""1629""}}"
"{""name"":""Свято-Елисаветинский женский монастырь в г. Минске Минской епархии"",""lat"":""53.955781144863"",""long"":""27.53901544313"",""img"":""\/upload\/iblock\/f59\/f595e507cb59638c8c6af8ce1f97381d\/c365ccff87cf83551698c4160ed547e5.jpg"",""distance"":748,""url"":""\/monastyri\/monastery\/svyato-elisavetinskiy-zhenskiy-monastyr-v-g-minske-minskoy-eparkhii\/"",""props"":{""eparhia"":null,""mitropolia"":null,""boss"":null,""type"":""Монастыри Белорусской Православной Церкви"",""founded"":""1999""}}"
"{""name"":""Свято-Елисаветинский женский монастырь Запорожской епархии"",""lat"":""47.725595901402"",""long"":""35.516316796295"",""img"":""\/upload\/iblock\/5f3\/ui4rwphoohgw1afkdrtbghcuqzjtxkct\/01.jpg"",""distance"":899,""url"":""\/monastyri\/monastery\/svyato-elisavetinskiy-zhenskiy-monastyr-zaporozhskoy-eparkhii\/"",""props"":{""eparhia"":null,""mitropolia"":null,""boss"":null,""type"":""Монастыри УПЦ МП"",""founded"":""1998""}}"
"{""name"":""Свято-Елисеевский Лавришевский мужской монастырь Новогрудской епархии"",""lat"":""53.703461"",""long"":""26.179308"",""img"":""\/upload\/iblock\/921\/921f17669399e01eb603124b0536c573\/d939a6ca7c33ee660504b156a8f2669a.jpg"",""distance"":841,""url"":""\/monastyri\/monastery\/svyato-eliseevskiy-lavrishevskiy-muzhskoy-monastyr-novogrudskoy-eparkhii\/"",""props"":{""eparhia"":null,""mitropolia"":null,""boss"":null,""type"":""Монастыри Белорусской Православной Церкви"",""founded"":""1225""}}"
"{""name"":""Енисейский Спасо-Преображенский мужской монастырь"",""lat"":""58.452633126079"",""long"":""92.169444753967"",""img"":""\/upload\/iblock\/6f6\/6f66faf10169dfc63c82e5dda4d44178\/4.jpg"",""distance"":3159,""url"":""\/monastyri\/monastery\/eniseyskiy-spaso-preobrazhenskiy-muzhskoy-monastyr\/"",""props"":{""eparhia"":null,""mitropolia"":null,""boss"":null,""type"":""Епархиальные монастыри Русской Православной Церкви"",""founded"":""1642""}}"
"{""name"":""Жапский Свято-Вознесенский женский монастырь Кишиневской епархии"",""lat"":""47.988056"",""long"":""28.711667"",""img"":""\/upload\/iblock\/e0c\/Manastirea_Japca.jpg"",""distance"":1090,""url"":""\/monastyri\/monastery\/zhapskiy-svyato-voznesenskiy-zhenskiy-monastyr-kishinevskoy-eparkhii\/"",""props"":{""eparhia"":null,""mitropolia"":null,""boss"":null,""type"":""Монастыри Православной Церкви Молдовы"",""founded"":""1764""}}"
"{""name"":""Женский монастырь во имя Архистратига Божия Михаила с. Малоирменка"",""lat"":""54.535629111161"",""long"":""81.898299789247"",""img"":""\/upload\/iblock\/649\/64989e20d9775b5a35bd57866c670e03\/1SfItqVTVNU.jpg"",""distance"":2700,""url"":""\/monastyri\/monastery\/zhenskiy-zhenskiy-monastyr-vo-imya-arkhistratiga-bozhiya-mikhaila-s-maloirmenka\/"",""props"":{""eparhia"":null,""mitropolia"":null,""boss"":null,""type"":""Епархиальные монастыри Русской Православной Церкви"",""founded"":""1996""}}"
"{""name"":""Женский  монастырь в честь Барской иконы Божьей Матери  Винницкой епархии "",""lat"":""49.086301"",""long"":""27.654646"",""img"":""\/upload\/iblock\/cd6\/19qhjv2gtrcn85j53m75ozqmssxc17yi\/08.jpg"",""distance"":1045,""url"":""\/monastyri\/monastery\/zhenskiy-monastyr-v-chest-barskoy-ikony-bozhey-materi-vinnitskoy-eparkhii-\/"",""props"":{""eparhia"":null,""mitropolia"":null,""boss"":null,""type"":""Монастыри УПЦ МП"",""founded"":""""}}"
"{""name"":""Женский ставропигиальный монастырь в честь иконы Божией Матери «Всецарица»"",""lat"":""45.016395111908"",""long"":""39.028043276271"",""img"":""\/upload\/iblock\/2e3\/vsetsaritsa1.jpg"",""distance"":1170,""url"":""\/monastyri\/monastery\/zhenskiy-monastyr-v-chest-ikony-bozhiey-materi-vsetsaritsa\/"",""props"":{""eparhia"":null,""mitropolia"":null,""boss"":null,""type"":""Ставропигиальные монастыри Русской Православной Церкви"",""founded"":""2005""}}"
"{""name"":""Женский во имя святых и праведных Богоотец Иоакима и Анны скит  Иоанно-Златоустовского женского монастыря "",""lat"":""47.975968"",""long"":""27.799525"",""img"":null,""distance"":1132,""url"":""\/monastyri\/monastery\/zhenskiy-vo-imya-svyatykh-i-pravednykh-bogootets-ioakima-i-anny-skit-ioanno-zlatoustovskogo-zhenskog\/"",""props"":{""eparhia"":null,""mitropolia"":null,""boss"":null,""type"":""скит епархиального монастыря"",""founded"":""""}}"
"{""name"":""Женский монастырь святой блаженной Ксении Петербургской с. Долбенкино"",""lat"":""52.392454806025"",""long"":""35.352387905697"",""img"":""\/upload\/iblock\/b58\/b58d170c52d3a322c1cdcabcb1bca05e\/rr.jpg"",""distance"":419,""url"":""\/monastyri\/monastery\/zhenskiy-monastyr-svyatoy-blazhennoy-ksenii-peterburgskoy-s-dolbenkino\/"",""props"":{""eparhia"":null,""mitropolia"":null,""boss"":null,""type"":""Епархиальные монастыри Русской Православной Церкви"",""founded"":""2010""}}"
"{""name"":""Женский монастырь  в честь   равноапостольной Марии Магдалины Белоцерковской епархии"",""lat"":""49.785681774917"",""long"":""30.114124312164"",""img"":""\/upload\/iblock\/9d3\/dlp19v4i0vl63wcrh0qav5hdw9ullvq2\/06.jpg"",""distance"":869,""url"":""\/monastyri\/monastery\/zhenskiy-monastyr-v-chest-ravnoapostolnoy-marii-magdaliny-belotserkovskoy-eparkhii\/"",""props"":{""eparhia"":null,""mitropolia"":null,""boss"":null,""type"":""Монастыри УПЦ МП"",""founded"":""1997""}}"
"{""name"":""Женский монастырь   первоверховных апостолов Петра и Павла в г. Бендерах Тираспольской епархии"",""lat"":""46.818276"",""long"":""29.484661"",""img"":""\/upload\/iblock\/575\/knbbowhs372cftmlbd7800y00i8p8b9x\/bend.jpg"",""distance"":1168,""url"":""\/monastyri\/monastery\/zhenskiy-monastyr-pervoverkhovnykh-apostolov-petra-i-pavla-v-g-benderakh-tiraspolskoy-eparkhii\/"",""props"":{""eparhia"":null,""mitropolia"":null,""boss"":null,""type"":""Монастыри Православной Церкви Молдовы"",""founded"":""2006""}}"
"{""name"":""Женский монастырь «Пустынь преподобного Сергия Радонежского» Белоцерковской епархии"",""lat"":""49.834205"",""long"":""30.06016"",""img"":null,""distance"":868,""url"":""\/monastyri\/monastery\/zhenskiy-monastyr-pustyn-prepodobnogo-sergiya-radonezhskogo-belotserkovskoy-eparkhii\/"",""props"":{""eparhia"":null,""mitropolia"":null,""boss"":null,""type"":""Монастыри УПЦ МП"",""founded"":""2019""}}"
"{""name"":""Женский монастырь апостола Иоанна Богослова Запорожской епархии "",""lat"":""47.832327491903"",""long"":""36.12693171135"",""img"":""\/upload\/iblock\/031\/0i0pqwuw8y0ixc25f14wdvrp8w195xh0\/00.jpg"",""distance"":877,""url"":""\/monastyri\/monastery\/zhenskiy-monastyr-apostola-ioanna-bogoslova-zaporozhskoy-eparkhii-\/"",""props"":{""eparhia"":null,""mitropolia"":null,""boss"":null,""type"":""Монастыри УПЦ МП"",""founded"":""2011""}}"
"{""name"":""Женский монастырь Божией Матери «Скоропослушница» Восточно-Американской епархии"",""lat"":""42.857851207716"",""long"":""-74.987300825409"",""img"":""\/upload\/iblock\/97b\/c6yeffcre0s23wrruealycdofu20cqac\/118.jpg"",""distance"":7435,""url"":""\/monastyri\/monastery\/zhenskiy-monastyr-bozhiey-materi-skoroposlushnitsa-vostochno-amerikanskoy-eparkhii\/"",""props"":{""eparhia"":null,""mitropolia"":null,""boss"":null,""type"":""Монастыри РПЦЗ"",""founded"":""""}}"
"{""name"":""Женский монастырь Боянской иконы Божией Матери Черновицко-Буковинской епархии"",""lat"":""48.26907945971"",""long"":""26.12910780966"",""img"":""\/upload\/iblock\/474\/v8s1jtsndec06o35z012gvt1w96skfxc\/15.jpg"",""distance"":1187,""url"":""\/monastyri\/monastery\/zhenskiy-monastyr-boyanskoy-ikony-bozhiey-materi-chernovitsko-bukovinskoy-eparkhii\/"",""props"":{""eparhia"":null,""mitropolia"":null,""boss"":null,""type"":""Монастыри УПЦ МП"",""founded"":""1995""}}"
"{""name"":""Женский монастырь в честь Албазинской иконы Божией Матери с.Среднебелая"",""lat"":""50.653257493709"",""long"":""128.01375912174"",""img"":""\/upload\/iblock\/b3a\/b3af560e684881601a2a5a7d956c1c19\/JDPP_00130.jpg"",""distance"":5559,""url"":""\/monastyri\/monastery\/zhenskiy-monastyr-v-chest-albazinskoy-ikony-bozhiey-materi-s-srednebelaya\/"",""props"":{""eparhia"":null,""mitropolia"":null,""boss"":null,""type"":""Епархиальные монастыри Русской Православной Церкви"",""founded"":""2002""}}"
"{""name"":""Женский монастырь в честь Архангела Михаила в селе Комаровка"",""lat"":""54.591907511288"",""long"":""48.321015034363"",""img"":""\/upload\/iblock\/27e\/27e3240dc1feedf9cd2a3b1788ac39ba\/1f282849a1981c90138f28584461a458.jpg"",""distance"":611,""url"":""\/monastyri\/monastery\/zhenskiy-monastyr-v-chest-arkhangela-mikhaila-v-sele-komarovka\/"",""props"":{""eparhia"":null,""mitropolia"":null,""boss"":null,""type"":""Епархиальные монастыри Русской Православной Церкви"",""founded"":""1994""}}"
"{""name"":""Женский монастырь в честь  Архистратига  Божия Михаила Тульчинской епархии"",""lat"":""48.214565"",""long"":""29.372485"",""img"":""\/upload\/iblock\/a25\/7tcwwwadecd3lpj92l0owq52l1bsxgng\/1.jpg"",""distance"":1041,""url"":""\/monastyri\/monastery\/zhenskiy-monastyr-v-chest-arkhistratiga-bozhiya-mikhaila-tulchinskoy-eparkhii\/"",""props"":{""eparhia"":null,""mitropolia"":null,""boss"":null,""type"":""Монастыри УПЦ МП"",""founded"":""2015""}}"
"{""name"":""Женский монастырь в честь Благовещения Пресвятой Богородицы Ровенской епархии"",""lat"":""50.660274127802"",""long"":""26.778334597298"",""img"":""\/upload\/iblock\/3ed\/vnvjwzf3bp4y80dn5r1c0lmsrl9i1b99\/00.jpg"",""distance"":971,""url"":""\/monastyri\/monastery\/zhenskiy-monastyr-v-chest-blagoveshcheniya-presvyatoy-bogoroditsy-rovenskoy-eparkhii\/"",""props"":{""eparhia"":null,""mitropolia"":null,""boss"":null,""type"":""Монастыри УПЦ МП"",""founded"":""2016""}}"
"{""name"":""Женский монастырь в честь блаженной Ксении Петербургской Черновицко-Буковинской епархии"",""lat"":""48.176635"",""long"":""26.209715"",""img"":""\/upload\/iblock\/2e7\/8r4xubkjyp31009r3echd4jvit1xvuof\/00.jpg"",""distance"":1191,""url"":""\/monastyri\/monastery\/zhenskiy-monastyr-v-chest-blazhennoy-ksenii-peterburgskoy-chernovitsko-bukovinskoy-eparkhii\/"",""props"":{""eparhia"":null,""mitropolia"":null,""boss"":null,""type"":""Монастыри УПЦ МП"",""founded"":""2017""}}"
"{""name"":""Женский монастырь в честь великомученика Димитрия Солунского г. Дорогобуж"",""lat"":""54.913450708167"",""long"":""33.305044686508"",""img"":""\/upload\/iblock\/524\/524bbc28abfa67e0581e3aebd07fb849\/2.jpg"",""distance"":360,""url"":""\/monastyri\/monastery\/zhenskiy-monastyr-v-chest-velikomuchenika-dimitriya-solunskogo-g-dorogobuzh\/"",""props"":{""eparhia"":null,""mitropolia"":null,""boss"":null,""type"":""Епархиальные монастыри Русской Православной Церкви"",""founded"":""1737""}}"
"{""name"":""Женский монастырь в честь великомученицы Варвары Белоцерковской епархии "",""lat"":""49.877610114497"",""long"":""30.82684944313"",""img"":""\/upload\/iblock\/c3a\/ovf1lwnwc0mxd7ua72m1fo22507ouum3\/07.jpg"",""distance"":830,""url"":""\/monastyri\/monastery\/zhenskiy-monastyr-v-chest-velikomuchenitsy-varvary-belotserkovskoy-eparkhii-\/"",""props"":{""eparhia"":null,""mitropolia"":null,""boss"":null,""type"":""Монастыри УПЦ МП"",""founded"":""""}}"
"{""name"":""Женский монастырь в честь великомученицы Екатерины п. Родники"",""lat"":""54.700623417168"",""long"":""20.66752792029"",""img"":""\/upload\/iblock\/69f\/69fd041c5642f4ffd2739234a2eea74c\/file.jpg"",""distance"":1159,""url"":""\/monastyri\/monastery\/zhenskiy-monastyr-v-chest-velikomuchenitsy-ekateriny-p-rodniki\/"",""props"":{""eparhia"":null,""mitropolia"":null,""boss"":null,""type"":""Епархиальные монастыри Русской Православной Церкви"",""founded"":""2019""}}"
"{""name"":""Женский монастырь в честь Воскресения Христова в городе Чердыни"",""lat"":""60.40204362042"",""long"":""56.486696296295"",""img"":""\/upload\/iblock\/1b4\/b3v2da3dth7sbkbhj7viedae08r9igrz\/44.jpg"",""distance"":1167,""url"":""\/monastyri\/monastery\/zhenskiy-monastyr-v-chest-voskreseniya-khristova-v-gorode-cherdyni\/"",""props"":{""eparhia"":null,""mitropolia"":null,""boss"":null,""type"":""Епархиальные монастыри Русской Православной Церкви"",""founded"":""2021""}}"
"{""name"":""Женский монастырь в честь Всех святых, в земле Русской просиявших в пгт. Атамановка"",""lat"":""51.947267511683"",""long"":""113.61945116931"",""img"":""\/upload\/iblock\/957\/957acc27fd10ebd5ffdaf03a5f0d0b7a\/8.JPG"",""distance"":4691,""url"":""\/monastyri\/monastery\/zhenskiy-monastyr-v-chest-vsekh-svyatykh-v-zemle-russkoy-prosiyavshikh-v-pgt-atamanovka\/"",""props"":{""eparhia"":null,""mitropolia"":null,""boss"":null,""type"":""Епархиальные монастыри Русской Православной Церкви"",""founded"":""2001""}}"
"{""name"":""Женский монастырь в честь Иверской иконы Божией Матери  в Тразеньи Бельгийской епархии"",""lat"":""50.463115826829"",""long"":""4.3324645244674"",""img"":""\/upload\/iblock\/1cc\/i666h9zvylthghpx3ceiuvgz0278qnes\/couvent_m.jpg"",""distance"":2353,""url"":""\/monastyri\/monastery\/zhenskiy-monastyr-v-chest-iverskoy-ikony-bozhiey-materi-v-trazeni-belgiyskoy-eparkhii\/"",""props"":{""eparhia"":null,""mitropolia"":null,""boss"":null,""type"":""Монастыри Патриаршего экзархата Зарубежной Европы"",""founded"":""1999""}}"
"{""name"":""Женский монастырь в честь иконы Божией Матери «Взыскание погибших» г. Астаны, Астанайской и Алма-Атинской епархии "",""lat"":""51.161471"",""long"":""71.431374"",""img"":""\/upload\/iblock\/d7d\/d7d4bd15df0eeb3caacdfa025ec373ae\/0419.jpg"",""distance"":2194,""url"":""\/monastyri\/monastery\/zhenskiy-monastyr-v-chest-ikony-bozhiey-materi-vzyskanie-pogibshikh-g-astany-astanayskoy-i-alma-atin\/"",""props"":{""eparhia"":null,""mitropolia"":null,""boss"":null,""type"":""Монастыри Митрополичьего округа Русской Православной Церкви в республике Казахстан"",""founded"":""1990""}}"
"{""name"":""Женский монастырь в честь иконы Божией Матери «Всех скорбящих Радость» с. Белка Балтской епархии"",""lat"":""46.895780748097"",""long"":""30.428800239198"",""img"":""\/upload\/iblock\/931\/kbxqb0u1dpgeeew33rhebhxpz2rrdaro\/IMG_3192.jpg"",""distance"":1125,""url"":""\/monastyri\/monastery\/zhenskiy-monastyr-v-chest-ikony-bozhiey-materi-vsekh-skorbyashchikh-radost-s-belka-baltskoy-eparkhii\/"",""props"":{""eparhia"":null,""mitropolia"":null,""boss"":null,""type"":""Монастыри УПЦ МП"",""founded"":""2011""}}"
"{""name"":""Женский монастырь в честь иконы Божией Матери «Знамение» с. Ляховка"",""lat"":""54.110455093406"",""long"":""47.800833552887"",""img"":""\/upload\/iblock\/78a\/52fjstp5z0s74cspb6xs8p9kk1uwdn8h\/11.jpg"",""distance"":593,""url"":""\/monastyri\/monastery\/zhenskiy-monastyr-v-chest-ikony-bozhiey-materi-znamenie-s-lyakhovka\/"",""props"":{""eparhia"":null,""mitropolia"":null,""boss"":null,""type"":""Епархиальные монастыри Русской Православной Церкви"",""founded"":""2022""}}"
"{""name"":""Женский монастырь в честь иконы Божией Матери «Игумения Афонской Горы» Уманской епархии"",""lat"":""48.88784066657"",""long"":""30.450309067052"",""img"":""\/upload\/iblock\/045\/tlarh3k15xblf5fp27sr4i7l2mcisy9q\/1.jpg"",""distance"":935,""url"":""\/monastyri\/monastery\/zhenskiy-monastyr-v-chest-ikony-bozhiey-materi-igumeniya-afonskoy-gory-umanskoy-eparkhii\/"",""props"":{""eparhia"":null,""mitropolia"":null,""boss"":null,""type"":""Монастыри УПЦ МП"",""founded"":""2005""}}"
"{""name"":""Женский монастырь в честь иконы Божией матери «Казанская» п. Мутной"",""lat"":""53.201189702097"",""long"":""158.46276917903"",""img"":""\/upload\/iblock\/f2d\/f2d9739c6e6ebd82f2d4421fb1571229\/317_1024x733.jpg"",""distance"":6725,""url"":""\/monastyri\/monastery\/zhenskiy-monastyr-v-chest-ikony-bozhiey-materi-kazanskaya-p-mutnoy\/"",""props"":{""eparhia"":null,""mitropolia"":null,""boss"":null,""type"":""Епархиальные монастыри Русской Православной Церкви"",""founded"":""2000""}}"
"{""name"":""Женский монастырь в честь иконы Божией Матери «Киево-Братская» Киевской епархии"",""lat"":""50.55321"",""long"":""30.323653"",""img"":""\/upload\/iblock\/efe\/p7ke9n6wssunbh38yvtrhcflkhxlw1xr\/00.jpg"",""distance"":795,""url"":""\/monastyri\/monastery\/zhenskiy-monastyr-v-chest-ikony-bozhiey-materi-kievo-bratskaya-kievskoy-eparkhii\/"",""props"":{""eparhia"":null,""mitropolia"":null,""boss"":null,""type"":""Монастыри УПЦ МП"",""founded"":""2013""}}"
"{""name"":""Женский монастырь в честь иконы Божией Матери «Корсунская»  в Грассак"",""lat"":""45.585433152459"",""long"":""0.40276121417229"",""img"":""\/upload\/iblock\/4f4\/2okx3lcm35ng6nc3obcursnu3xlmqlme\/glise_du_sauveur_puyloubard.1000x800.jpg"",""distance"":2889,""url"":""\/monastyri\/monastery\/zhenskiy-monastyr-v-chest-ikony-bozhiey-materi-korsunskaya-v-grassak\/"",""props"":{""eparhia"":null,""mitropolia"":null,""boss"":null,""type"":""Монастыри Патриаршего экзархата Зарубежной Европы"",""founded"":""1987""}}"
"{""name"":""Женский монастырь в честь иконы Божией Матери «Корсунская» Новокаховской епархии"",""lat"":""46.762376241568"",""long"":""33.185938711309"",""img"":""\/upload\/iblock\/f76\/l859h8yeoy7lfwg1ogx83nd4ts49n67d\/00-_1_.jpg"",""distance"":1052,""url"":""\/monastyri\/monastery\/zhenskiy-monastyr-v-chest-ikony-bozhiey-materi-korsunskaya-novokakhovskoy-eparkhii\/"",""props"":{""eparhia"":null,""mitropolia"":null,""boss"":null,""type"":""Монастыри УПЦ МП"",""founded"":""1797""}}"
"{""name"":""Женский монастырь в честь иконы Божией Матери «Отрада и Утешение» Киевской епархии"",""lat"":""50.06648"",""long"":""30.418847"",""img"":""\/upload\/iblock\/24f\/t1r87xvbnyf1p3i44437go460tko70k5\/00-_1_.jpg"",""distance"":831,""url"":""\/monastyri\/monastery\/zhenskiy-monastyr-v-chest-ikony-bozhiey-materi-otrada-i-uteshenie-kievskoy-eparkhii\/"",""props"":{""eparhia"":null,""mitropolia"":null,""boss"":null,""type"":""Монастыри УПЦ МП"",""founded"":""2008""}}"
"{""name"":""Женский монастырь в честь иконы Божией Матери «Умиление» г. Сургута "",""lat"":""61.283988093268"",""long"":""73.339442527786"",""img"":""\/upload\/iblock\/959\/9590bf476f405d235e47984444380073\/IMG_2732_11_05_18_08_25.JPG"",""distance"":2079,""url"":""\/monastyri\/monastery\/zhenskiy-monastyr-v-chest-ikony-bozhiey-materi-umilenie-g-surguta-\/"",""props"":{""eparhia"":null,""mitropolia"":null,""boss"":null,""type"":""Епархиальные монастыри Русской Православной Церкви"",""founded"":""2015""}}"
"{""name"":""Женский монастырь в честь иконы Божией Матери «Услышательница» Киевской епархии"",""lat"":""50.381644"",""long"":""29.813341"",""img"":""\/upload\/iblock\/d0f\/e0kgn1h491j81i5icm6xnduu2wytougg\/O8H3ct_5f7b1f654fb886_42966674.jpg"",""distance"":834,""url"":""\/monastyri\/monastery\/zhenskiy-monastyr-v-chest-ikony-bozhiey-materi-uslyshatelnitsa-kievskoy-eparkhii\/"",""props"":{""eparhia"":null,""mitropolia"":null,""boss"":null,""type"":""Монастыри УПЦ МП"",""founded"":""2015""}}"
"{""name"":""Женский монастырь  в честь Казанской иконы Божией Матери п.Раздольное"",""lat"":""43.520081682111"",""long"":""131.90829684743"",""img"":""\/upload\/iblock\/fec\/fec1b96923edef458e47fcd93dc3773d\/20170809_Kazansky_Monastyr_Razdolnoe_003.jpg"",""distance"":6328,""url"":""\/monastyri\/monastery\/monastyr-v-chest-kazanskoy-ikony-bozhiey-materi-p-razdolnoe\/"",""props"":{""eparhia"":null,""mitropolia"":null,""boss"":null,""type"":""Епархиальные монастыри Русской Православной Церкви"",""founded"":""1998""}}"
"{""name"":""Женский монастырь в честь Калужского образа Божией Матери"",""lat"":""54.515825808119"",""long"":""36.381160767537"",""img"":""\/upload\/iblock\/e8d\/e8d86fdd47cc412b08e5caaaa7f71b1c\/02572_20170810_192338.jpg"",""distance"":195,""url"":""\/monastyri\/monastery\/monastyr-v-chest-kaluzhskogo-obraza-bozhiey-materi\/"",""props"":{""eparhia"":null,""mitropolia"":null,""boss"":null,""type"":""Епархиальные монастыри Русской Православной Церкви"",""founded"":""2017""}}"
"{""name"":""Женский монастырь в честь Корсунской иконы Божией Матери на Сапун-Горе"",""lat"":""44.541629270676"",""long"":""33.578164563507"",""img"":""\/upload\/iblock\/297\/q0bgheqpb6qwztjyd2z5gx7c7u726j0t\/1.jpg"",""distance"":1279,""url"":""\/monastyri\/monastery\/zhenskiy-monastyr-v-chest-korsunskoy-ikony-bozhiey-materi-na-sapun-gore\/"",""props"":{""eparhia"":null,""mitropolia"":null,""boss"":null,""type"":""Епархиальные монастыри Русской Православной Церкви"",""founded"":""2009""}}"
"{""name"":""Женский монастырь в честь первоверховных апостолов Петра и Павла с. Петропавловка"",""lat"":""48.681616"",""long"":""135.525611"",""img"":""\/upload\/iblock\/2c7\/2c78b3979eb906db326274b70eb8ac58\/1.jpg"",""distance"":6098,""url"":""\/monastyri\/monastery\/zhenskiy-monastyr-v-chest-pervoverkhovnykh-apostolov-petra-i-pavla-s-petropavlovka\/"",""props"":{""eparhia"":null,""mitropolia"":null,""boss"":null,""type"":""Епархиальные монастыри Русской Православной Церкви"",""founded"":""2002""}}"
"{""name"":""Женский монастырь в честь Похвалы Божией Матери с. Боровское "",""lat"":""56.2634654553"",""long"":""62.655481123502"",""img"":""\/upload\/iblock\/40d\/40d14e9651c67e8c119701248fe5e0b9\/QUsHrAmb_5g.jpg"",""distance"":1478,""url"":""\/monastyri\/monastery\/zhenskiy-monastyr-v-chest-pokhvaly-bozhiey-materi-s-borovskoe-\/"",""props"":{""eparhia"":null,""mitropolia"":null,""boss"":null,""type"":""Епархиальные монастыри Русской Православной Церкви"",""founded"":""2000""}}"
"{""name"":""Женский монастырь в честь праведных Симеона Богоприимца и пророчицы Анны в селе Кизильское"",""lat"":""52.720932195729"",""long"":""58.890468830688"",""img"":""\/upload\/iblock\/6d0\/6d0fc810e1b429bb6251415f577f1d76\/Kizil_monastery_46.jpg"",""distance"":1337,""url"":""\/monastyri\/monastery\/zhenskiy-monastyr-v-chest-pravednykh-simeona-bogopriimtsa-i-prorochitsy-anny-v-sele-kizilskoe\/"",""props"":{""eparhia"":null,""mitropolia"":null,""boss"":null,""type"":""Епархиальные монастыри Русской Православной Церкви"",""founded"":""1999""}}"
"{""name"":""Женский монастырь в честь преподобного Амвросия Оптинского в деревне Русаково Новогрудской епархии"",""lat"":""52.981498099515"",""long"":""25.401866838623"",""img"":""\/upload\/iblock\/223\/e0x24fn7h5qllhan8lvwps4eitcl3gg7\/2_7.jpg"",""distance"":919,""url"":""\/monastyri\/monastery\/zhenskiy-monastyr-v-chest-prepodobnogo-amvrosiya-optinskogo-v-derevne-rusakovo-novogrudskoy-eparkhii\/"",""props"":{""eparhia"":null,""mitropolia"":null,""boss"":null,""type"":""Монастыри Белорусской Православной Церкви"",""founded"":""2021""}}"
"{""name"":""Женский монастырь в честь преподобного Лаврентия Черниговского Черниговской епархии"",""lat"":""51.31396"",""long"":""31.807995"",""img"":""\/upload\/iblock\/12b\/k2c0wbqvodz1gtamrgkpqfpt6c2ejser\/00.jpg"",""distance"":663,""url"":""\/monastyri\/monastery\/zhenskiy-monastyr-v-chest-prepodobnogo-lavrentiya-chernigovskogo-chernigovskoy-eparkhii\/"",""props"":{""eparhia"":null,""mitropolia"":null,""boss"":null,""type"":""Монастыри УПЦ МП"",""founded"":""2002""}}"
"{""name"":""Женский монастырь в честь преподобного Паисия Величковского Западно-Американской епархии"",""lat"":""32.829136248358"",""long"":""-109.71912976012"",""img"":""\/upload\/iblock\/860\/uxdmb77wism5izw2mfbe6388jzd19op8\/panoramic.jpg"",""distance"":9746,""url"":""\/monastyri\/monastery\/zhenskiy-monastyr-v-chest-prepodobnogo-paisiya-velichkovskogo-zapadno-amerikanskoy-eparkhii\/"",""props"":{""eparhia"":null,""mitropolia"":null,""boss"":null,""type"":""Монастыри РПЦЗ"",""founded"":""""}}"
"{""name"":""Женский монастырь в честь преподобного Сергия Радонежского Горловской епархии "",""lat"":""48.670480669758"",""long"":""37.375624264672"",""img"":""\/upload\/iblock\/98d\/qih6kgwcl3jxyf4e002f3t90o8xzeyww\/00-_1_.jpg"",""distance"":770,""url"":""\/monastyri\/monastery\/zhenskiy-monastyr-v-chest-prepodobnogo-sergiya-radonezhskogo-gorlovskoy-eparkhii-\/"",""props"":{""eparhia"":null,""mitropolia"":null,""boss"":null,""type"":""Монастыри УПЦ МП"",""founded"":""2002""}}"
"{""name"":""Женский монастырь в честь преподобной Анастасии Киевской Киевской епархии "",""lat"":""49.978024175475"",""long"":""30.00533502314"",""img"":""\/upload\/iblock\/657\/phzwfcu5mdm3s0ki230haaebl2mhv3jt\/00.jpg"",""distance"":858,""url"":""\/monastyri\/monastery\/zhenskiy-monastyr-v-chest-prepodobnoy-anastasii-kievskoy-kievskoy-eparkhii-\/"",""props"":{""eparhia"":null,""mitropolia"":null,""boss"":null,""type"":""Монастыри УПЦ МП"",""founded"":""2010""}}"
"{""name"":""Женский монастырь в честь преподобномученицы великой княгини Елисаветы Бориспольской епархии "",""lat"":""50.593145"",""long"":""30.647533"",""img"":""\/upload\/iblock\/010\/8gb50d42kt90q1siuuw62hegw0nqzo8t\/06.jpg"",""distance"":777,""url"":""\/monastyri\/monastery\/zhenskiy-monastyr-v-chest-prepodobnomuchenitsy-velikoy-knyagini-elisavety-borispolskoy-eparkhii-\/"",""props"":{""eparhia"":null,""mitropolia"":null,""boss"":null,""type"":""Монастыри УПЦ МП"",""founded"":""2017""}}"
"{""name"":""Женский монастырь в честь преподобномученицы Елизаветы  Германской епархии "",""lat"":""48.056146422097"",""long"":""11.402288028258"",""img"":""\/upload\/iblock\/1b8\/wxe8666m2crdwkxnmmx4pf16fm514cjr\/2022_06_02_09_51_37.png"",""distance"":2047,""url"":""\/monastyri\/monastery\/zhenskiy-monastyr-v-chest-prepodobnomuchenitsy-elizavety-germanskoy-eparkhii-rpzts\/"",""props"":{""eparhia"":null,""mitropolia"":null,""boss"":null,""type"":""Монастыри РПЦЗ"",""founded"":""2005""}}"
"{""name"":""Женский монастырь в честь Пророка, Предтечи и Крестителя Господня Иоанна (Orthodox Klooster van de Heilige Profeet, Voorloper en Doper Johannes)"",""lat"":""52.086928"",""long"":""4.312103"",""img"":""\/upload\/iblock\/f90\/n2sdk1jgykj87ac33lxijcz1n4t2ghk9\/121018_dHk_foto_1.jpg"",""distance"":2277,""url"":""\/monastyri\/monastery\/zhenskiy-monastyr-v-chest-proroka-predtechi-i-krestitelya-gospodnya-ioanna-orthodox-klooster-van-de-\/"",""props"":{""eparhia"":null,""mitropolia"":null,""boss"":null,""type"":""Монастыри Патриаршего экзархата Зарубежной Европы"",""founded"":""1954""}}"
"{""name"":""Женский монастырь в честь равноапостольной великой княгини Ольги Киевской епархии"",""lat"":""50.201908"",""long"":""29.825523"",""img"":""\/upload\/iblock\/1b2\/jnhh5ebppz1r710gel09qu9l7y509me5\/00.jpg"",""distance"":848,""url"":""\/monastyri\/monastery\/zhenskiy-monastyr-v-chest-ravnoapostolnoy-velikoy-knyagini-olgi-kievskoy-eparkhii\/"",""props"":{""eparhia"":null,""mitropolia"":null,""boss"":null,""type"":""Монастыри УПЦ МП"",""founded"":""2016""}}"
"{""name"":""Женский монастырь в честь равноапостольной Марии Магдалины Мукачевской епархии"",""lat"":""48.778433845808"",""long"":""22.524992253967"",""img"":""\/upload\/iblock\/389\/41daqgaqfrfv2xfqvqwn62qm20mxnftl\/01.jpg"",""distance"":1340,""url"":""\/monastyri\/monastery\/zhenskiy-monastyr-v-chest-ravnoapostolnoy-marii-magdaliny-mukachevskoy-eparkhii\/"",""props"":{""eparhia"":null,""mitropolia"":null,""boss"":null,""type"":""Монастыри УПЦ МП"",""founded"":""2010""}}"
"{""name"":""Женский монастырь в честь святой царственной страстотерпицы великой княжны Ольги Луганской епархии "",""lat"":""48.5416940706"",""long"":""39.340276025131"",""img"":""\/upload\/iblock\/cf3\/yfcptj292i1ok1c5c9vzosftjjcpg5vm\/00-_1_.jpg"",""distance"":778,""url"":""\/monastyri\/monastery\/zhenskiy-monastyr-v-chest-svyatoy-tsarstvennoy-strastoterpitsy-velikoy-knyazhny-olgi-luganskoy-eparkh\/"",""props"":{""eparhia"":null,""mitropolia"":null,""boss"":null,""type"":""Монастыри УПЦ МП"",""founded"":""2013""}}"
"{""name"":""Женский монастырь в честь святых Жен-мироносиц в селе Клыково "",""lat"":""54.150441379706"",""long"":""35.80986566143"",""img"":""\/upload\/iblock\/f3e\/f3e35c69f054183bfa911b24913f0122\/2019_05_12-14_31_24_1.jpg"",""distance"":250,""url"":""\/monastyri\/monastery\/zhenskiy-monastyr-v-chest-svyatykh-zhen-mironosits-v-sele-klykovo-\/"",""props"":{""eparhia"":null,""mitropolia"":null,""boss"":null,""type"":""Епархиальные монастыри Русской Православной Церкви"",""founded"":""2023""}}"
"{""name"":""Женский монастырь в честь священномученика Харалампия Конотопской епархии"",""lat"":""51.843562"",""long"":""33.574239"",""img"":""\/upload\/iblock\/371\/ska5l70rzruaui3ugzz83yzxcl82ltfz\/00.jpg"",""distance"":539,""url"":""\/monastyri\/monastery\/zhenskiy-monastyr-v-chest-svyashchennomuchenika-kharalampiya-konotopskoy-eparkhii\/"",""props"":{""eparhia"":null,""mitropolia"":null,""boss"":null,""type"":""Монастыри УПЦ МП"",""founded"":""1702""}}"
"{""name"":""Женский монастырь в честь Тихвинской иконы Божией Матери в пос. Борисовка"",""lat"":""50.612405"",""long"":""36.007356"",""img"":""\/upload\/iblock\/d96\/d961e0f9bfa98b4c338dffa1d67b2325\/YuDqq_9QPk.jpg"",""distance"":580,""url"":""\/monastyri\/monastery\/zhenskiy-monastyr-v-chest-tikhvinskoy-ikony-bozhiey-materi-v-pos-borisovka\/"",""props"":{""eparhia"":null,""mitropolia"":null,""boss"":null,""type"":""Епархиальные монастыри Русской Православной Церкви"",""founded"":""1814""}}"
"{""name"":""Женский монастырь Владимирской иконы Божией Матери села Пиксур"",""lat"":""58.914905573297"",""long"":""48.008224852053"",""img"":""\/upload\/iblock\/2a7\/tg1chccoaaxzl6eomrln0vziym18n16u\/Monastyr-v-s.-Piksur.jpg"",""distance"":666,""url"":""\/monastyri\/monastery\/zhenskiy-monastyr-vladimirskoy-ikony-bozhiey-materi-sela-piksur\/"",""props"":{""eparhia"":null,""mitropolia"":null,""boss"":null,""type"":""Епархиальные монастыри Русской Православной Церкви"",""founded"":""1994""}}"
"{""name"":""Женском монастыре вмч. Иоанна Сочавского Черновицко-Буковинской епархии"",""lat"":""47.987851"",""long"":""25.572245"",""img"":""\/upload\/iblock\/872\/yztqdf5kqz8gv6udq2s8ufppi3rl1bcw\/03.jpg"",""distance"":1238,""url"":""\/monastyri\/monastery\/zhenskom-monastyre-vmch-ioanna-sochavskogo-chernovitsko-bukovinskoy-eparkhii\/"",""props"":{""eparhia"":null,""mitropolia"":null,""boss"":null,""type"":""Монастыри УПЦ МП"",""founded"":""1996""}}"
"{""name"":""Женский монастырь во имя великомученика Георгия в Унгенах  Унгенской и Ниспоренской епархии"",""lat"":""47.214534"",""long"":""27.792729"",""img"":""\/upload\/iblock\/9b3\/8iizm06in7wvs18eohhuhwntihx8v0l4\/5.jpg"",""distance"":1200,""url"":""\/monastyri\/monastery\/zhenskiy-monastyr-vo-imya-velikomuchenika-georgiya-v-ungenakh-ungenskoy-i-nisporenskoy-eparkhii\/"",""props"":{""eparhia"":null,""mitropolia"":null,""boss"":null,""type"":""Монастыри Православной Церкви Молдовы"",""founded"":""2008""}}"
"{""name"":""Женский монастырь во имя Иоанна Предтечи г. Вязьмы "",""lat"":""55.206778308317"",""long"":""34.272045965607"",""img"":""\/upload\/iblock\/bd5\/bd5fda3fe4a7398ff184c0b6e1c96948\/1.jpg"",""distance"":294,""url"":""\/monastyri\/monastery\/zhenskiy-monastyr-vo-imya-ioanna-predtechi-g-vyazmy-\/"",""props"":{""eparhia"":null,""mitropolia"":null,""boss"":null,""type"":""Епархиальные монастыри Русской Православной Церкви"",""founded"":""1542""}}"
"{""name"":""Женский монастырь во имя преподобномученицы великой княгини Елисаветы Феодоровны г. Алапаевск"",""lat"":""57.866484133439"",""long"":""61.703177786433"",""img"":""\/upload\/iblock\/9dc\/11.jpg"",""distance"":1411,""url"":""\/monastyri\/monastery\/zhenskiy-monastyr-vo-imya-prepodobnomuchenitsy-velikoy-knyagini-elisavety-feodorovny-g-alapaevsk\/"",""props"":{""eparhia"":null,""mitropolia"":null,""boss"":null,""type"":""Епархиальные монастыри Русской Православной Церкви"",""founded"":""""}}"
"{""name"":""Женский монастырь Иверской иконы Божией Матери   Луганской епархии"",""lat"":""48.564063"",""long"":""39.217318"",""img"":""\/upload\/iblock\/e4d\/3mwkqn64j4ykz3clowiklmxeyqd2m1zx\/00.jpg"",""distance"":776,""url"":""\/monastyri\/monastery\/iverskoy-ikony-bozhiey-materi-zhenskaya-obshchina-luganskoy-eparkhii\/"",""props"":{""eparhia"":null,""mitropolia"":null,""boss"":null,""type"":""Монастыри УПЦ МП"",""founded"":""2008""}}"
"{""name"":""Женский монастырь Иверской иконы Божией Матери Сарненской епархии"",""lat"":""51.552616"",""long"":""27.378724"",""img"":""\/upload\/iblock\/3b2\/lc0glqw20x276fkvhjir4f9fpnfltt0n\/00.jpg"",""distance"":878,""url"":""\/monastyri\/monastery\/zhenskiy-monastyr-iverskoy-ikony-bozhiey-materi-sarnenskoy-eparkhii\/"",""props"":{""eparhia"":null,""mitropolia"":null,""boss"":null,""type"":""Монастыри УПЦ МП"",""founded"":""1997""}}"
"{""name"":""Женский монастырь праведной Анны Черновицко-Буковинской епархии"",""lat"":""48.36123"",""long"":""25.503115"",""img"":""\/upload\/iblock\/f2d\/swgaxc1mri1yei7bsj7rm1l74e03sqxb\/00.jpg"",""distance"":1212,""url"":""\/monastyri\/monastery\/zhenskiy-monastyr-pravednoy-anny-chernovitsko-bukovinskoy-eparkhii\/"",""props"":{""eparhia"":null,""mitropolia"":null,""boss"":null,""type"":""Монастыри УПЦ МП"",""founded"":""1994""}}"
"{""name"":""Женский монастырь преподобного Афанасия Афонского Черновицко-Буковинской епархии"",""lat"":""48.320478"",""long"":""26.551959"",""img"":""\/upload\/iblock\/c2d\/8ej02llfinv34opkg25bptdee29tc5k7\/01.jpg"",""distance"":1162,""url"":""\/monastyri\/monastery\/zhenskiy-monastyr-prepodobnogo-afanasiya-afonskogo-chernovitsko-bukovinskoy-eparkhii\/"",""props"":{""eparhia"":null,""mitropolia"":null,""boss"":null,""type"":""Монастыри УПЦ МП"",""founded"":""2001""}}"
"{""name"":""Женский монастырь  Рождества Пресвятой Богородицы Восточно-Американской епархии"",""lat"":""38.217960468637"",""long"":""-82.435577433807"",""img"":""\/upload\/iblock\/fc0\/8x9geofn6ust3ubcin9xo8gh7699t2yz\/ed2hp485p3dtmzqj8biva59uuforqqjj.jpg"",""distance"":8207,""url"":""\/monastyri\/monastery\/zhenskiy-monastyr-rozhdestva-presvyatoy-bogoroditsy-vostochno-amerikanskoy-eparkhii\/"",""props"":{""eparhia"":null,""mitropolia"":null,""boss"":null,""type"":""Монастыри РПЦЗ"",""founded"":""""}}"
"{""name"":""Женский монастырь святого апостола и евангелиста Иоанна Богослова в с. Корсунь"",""lat"":""52.719356831424"",""long"":""36.993508244215"",""img"":""\/upload\/iblock\/fe5\/fe5dc31365cbf46062119be3a8ad12d7\/001.JPG"",""distance"":336,""url"":""\/monastyri\/monastery\/zhenskiy-monastyr-svyatogo-apostola-i-evangelista-ioanna-bogoslova-v-s-korsun\/"",""props"":{""eparhia"":null,""mitropolia"":null,""boss"":null,""type"":""Епархиальные монастыри Русской Православной Церкви"",""founded"":""""}}"
"{""name"":""Женский монастырь Святого Великого Благоверного Князя Александра Невского Шепетовской епархии"",""lat"":""49.895917392336"",""long"":""27.558894770255"",""img"":""\/upload\/iblock\/f9e\/ldmd5p1ehgln2acff6ewr8e4xg1j1res\/00.jpg"",""distance"":985,""url"":""\/monastyri\/monastery\/zhenskiy-monastyr-svyatogo-velikogo-blagovernogo-knyazya-aleksandra-nevskogo-shepetovskoy-eparkhii\/"",""props"":{""eparhia"":null,""mitropolia"":null,""boss"":null,""type"":""Монастыри УПЦ МП"",""founded"":""2004""}}"
"{""name"":""Женский монастырь святой равноапостольной  Марии Магдалины с. Никольское"",""lat"":""52.114608120641"",""long"":""37.512872038217"",""img"":""\/upload\/iblock\/580\/5803162938314ab9fafdb5b037f03a51\/mmm_13_1.jpg"",""distance"":391,""url"":""\/monastyri\/monastery\/zhenskiy-monastyr-svyatoy-marii-magdaliny-s-nikolskoe\/"",""props"":{""eparhia"":null,""mitropolia"":null,""boss"":null,""type"":""Епархиальные монастыри Русской Православной Церкви"",""founded"":""1884""}}"
"{""name"":""Женский монастырь Святых архангелов Чикагской и Среднеамериканской епархии"",""lat"":""38.406106744246"",""long"":""-90.567181452362"",""img"":""\/upload\/iblock\/772\/ai9fmfya8j2gugr09vmn3pgeimks9d7a\/IMG_3331.jpg"",""distance"":8527,""url"":""\/monastyri\/monastery\/zhenskiy-monastyr-svyatykh-arkhangelov-chikagskoy-i-sredneamerikanskoy-eparkhii\/"",""props"":{""eparhia"":null,""mitropolia"":null,""boss"":null,""type"":""Монастыри РПЦЗ"",""founded"":""""}}"
"{""name"":""Женский монастырь Святых Жен-Мироносиц, г. Бобруйск  Бобруйской епархии"",""lat"":""53.138163395232"",""long"":""29.246783473541"",""img"":""\/upload\/iblock\/915\/915454522b46929c8109373f4f242a22\/13_Territoriya_monastyrya_v_nastoyashchee_vremya.jpg"",""distance"":678,""url"":""\/monastyri\/monastery\/zhenskiy-monastyr-svyatykh-zhen-mironosits-g-bobruysk-bobruyskoy-eparkhii\/"",""props"":{""eparhia"":null,""mitropolia"":null,""boss"":null,""type"":""Монастыри Белорусской Православной Церкви"",""founded"":""2008""}}"
"{""name"":""Женский монастырь Серафимо-Знаменский скит"",""lat"":""55.38700638168"",""long"":""37.750248336688"",""img"":""\/upload\/iblock\/aae\/aaeb7a14d5a8036375d7b5d5655357c8\/5.jpg"",""distance"":73,""url"":""\/monastyri\/monastery\/zhenskiy-monastyr-serafimo-znamenskiy-skit\/"",""props"":{""eparhia"":null,""mitropolia"":null,""boss"":null,""type"":""Епархиальные монастыри Русской Православной Церкви"",""founded"":""1910""}}"
"{""name"":""Заволжский мужской монастырь в честь Честного и Животворящего Креста Господня с. Подгоры "",""lat"":""53.325389487493"",""long"":""50.094362066795"",""img"":""\/upload\/iblock\/02c\/02cb9a947d5e0cfc91370329da110434\/959d89ad7d936abff0d12cf18fc6ef5d.jpg"",""distance"":766,""url"":""\/monastyri\/monastery\/zavolzhskiy-muzhskoy-monastyr-v-chest-chestnogo-i-zhivotvoryashchego-kresta-gospodnya-s-podgory-\/"",""props"":{""eparhia"":null,""mitropolia"":null,""boss"":null,""type"":""Епархиальные монастыри Русской Православной Церкви"",""founded"":""2007""}}"
"{""name"":""Заволжский Свято-Ильинский женский монастырь с. Подгоры"",""lat"":""53.319419506138"",""long"":""50.114403527786"",""img"":""\/upload\/iblock\/56f\/56f0134fc9b4517bd80bfa443af402be\/4504393e60a6f96b356167a386c595fb.jpg"",""distance"":767,""url"":""\/monastyri\/monastery\/zavolzhskiy-svyato-ilinskiy-zhenskiy-monastyr-s-podgory\/"",""props"":{""eparhia"":null,""mitropolia"":null,""boss"":null,""type"":""Епархиальные монастыри Русской Православной Церкви"",""founded"":""2006""}}"
"{""name"":""Задонский Рождество-Богородицкий мужской монастырь"",""lat"":""52.392037390963"",""long"":""38.9187371706"",""img"":""\/upload\/iblock\/406\/6.JPG"",""distance"":350,""url"":""\/monastyri\/monastery\/zadonskiy-rozhdestvo-bogoroditskiy-muzhskoy-monastyr\/"",""props"":{""eparhia"":null,""mitropolia"":null,""boss"":null,""type"":""Епархиальные монастыри Русской Православной Церкви"",""founded"":""""}}"
"{""name"":""Тихоновский Преображенский женский монастырь г. Задонска"",""lat"":""52.440453"",""long"":""38.96238"",""img"":""\/upload\/iblock\/aa1\/002_2_.jpg"",""distance"":344,""url"":""\/monastyri\/monastery\/tikhonovskiy-preobrazhenskiy-zhenskiy-monastyr-g-zadonska\/"",""props"":{""eparhia"":null,""mitropolia"":null,""boss"":null,""type"":""Епархиальные монастыри Русской Православной Церкви"",""founded"":""1865""}}"
"{""name"":""Заиконоспасский ставропигиальный мужской монастырь"",""lat"":""55.756465465998"",""long"":""37.620768309709"",""img"":""\/upload\/iblock\/69d\/monasterium.ru_00.jpg"",""distance"":83,""url"":""\/monastyri\/monastery\/zaikonospasskiy-stavropigialnyy-muzhskoy-monastyr\/"",""props"":{""eparhia"":null,""mitropolia"":null,""boss"":null,""type"":""Ставропигиальные монастыри Русской Православной Церкви"",""founded"":""1600""}}"
"{""name"":""Зачатьевский ставропигиальный женский монастырь"",""lat"":""55.739673119695"",""long"":""37.599456007559"",""img"":""\/upload\/iblock\/bc6\/zachatyevsky1.jpg"",""distance"":84,""url"":""\/monastyri\/monastery\/zachatevskiy-stavropigialnyy-zhenskiy-monastyr\/"",""props"":{""eparhia"":null,""mitropolia"":null,""boss"":null,""type"":""Ставропигиальные монастыри Русской Православной Церкви"",""founded"":""1360""}}"
"{""name"":""Злоцкий во имя вмч. Георгия Победоносца мужской монастырь  Кагульской и Комратской епархии"",""lat"":""46.65716"",""long"":""28.915077"",""img"":""\/upload\/iblock\/494\/dsc00667.jpg"",""distance"":1205,""url"":""\/monastyri\/monastery\/zlotskiy-vo-imya-vmch-georgiya-pobedonostsa-muzhskoy-monastyr-kagulskoy-i-komratskoy-eparkhii\/"",""props"":{""eparhia"":null,""mitropolia"":null,""boss"":null,""type"":""Монастыри Православной Церкви Молдовы"",""founded"":""1941""}}"
"{""name"":""Свято-Знаменский Абалакский мужской монастырь"",""lat"":""58.129402629673"",""long"":""68.590553099197"",""img"":""\/upload\/iblock\/3b1\/3b1d55b80c1a4a0551afac1a9b892b2b\/DJI02015.jpg"",""distance"":1816,""url"":""\/monastyri\/monastery\/svyato-znamenskiy-abalakskiy-muzhskoy-monastyr\/"",""props"":{""eparhia"":null,""mitropolia"":null,""boss"":null,""type"":""Епархиальные монастыри Русской Православной Церкви"",""founded"":""1783""}}"
"{""name"":""Свято-Знаменский женский монастырь г. Гороховца"",""lat"":""56.211890064172"",""long"":""42.675826476679"",""img"":""\/upload\/iblock\/96d\/96d867284f89b9c978439f565e711c03\/7.jpg"",""distance"":249,""url"":""\/monastyri\/monastery\/svyato-znamenskiy-zhenskiy-monastyr-g-gorokhovtsa\/"",""props"":{""eparhia"":null,""mitropolia"":null,""boss"":null,""type"":""Епархиальные монастыри Русской Православной Церкви"",""founded"":""1598""}}"
"{""name"":""Знаменский женский монастырь Днепропетровской епархии"",""lat"":""48.13058419306"",""long"":""35.741621851807"",""img"":""\/upload\/iblock\/dff\/s5q9kg12emal6wmonx3azqy7fw7enuab\/05.jpg"",""distance"":851,""url"":""\/monastyri\/monastery\/znamenskiy-zhenskiy-monastyr-dnepropetrovskoy-eparkhii\/"",""props"":{""eparhia"":null,""mitropolia"":null,""boss"":null,""type"":""Монастыри УПЦ МП"",""founded"":""1881""}}"
"{""name"":""Свято-Знаменский монастырь в г. Коврове"",""lat"":""56.362891018191"",""long"":""41.318111801097"",""img"":""\/upload\/iblock\/992\/9924b39ed047dc5b373225ed609ba547\/R8bJUfOIE6w.jpg"",""distance"":179,""url"":""\/monastyri\/monastery\/svyato-znamenskiy-monastyr-v-g-kovrove\/"",""props"":{""eparhia"":null,""mitropolia"":null,""boss"":null,""type"":""Епархиальные монастыри Русской Православной Церкви"",""founded"":""1899""}}"
"{""name"":""Знаменский мужской монастырь г. Курска "",""lat"":""51.72769655947"",""long"":""36.192528194771"",""img"":""\/upload\/iblock\/091\/09152fddfe35a3b0ffb106a1c2ce8766\/ed7b17da6cf518a8c679fcad36d4a22c_XL.jpg"",""distance"":459,""url"":""\/monastyri\/monastery\/znamenskiy-muzhskoy-monastyr-g-kurska-\/"",""props"":{""eparhia"":null,""mitropolia"":null,""boss"":null,""type"":""Епархиальные монастыри Русской Православной Церкви"",""founded"":""1613""}}"
"{""name"":""Знаменский скит Серафимо-Дивеевского монастыря"",""lat"":""55.177661069389"",""long"":""43.192661870021"",""img"":""\/upload\/iblock\/6fd\/zn.jpg"",""distance"":276,""url"":""\/monastyri\/monastery\/znamenskiy-skit-serafimo-diveevskogo-monastyrya\/"",""props"":{""eparhia"":null,""mitropolia"":null,""boss"":null,""type"":""скит епархиального монастыря"",""founded"":""""}}"
"{""name"":""Знаменский скит, подворье Успенского мужского монастыря г.Иваново"",""lat"":""57.064095232536"",""long"":""40.704268587265"",""img"":null,""distance"":205,""url"":""\/monastyri\/monastery\/znamenskiy-skit-podvore-uspenskogo-muzhskogo-monastyrya-g-ivanovo\/"",""props"":{""eparhia"":null,""mitropolia"":null,""boss"":null,""type"":""подворье епархиального монастыря"",""founded"":""1998""}}"
"{""name"":""Золотухинский женский монастырь во имя преподобного Алексия человека Божия "",""lat"":""52.077843772079"",""long"":""36.368984626984"",""img"":""\/upload\/iblock\/3b6\/3b6e840fd63c2f0b2680a9900955384c\/d5b2b4dec95dad0b7d23564051dfea04_monasterium_2018_10_22_08.JPG"",""distance"":418,""url"":""\/monastyri\/monastery\/zolotukhinskiy-zhenskiy-monastyr-vo-imya-prepodobnogo-aleksiya-cheloveka-bozhiya-\/"",""props"":{""eparhia"":null,""mitropolia"":null,""boss"":null,""type"":""Епархиальные монастыри Русской Православной Церкви"",""founded"":""1997""}}"
"{""name"":""Зосимо-Ворбозомский скит Воскресенского Горицкого женского монастыря"",""lat"":""59.488194884619"",""long"":""39.592816967443"",""img"":""\/upload\/iblock\/ff4\/ff406a3680bbed899fda2905c2aaf7a3\/index_img.png"",""distance"":443,""url"":""\/monastyri\/monastery\/zosimo-vorbozomskiy-skit-voskresenskogo-goritskogo-zhenskogo-monastyrya\/"",""props"":{""eparhia"":null,""mitropolia"":null,""boss"":null,""type"":""скит епархиального монастыря"",""founded"":""""}}"
"{""name"":""Свято-Зосимо-Савватиевский Велико-Кракотский мужской монастырь Новогрудской епархии"",""lat"":""53.021588716646"",""long"":""24.96893364418"",""img"":""\/upload\/iblock\/bab\/bab3348b6afd594cbb403fad38d86892\/0.JPG"",""distance"":944,""url"":""\/monastyri\/monastery\/svyato-zosimo-savvatievskiy-veliko-krakotskiy-muzhskoy-monastyr-novogrudskoy-eparkhii\/"",""props"":{""eparhia"":null,""mitropolia"":null,""boss"":null,""type"":""Монастыри Белорусской Православной Церкви"",""founded"":""2009""}}"
"{""name"":""Иверский Богородицкий монастырь села Шерауты"",""lat"":""55.134209710767"",""long"":""47.357764475544"",""img"":""\/upload\/iblock\/20f\/20f4a4724694245e2a7ef19d2d7a412d\/FQzOLZ81DUw.jpg"",""distance"":539,""url"":""\/monastyri\/monastery\/iverskiy-bogoroditskiy-monastyr-sela-sherauty\/"",""props"":{""eparhia"":null,""mitropolia"":null,""boss"":null,""type"":""Епархиальные монастыри Русской Православной Церкви"",""founded"":""1903""}}"
"{""name"":""Иверский женский монастырь г. Уфы"",""lat"":""5446564384"",""long"":""5675547"",""img"":""\/upload\/iblock\/be7\/be7a5d5ee319a3a95ecf2229faf4c53b\/cd7fb023a92b9f559510e405d23fdecb.JPG"",""distance"":9254,""url"":""\/monastyri\/monastery\/iverskiy-zhenskiy-monastyr-g-ufy\/"",""props"":{""eparhia"":null,""mitropolia"":null,""boss"":null,""type"":""Епархиальные монастыри Русской Православной Церкви"",""founded"":""""}}"
"{""name"":""Иверский женский монастырь г. Самары"",""lat"":""53.200505628928"",""long"":""50.099871728836"",""img"":""\/upload\/iblock\/b9b\/b9b04ad749acc0a2f5b464141d898871\/111.jpg"",""distance"":771,""url"":""\/monastyri\/monastery\/iverskiy-zhenskiy-monastyr-g-samary\/"",""props"":{""eparhia"":null,""mitropolia"":null,""boss"":null,""type"":""Епархиальные монастыри Русской Православной Церкви"",""founded"":""1850""}}"
"{""name"":""Иверский женский монастырь Донецкой епархии "",""lat"":""48.065470866007"",""long"":""37.732378517197"",""img"":""\/upload\/iblock\/ffb\/8pzyjxesgcdttjarfy4z5gwxdxvo1u1l\/00.jpg"",""distance"":834,""url"":""\/monastyri\/monastery\/iverskiy-zhenskiy-monastyr-donetskoy-eparkhii-\/"",""props"":{""eparhia"":null,""mitropolia"":null,""boss"":null,""type"":""Монастыри УПЦ МП"",""founded"":""2001""}}"
"{""name"":""Свято-Иверский женский монастырь Ровенской епархии"",""lat"":""50.183632"",""long"":""25.773596"",""img"":""\/upload\/iblock\/9ad\/zovebetxe8bmgv2bzxwbhy85zszkua54\/00-_1_.jpg"",""distance"":1060,""url"":""\/monastyri\/monastery\/svyato-iverskiy-zhenskiy-monastyr-rovenskoy-eparkhii\/"",""props"":{""eparhia"":null,""mitropolia"":null,""boss"":null,""type"":""Монастыри УПЦ МП"",""founded"":""2010""}}"
"{""name"":""Иверский монастырь г. Енисейск"",""lat"":""58.45368344691"",""long"":""92.188331866905"",""img"":""\/upload\/iblock\/b45\/b4535ceb89fa47aae0027d588810e255\/4.JPG"",""distance"":3160,""url"":""\/monastyri\/monastery\/iverskiy-monastyr-g-eniseysk\/"",""props"":{""eparhia"":null,""mitropolia"":null,""boss"":null,""type"":""Епархиальные монастыри Русской Православной Церкви"",""founded"":""1623""}}"
"{""name"":""Иверский мужской монастырь г. Ленинск-Кузнецкий"",""lat"":""54.654165817556"",""long"":""86.195687"",""img"":""\/upload\/iblock\/e9c\/e9c3db53d09ddd2e3ad7a6fb6503a3a9\/2.jpg"",""distance"":2954,""url"":""\/monastyri\/monastery\/iverskiy-muzhskoy-monastyr-g-leninsk-kuznetskiy\/"",""props"":{""eparhia"":null,""mitropolia"":null,""boss"":null,""type"":""Епархиальные монастыри Русской Православной Церкви"",""founded"":""""}}"
"{""name"":""Свято-Иверский мужской монастырь Одесской епархии"",""lat"":""46.41035287887"",""long"":""30.699575001818"",""img"":""\/upload\/iblock\/646\/6yjyjj1sxqq8hcxo05kh46vraoewfsgu\/00-_1_.jpg"",""distance"":1163,""url"":""\/monastyri\/monastery\/svyato-iverskiy-muzhskoy-monastyr-odesskoy-eparkhii\/"",""props"":{""eparhia"":null,""mitropolia"":null,""boss"":null,""type"":""Монастыри УПЦ МП"",""founded"":""1998""}}"
"{""name"":""Иверско-Петропавловский женский монастырь"",""lat"":""53.213780265546"",""long"":""63.874319705522"",""img"":""\/upload\/iblock\/8d4\/t7gbcctr1l5mm5ny7pxwwx2ydr3iy8p7\/004_2_2.jpg"",""distance"":1631,""url"":""\/monastyri\/monastery\/iversko-petropavlovskiy-zhenskiy-monastyr\/"",""props"":{""eparhia"":null,""mitropolia"":null,""boss"":null,""type"":""Монастыри Митрополичьего округа Русской Православной Церкви в республике Казахстан"",""founded"":""1894""}}"
"{""name"":""Иверско-Серафимовский женский монастырь г. Алма-Ата, Астанайской и Алма-Атинской епархии "",""lat"":""43.26934591503"",""long"":""76.959654273155"",""img"":""\/upload\/iblock\/108\/1.jpg"",""distance"":3025,""url"":""\/monastyri\/monastery\/iversko-serafimovskiy-zhenskiy-monastyr-g-alma-ata-astanayskoy-i-alma-atinskoy-eparkhii-\/"",""props"":{""eparhia"":null,""mitropolia"":null,""boss"":null,""type"":""Монастыри Митрополичьего округа Русской Православной Церкви в республике Казахстан"",""founded"":""1908""}}"
"{""name"":""Иконы Божией Матери «Живоносный источник» женский монастырь Хмельницкой епархии"",""lat"":""49.458642052714"",""long"":""26.35131722666"",""img"":""\/upload\/iblock\/078\/ozf0wqb5t79e5h0e06z20ynva2xd3dgt\/3.jpg"",""distance"":1082,""url"":""\/monastyri\/monastery\/ikony-bozhiey-materi-zhivonosnyy-istochnik-zhenskiy-monastyr-khmelnitskoy-eparkhii\/"",""props"":{""eparhia"":null,""mitropolia"":null,""boss"":null,""type"":""Монастыри УПЦ МП"",""founded"":""2007""}}"
"{""name"":""Свято-Ильинский мужской монастырь Одесской епархии"",""lat"":""46.470257004302"",""long"":""30.741389297022"",""img"":""\/upload\/iblock\/a57\/cmmbnxgna31ani2gs1f7dlbkcfr8iey0\/00.jpg"",""distance"":1156,""url"":""\/monastyri\/monastery\/svyato-ilinskiy-muzhskoy-monastyr-odesskoy-eparkhii\/"",""props"":{""eparhia"":null,""mitropolia"":null,""boss"":null,""type"":""Монастыри УПЦ МП"",""founded"":""1884""}}"
"{""name"":""Ильинский мужской монастырь Северодонецкой епархии"",""lat"":""49.072107326861"",""long"":""38.411280150759"",""img"":""\/upload\/iblock\/d4c\/skmxl5ap7mf7sgnnffxchv9xw74o0qvg\/00.jpg"",""distance"":719,""url"":""\/monastyri\/monastery\/ilinskiy-muzhskoy-monastyr-severodonetskoy-eparkhii\/"",""props"":{""eparhia"":null,""mitropolia"":null,""boss"":null,""type"":""Монастыри УПЦ МП"",""founded"":""2005""}}"
"{""name"":""Свято-Ильинский мужской монастырь Хустской епархии"",""lat"":""48.048422"",""long"":""23.766008"",""img"":null,""distance"":1327,""url"":""\/monastyri\/monastery\/svyato-ilinskiy-muzhskoy-monastyr-khustskoy-eparkhii\/"",""props"":{""eparhia"":null,""mitropolia"":null,""boss"":null,""type"":""Монастыри УПЦ МП"",""founded"":""2002""}}"
"{""name"":""Ильинский Никоренский мужской монастырь Кишиневской епархии"",""lat"":""47.956133215358"",""long"":""27.682116347217"",""img"":""\/upload\/iblock\/f32\/w87s147va9l3u4nla2mi32p5j4znocq0\/nie.jpg"",""distance"":1139,""url"":""\/monastyri\/monastery\/ilinskiy-nikorenskiy-muzhskoy-monastyr-kishinevskoy-eparkhii\/"",""props"":{""eparhia"":null,""mitropolia"":null,""boss"":null,""type"":""Монастыри Православной Церкви Молдовы"",""founded"":""1990""}}"
"{""name"":""Ильинский скит Архангело-Михайловского мужского монастыря Хустской епархии"",""lat"":""48.177665"",""long"":""23.908323"",""img"":null,""distance"":1309,""url"":""\/monastyri\/monastery\/ilinskiy-skit-arkhangelo-mikhaylovskogo-muzhskogo-monastyrya-khustskoy-eparkhii\/"",""props"":{""eparhia"":null,""mitropolia"":null,""boss"":null,""type"":""скит епархиального монастыря"",""founded"":""1905""}}"
"{""name"":""Ильинское подворье Николо-Шартомского монастыря в Гавриловом Посаде"",""lat"":""56.556743692237"",""long"":""40.116350915344"",""img"":""\/upload\/iblock\/4d7\/4d7808f2d50fb126c6ea1ea697f2998a\/ilin.jpg"",""distance"":138,""url"":""\/monastyri\/monastery\/ilinskoe-podvore-nikolo-shartomskogo-monastyrya-v-gavrilovom-posade\/"",""props"":{""eparhia"":null,""mitropolia"":null,""boss"":null,""type"":""подворье епархиального монастыря"",""founded"":""""}}"
"{""name"":""Инкерманский Свято-Климентовский мужской монастырь  "",""lat"":""44.604077540044"",""long"":""33.607615236771"",""img"":""\/upload\/iblock\/8e2\/8e2ba7cdc1405a5d42a7410516ae5f8b\/1.jpg"",""distance"":1271,""url"":""\/monastyri\/monastery\/inkermanskiy-svyato-klimentovskiy-muzhskoy-monastyr-\/"",""props"":{""eparhia"":null,""mitropolia"":null,""boss"":null,""type"":""Епархиальные монастыри Русской Православной Церкви"",""founded"":""1852""}}"
"{""name"":""Инсарский Свято-Ольгинский женский монастырь"",""lat"":""53.869434987356"",""long"":""44.370161025795"",""img"":""\/upload\/iblock\/39d\/39d9d5020addf5ce45b2916d62c55666\/vK6cGsWMtKU.jpg"",""distance"":399,""url"":""\/monastyri\/monastery\/insarskiy-svyato-olginskiy-zhenskiy-monastyr\/"",""props"":{""eparhia"":null,""mitropolia"":null,""boss"":null,""type"":""Епархиальные монастыри Русской Православной Церкви"",""founded"":""1909""}}"
"{""name"":""Иоанно-Богословский женский монастырь"",""lat"":""64.39290476063"",""long"":""41.010495112095"",""img"":""\/upload\/iblock\/98e\/98ee831fdf8ddf82990dd63fe756717a\/10.jpg"",""distance"":993,""url"":""\/monastyri\/monastery\/ioanno-bogoslovskiy-zhenskiy-monastyr\/"",""props"":{""eparhia"":null,""mitropolia"":null,""boss"":null,""type"":""Епархиальные монастыри Русской Православной Церкви"",""founded"":""1994""}}"
"{""name"":""Свято-Иоанно-Богословский женский монастырь Хустской епархии"",""lat"":""48.274975"",""long"":""23.524464"",""img"":""\/upload\/iblock\/035\/xli9wjp0ga753yhedt1y8pz04czppphj\/1.jpg"",""distance"":1322,""url"":""\/monastyri\/monastery\/svyato-ioanno-bogoslovskiy-zhenskiy-monastyr-khustskoy-eparkhii\/"",""props"":{""eparhia"":null,""mitropolia"":null,""boss"":null,""type"":""Монастыри УПЦ МП"",""founded"":""""}}"
"{""name"":""Свято-Иоанно-Богословский женский монастырь, д. Домашаны Борисовской епархии"",""lat"":""54.018780673709"",""long"":""27.945588677307"",""img"":""\/upload\/iblock\/8fa\/8fa033fc538c6e977ad76981366930d6\/c225ad3ccbaaaff52d881c9260010e73.jpg"",""distance"":721,""url"":""\/monastyri\/monastery\/svyato-ioanno-bogoslovskiy-zhenskiy-monastyr-d-domashany-borisovskoy-eparkhii\/"",""props"":{""eparhia"":null,""mitropolia"":null,""boss"":null,""type"":""Монастыри Белорусской Православной Церкви"",""founded"":""1997""}}"
"{""name"":""Свято-Иоанно-Богословский женский скит Покровского  Красногорского женского монастыря Черкасской епархии"",""lat"":""49.700102"",""long"":""32.060336"",""img"":""\/upload\/iblock\/c34\/rk4dmp0de1z31ujbphqu2korbdfag3ap\/00-_1_.jpg"",""distance"":795,""url"":""\/monastyri\/monastery\/svyato-ioanno-bogoslovskiy-zhenskiy-skit-pokrovskogo-krasnogorskogo-zhenskogo-monastyrya-cherkasskoy\/"",""props"":{""eparhia"":null,""mitropolia"":null,""boss"":null,""type"":""скит епархиального монастыря"",""founded"":""1871""}}"
"{""name"":""Свято-Иоанно-Богословский Лемешевский мужской монастырь Винницкой епархии"",""lat"":""49.659686"",""long"":""28.453086"",""img"":""\/upload\/iblock\/ad8\/2ohz6h8hks2scmg88fx8rv40n57jqgpo\/04.jpg"",""distance"":959,""url"":""\/monastyri\/monastery\/svyato-ioanno-bogoslovskiy-lemeshevskiy-muzhskoy-monastyr-vinnitskoy-eparkhii\/"",""props"":{""eparhia"":null,""mitropolia"":null,""boss"":null,""type"":""Монастыри УПЦ МП"",""founded"":""""}}"
"{""name"":""Иоанно-Богословский Макаровский мужской монастырь"",""lat"":""54.16141305381"",""long"":""45.255428703737"",""img"":""\/upload\/iblock\/afc\/afc553e9ff9bfa01dc0cfdc6b95ced8f\/14_Daa2WeoyS44.jpg"",""distance"":436,""url"":""\/monastyri\/monastery\/ioanno-bogoslovskiy-makarovskiy-muzhskoy-monastyr\/"",""props"":{""eparhia"":null,""mitropolia"":null,""boss"":null,""type"":""Епархиальные монастыри Русской Православной Церкви"",""founded"":""1994""}}"
"{""name"":""Иоанно-Богословский монастырь в с. Пощупово"",""lat"":""54.816979627349"",""long"":""39.715444166626"",""img"":""\/upload\/iblock\/8c3\/8c386e0634b7c97edf23f21ef3c472db\/1.jpg"",""distance"":96,""url"":""\/monastyri\/monastery\/ioanno-bogoslovskiy-monastyr-v-s-poshchupovo\/"",""props"":{""eparhia"":null,""mitropolia"":null,""boss"":null,""type"":""Епархиальные монастыри Русской Православной Церкви"",""founded"":""""}}"
"{""name"":""Свято-Иоанно-Богословский мужской монастырь Мукачевской епархии"",""lat"":""48.289915905781"",""long"":""22.991545737273"",""img"":""\/upload\/iblock\/df7\/gt2ijicm98f8ycqz1ctojfbh9a0aeowi\/00.jpg"",""distance"":1350,""url"":""\/monastyri\/monastery\/svyato-ioanno-bogoslovskiy-muzhskoy-monastyr-mukachevskoy-eparkhii\/"",""props"":{""eparhia"":null,""mitropolia"":null,""boss"":null,""type"":""Монастыри УПЦ МП"",""founded"":""2010""}}"
"{""name"":""Свято-Иоанно-Богословский мужской монастырь Черновицко-Буковинской епархии"",""lat"":""48.637732001752"",""long"":""25.749505652605"",""img"":""\/upload\/iblock\/2ba\/11zfx9v24u7ayhj0ivvn3yviino10u9m\/00.jpg"",""distance"":1177,""url"":""\/monastyri\/monastery\/svyato-ioanno-bogoslovskiy-muzhskoy-monastyr-chernovitsko-bukovinskoy-eparkhii\/"",""props"":{""eparhia"":null,""mitropolia"":null,""boss"":null,""type"":""Монастыри УПЦ МП"",""founded"":""""}}"
"{""name"":""Иоанно-Богословский Савво-Крыпецкий мужской монастырь"",""lat"":""57.989907626007"",""long"":""28.493087664032"",""img"":""\/upload\/iblock\/c80\/c8081e1f32b7359d7d7c9aac60bd3fcf\/11.JPG"",""distance"":689,""url"":""\/monastyri\/monastery\/ioanno-bogoslovskiy-savvo-krypetskiy-muzhskoy-monastyr\/"",""props"":{""eparhia"":null,""mitropolia"":null,""boss"":null,""type"":""Епархиальные монастыри Русской Православной Церкви"",""founded"":""1487""}}"
"{""name"":""Иоанно-Богословский храм села Плахино, подворье Рязанского Троицкого монастыря"",""lat"":""54.463437144962"",""long"":""39.340884820129"",""img"":""\/upload\/iblock\/ecb\/ecb974cf67c8c00460e37e84ab23ae1e\/62640021301.jpg"",""distance"":123,""url"":""\/monastyri\/monastery\/ioanno-bogoslovskiy-khram-sela-plakhino-podvore-ryazanskogo-troitskogo-monastyrya\/"",""props"":{""eparhia"":null,""mitropolia"":null,""boss"":null,""type"":""подворье епархиального монастыря"",""founded"":""""}}"
"{""name"":""Иоанно-Введенский женский монастырь пос. Прииртышский"",""lat"":""58.166031642196"",""long"":""68.350190196976"",""img"":""\/upload\/iblock\/99e\/99e510197864c866694e1857bd91b9e3\/vved08.jpg"",""distance"":1802,""url"":""\/monastyri\/monastery\/ioanno-vvedenskiy-zhenskiy-monastyr-pos-priirtyshskiy\/"",""props"":{""eparhia"":null,""mitropolia"":null,""boss"":null,""type"":""Епархиальные монастыри Русской Православной Церкви"",""founded"":""1653""}}"
"{""name"":""Иоанно-Златоустовский женский монастырь  Кишинеской епархии"",""lat"":""48.094559"",""long"":""27.835892"",""img"":null,""distance"":1120,""url"":""\/monastyri\/monastery\/ioanno-zlatoustovskiy-zhenskiy-monastyr-kishineskoy-eparkhii\/"",""props"":{""eparhia"":null,""mitropolia"":null,""boss"":null,""type"":""Монастыри Православной Церкви Молдовы"",""founded"":""2007""}}"
"{""name"":""Свято-Иоанно-Кормянский женский монастырь Гомельской епархии"",""lat"":""52.343589868136"",""long"":""31.512618847885"",""img"":""\/upload\/iblock\/5d0\/5d0e8f57f83e622b90bbc795cc38ee80\/93c16d299a6152a4ca32242d1fe13593.jpg"",""distance"":598,""url"":""\/monastyri\/monastery\/svyato-ioanno-kormyanskiy-zhenskiy-monastyr-gomelskoy-eparkhii\/"",""props"":{""eparhia"":null,""mitropolia"":null,""boss"":null,""type"":""Монастыри Белорусской Православной Церкви"",""founded"":""2000""}}"
"{""name"":""Иоанно-Кронштадский женский монастырь с. Кислуха"",""lat"":""53.495429"",""long"":""83.705253"",""img"":""\/upload\/iblock\/2a6\/2a6565140a560839f2058b3c7ca89f73\/rr.png"",""distance"":2853,""url"":""\/monastyri\/monastery\/ioanno-kronshtadskiy-zhenskiy-monastyr-s-kislukha-\/"",""props"":{""eparhia"":null,""mitropolia"":null,""boss"":null,""type"":""Епархиальные монастыри Русской Православной Церкви"",""founded"":""1996""}}"
"{""name"":""Свято-Иоанно-Предтеченский женский монастырь Мукачевской епархии"",""lat"":""48.300906959219"",""long"":""23.072600172947"",""img"":""\/upload\/iblock\/95c\/rrdd2a86a7m7c79z2n8nsj7dqlibha1b\/16.jpg"",""distance"":1345,""url"":""\/monastyri\/monastery\/svyato-ioanno-predtechenskiy-zhenskiy-monastyr-mukachevskoy-eparkhii\/"",""props"":{""eparhia"":null,""mitropolia"":null,""boss"":null,""type"":""Монастыри УПЦ МП"",""founded"":""1925""}}"
"{""name"":""Иоанно-Предтеченский женский монастырь на Остров-граде Свияжск"",""lat"":""55.769529888187"",""long"":""48.65876348941"",""img"":""\/upload\/iblock\/892\/t4rgfiurigpfx2nuetzyu2v3p30yiw7j\/Bez-nazvaniya.png"",""distance"":614,""url"":""\/monastyri\/monastery\/ioanno-predtechenskiy-zhenskiy-monastyr-na-ostrov-grade-sviyazhsk\/"",""props"":{""eparhia"":null,""mitropolia"":null,""boss"":null,""type"":""Епархиальные монастыри Русской Православной Церкви"",""founded"":""1701""}}"
"{""name"":""Иоанно-Предтеченский мужской монастырь с. Ростоки Хустской епархии"",""lat"":""48.065769849273"",""long"":""24.293750784439"",""img"":""\/upload\/iblock\/262\/1flbxmcx7h74y42m5nem4xobi8rvvghp\/1.jpg"",""distance"":1298,""url"":""\/monastyri\/monastery\/ioanno-predtechenskiy-muzhskoy-monastyr-s-rostoki-khustskoy-eparkhii\/"",""props"":{""eparhia"":null,""mitropolia"":null,""boss"":null,""type"":""Монастыри УПЦ МП"",""founded"":""2016""}}"
"{""name"":""Свято-Иоанно-Предтеченский мужской монастырь Хустской епархии "",""lat"":""48.018718665483"",""long"":""23.646582277014"",""img"":""\/upload\/iblock\/08e\/0ua4ash5ix5htg73tecy1vgw035k588u\/19.jpg"",""distance"":1336,""url"":""\/monastyri\/monastery\/svyato-ioanno-predtechenskiy-muzhskoy-monastyr-khustskoy-eparkhii-\/"",""props"":{""eparhia"":null,""mitropolia"":null,""boss"":null,""type"":""Монастыри УПЦ МП"",""founded"":""1925""}}"
"{""name"":""Иоанно-Предтеченский скит Барнаульского Знаменского женского монастыряв селе Сорочий лог"",""lat"":""53.580420029509"",""long"":""84.146189976146"",""img"":""\/upload\/iblock\/ee4\/ee41142decc25d367c7e91e1219796dd\/log1.jpg"",""distance"":2876,""url"":""\/monastyri\/monastery\/ioanno-predtechenskiy-skit-barnaulskogo-znamenskogo-zhenskogo-monastyryav-sele-sorochiy-log\/"",""props"":{""eparhia"":null,""mitropolia"":null,""boss"":null,""type"":""скит епархиального монастыря"",""founded"":""""}}"
"{""name"":""Иоанно-Предтеченский скит Николаевского мужского монастыря Владимир-Волынской епархии"",""lat"":""51.239"",""long"":""24.731994"",""img"":""\/upload\/iblock\/80b\/xdqs47mpckpp69zwzpbudjho965jja53\/05.jpg"",""distance"":1050,""url"":""\/monastyri\/monastery\/ioanno-predtechenskiy-skit-nikolaevskogo-muzhskogo-monastyrya-vladimir-volynskoy-eparkhii\/"",""props"":{""eparhia"":null,""mitropolia"":null,""boss"":null,""type"":""скит епархиального монастыря"",""founded"":""1997""}}"
"{""name"":""Иоанно-Предтеченский скит Оптиной пустыни"",""lat"":""54.052528787353"",""long"":""35.838356671616"",""img"":""\/upload\/iblock\/a85\/monasterium.ru_optina_sk-_00.jpg"",""distance"":255,""url"":""\/monastyri\/monastery\/ioanno-predtechenskiy-skit-optinoy-pustyni\/"",""props"":{""eparhia"":null,""mitropolia"":null,""boss"":null,""type"":""скит ставропигиального монастыря"",""founded"":""1821""}}"
"{""name"":""Иоанно-Предтеченский ставропигиальный женский монастырь"",""lat"":""55.754536262298"",""long"":""37.639778261527"",""img"":""\/upload\/iblock\/cb5\/o73n3qtzqoie6zctt1a102du0uy3z0uq\/Foto-monastyrya-1.JPG"",""distance"":82,""url"":""\/monastyri\/monastery\/ioanno-predtechenskiy-stavropigialnyy-zhenskiy-monastyr\/"",""props"":{""eparhia"":null,""mitropolia"":null,""boss"":null,""type"":""Ставропигиальные монастыри Русской Православной Церкви"",""founded"":""""}}"
"{""name"":""Иоанно-Предтеченский Трегуляевский мужской монастырь"",""lat"":""52.661633777367"",""long"":""41.514348173484"",""img"":""\/upload\/iblock\/c51\/c516c951456d1d228d96d1eb223e17e7\/36.jpg"",""distance"":363,""url"":""\/monastyri\/monastery\/ioanno-predtechenskiy-tregulyaevskiy-muzhskoy-monastyr\/"",""props"":{""eparhia"":null,""mitropolia"":null,""boss"":null,""type"":""Епархиальные монастыри Русской Православной Церкви"",""founded"":""1688""}}"
"{""name"":""Иоанно-Предтеченское подворье Новоспасского монастыря  в Сумарокове"",""lat"":""55.762340089173"",""long"":""35.912502689144"",""img"":""\/upload\/iblock\/de3\/podvore_novospasskogo_monastyrya_khrama_ioanna_predtechi_v_s.sumarokovo.jpg"",""distance"":188,""url"":""\/monastyri\/monastery\/ioanno-predtechenskoe-podvore-novospasskogo-monastyrya\/"",""props"":{""eparhia"":null,""mitropolia"":null,""boss"":null,""type"":""подворье ставропигиального монастыря"",""founded"":""2013""}}"
"{""name"":""Иоанновский женский монастырь в честь праведного Иоанна Кронштадтского  в пос. Алексеевка"",""lat"":""52.294909672163"",""long"":""48.01564090903"",""img"":""\/upload\/iblock\/ea6\/ea6c1f5eed85d7caa1d05bf7f5993cd1\/f.jpeg"",""distance"":698,""url"":""\/monastyri\/monastery\/ioannovskiy-zhenskiy-monastyr-v-chest-pravednogo-ioanna-kronshtadtskogo-v-pos-alekseevka\/"",""props"":{""eparhia"":null,""mitropolia"":null,""boss"":null,""type"":""Епархиальные монастыри Русской Православной Церкви"",""founded"":""2006""}}"
"{""name"":""Иоанновский ставропигиальный женский монастырь"",""lat"":""59.970780463098"",""long"":""30.300622102805"",""img"":""\/upload\/iblock\/867\/001.jpg"",""distance"":708,""url"":""\/monastyri\/monastery\/ioannovskiy-stavropigialnyy-zhenskiy-monastyr\/"",""props"":{""eparhia"":null,""mitropolia"":null,""boss"":null,""type"":""Ставропигиальные монастыри Русской Православной Церкви"",""founded"":""1900""}}"
"{""name"":""Свято-Иосифовский женский монастырь Каменской епархии"",""lat"":""48.938692397732"",""long"":""35.203556638346"",""img"":""\/upload\/iblock\/05a\/2pfyj03cx14e00ntb6dd4xb94mi8wr8d\/h2zPGWl_DAY.jpg"",""distance"":775,""url"":""\/monastyri\/monastery\/svyato-iosifovskiy-zhenskiy-monastyr-kamenskoy-eparkhii\/"",""props"":{""eparhia"":null,""mitropolia"":null,""boss"":null,""type"":""Монастыри УПЦ МП"",""founded"":""1873""}}"
"{""name"":""Иргизский Воскресенский мужской монастырь села Криволучье"",""lat"":""51.82622210117"",""long"":""48.123714157425"",""img"":""\/upload\/iblock\/eda\/eda4744d266b65da7d950d2d7564da36\/11111.jpg"",""distance"":735,""url"":""\/monastyri\/monastery\/irgizskiy-voskresenskiy-muzhskoy-monastyr-sela-krivoluche\/"",""props"":{""eparhia"":null,""mitropolia"":null,""boss"":null,""type"":""Епархиальные монастыри Русской Православной Церкви"",""founded"":""1762""}}"
"{""name"":""Иркутский Знаменский женский монастырь"",""lat"":""52.300988575059"",""long"":""104.29418855026"",""img"":""\/upload\/iblock\/f96\/f961849f64c2f729179cc1b8e0a849aa\/1.jpg"",""distance"":4140,""url"":""\/monastyri\/monastery\/irkutskiy-znamenskiy-zhenskiy-monastyr\/"",""props"":{""eparhia"":null,""mitropolia"":null,""boss"":null,""type"":""Епархиальные монастыри Русской Православной Церкви"",""founded"":""1689""}}"
"{""name"":""Кагульский Свято-Владимирский мужской монастырь Кагульской  и Комратской епархии"",""lat"":""45.902173793308"",""long"":""28.187488764557"",""img"":null,""distance"":1306,""url"":""\/monastyri\/monastery\/kagulskiy-svyato-vladimirskiy-muzhskoy-monastyr-kagulskoy-i-komratskoy-eparkhii\/"",""props"":{""eparhia"":null,""mitropolia"":null,""boss"":null,""type"":""Монастыри Православной Церкви Молдовы"",""founded"":""2002""}}"
"{""name"":""Казанская Амвросиевская ставропигиальная женская пустынь"",""lat"":""54.16111168642"",""long"":""35.866250014357"",""img"":""\/upload\/iblock\/dbc\/monasterium.ru_sh_01.jpg"",""distance"":246,""url"":""\/monastyri\/monastery\/kazanskaya-amvrosievskaya-zhenskaya-pustyn\/"",""props"":{""eparhia"":null,""mitropolia"":null,""boss"":null,""type"":""Ставропигиальные монастыри Русской Православной Церкви"",""founded"":""1884""}}"
"{""name"":""Казанский Богородицкий мужской монастырь "",""lat"":""55.798674283762"",""long"":""49.113540834211"",""img"":""\/upload\/iblock\/982\/982bfbe55d2174d50bcb19f26e411676\/5_312043_b.jpg"",""distance"":643,""url"":""\/monastyri\/monastery\/kazanskiy-bogoroditskiy-muzhskoy-monastyr-\/"",""props"":{""eparhia"":null,""mitropolia"":null,""boss"":null,""type"":""Епархиальные монастыри Русской Православной Церкви"",""founded"":""1580""}}"
"{""name"":""Казанский девичий монастырь в г. Калуге"",""lat"":""54.503664339292"",""long"":""36.255798055097"",""img"":""\/upload\/iblock\/4f3\/4f35de3b866d8bd925dcd97ce37c77fa\/kazan_tod1.jpg"",""distance"":203,""url"":""\/monastyri\/monastery\/kazanskiy-devichiy-monastyr-v-g-kaluge\/"",""props"":{""eparhia"":null,""mitropolia"":null,""boss"":null,""type"":""Епархиальные монастыри Русской Православной Церкви"",""founded"":""1629""}}"
"{""name"":""Казанский женский монастырь в поселке Горушка"",""lat"":""58.179926172392"",""long"":""40.1470279801"",""img"":""\/upload\/iblock\/cd3\/2.jpg"",""distance"":305,""url"":""\/monastyri\/monastery\/kazanskiy-zhenskiy-monastyr-v-poselke-gorushka\/"",""props"":{""eparhia"":null,""mitropolia"":null,""boss"":null,""type"":""Епархиальные монастыри Русской Православной Церкви"",""founded"":""1894""}}"
"{""name"":""Свято-Казанский женский монастырь г. Балыкчи Бишкекской епархии"",""lat"":""42.452626"",""long"":""76.182982"",""img"":""\/upload\/iblock\/d34\/9fca16ce_6842_440b_b0e3_34f9296fc7c9.jpg"",""distance"":3036,""url"":""\/monastyri\/monastery\/svyato-kazanskiy-zhenskiy-monastyr-g-balykchi-bishkekskoy-eparkhii\/"",""props"":{""eparhia"":null,""mitropolia"":null,""boss"":null,""type"":""Монастыри Среднеазиатского митрополичьего округа Русской Православной Церкви"",""founded"":""""}}"
"{""name"":""Казанский женский монастырь г. Вышний Волочек"",""lat"":""57.584258"",""long"":""34.597192"",""img"":""\/upload\/iblock\/efa\/efa309ba6fa4138f3e3d08fa09663873\/1-Titul.jpg"",""distance"":348,""url"":""\/monastyri\/monastery\/kazanskiy-zhenskiy-monastyr-g-vyshniy-volochok\/"",""props"":{""eparhia"":null,""mitropolia"":null,""boss"":null,""type"":""Епархиальные монастыри Русской Православной Церкви"",""founded"":""1872""}}"
"{""name"":""Казанский женский монастырь г. Радужный "",""lat"":""56.008808301051"",""long"":""40.326891741734"",""img"":""\/upload\/iblock\/d74\/fcvrjcoy2nr5vuemnjuzpht61qkzxiz9\/56558_20210819_1622340.jpg"",""distance"":106,""url"":""\/monastyri\/monastery\/kazanskiy-zhenskiy-monastyr-g-raduzhnyy-\/"",""props"":{""eparhia"":null,""mitropolia"":null,""boss"":null,""type"":""Епархиальные монастыри Русской Православной Церкви"",""founded"":""2016""}}"
"{""name"":""Казанский женский монастырь г. Ярославля"",""lat"":""57.628195891826"",""long"":""39.887151831402"",""img"":""\/upload\/iblock\/286\/phpcjlati_448_388.jpg"",""distance"":242,""url"":""\/monastyri\/monastery\/kazanskiy-zhenskiy-monastyr-g-yaroslavlya\/"",""props"":{""eparhia"":null,""mitropolia"":null,""boss"":null,""type"":""Епархиальные монастыри Русской Православной Церкви"",""founded"":""1609""}}"
"{""name"":""Свято-Казанский женский монастырь города Троицка "",""lat"":""54.084376784874"",""long"":""61.536652059524"",""img"":""\/upload\/iblock\/116\/1163d01609cacec15e3f392183d22c04\/1.jpg"",""distance"":1455,""url"":""\/monastyri\/monastery\/svyato-kazanskiy-zhenskiy-monastyr-goroda-troitska-\/"",""props"":{""eparhia"":null,""mitropolia"":null,""boss"":null,""type"":""Епархиальные монастыри Русской Православной Церкви"",""founded"":""1862""}}"
"{""name"":""Казанский Иоанно-Предтеченский мужской  монастырь"",""lat"":""55.79541753753"",""long"":""49.108387253967"",""img"":""\/upload\/iblock\/6d4\/6d4b57c898cee1a491c0da5e13950f81\/ivkiymonr_b_88207523148.jpg"",""distance"":642,""url"":""\/monastyri\/monastery\/kazanskiy-ioanno-predtechenskiy-muzhskoy-monastyr\/"",""props"":{""eparhia"":null,""mitropolia"":null,""boss"":null,""type"":""Епархиальные монастыри Русской Православной Церкви"",""founded"":""1564""}}"
"{""name"":""Казанский мужской монастырь в с. Кузнецово "",""lat"":""56.897980358001"",""long"":""41.503827313492"",""img"":""\/upload\/iblock\/d70\/d702fa2c88952d4de3e981438a135949\/4.jpg"",""distance"":223,""url"":""\/monastyri\/monastery\/kazanskiy-muzhskoy-monastyr-v-s-kuznetsovo-\/"",""props"":{""eparhia"":null,""mitropolia"":null,""boss"":null,""type"":""Епархиальные монастыри Русской Православной Церкви"",""founded"":""1998""}}"
"{""name"":""Казанский мужской монастырь г. Нижний Тагил"",""lat"":""57.924120567239"",""long"":""59.932674415344"",""img"":""\/upload\/iblock\/ee5\/ee5b89b964797a960539767ef8474274\/66.jpg"",""distance"":1307,""url"":""\/monastyri\/monastery\/kazanskiy-muzhskoy-monastyr-g-nizhniy-tagil\/"",""props"":{""eparhia"":null,""mitropolia"":null,""boss"":null,""type"":""Епархиальные монастыри Русской Православной Церкви"",""founded"":""1998""}}"
"{""name"":""Казанский мужской монастырь города Тамбова"",""lat"":""52.720627"",""long"":""41.460123"",""img"":""\/upload\/iblock\/fd6\/fd66b1eedf7bf743e5f428c941f9046d\/12.jpg"",""distance"":355,""url"":""\/monastyri\/monastery\/kazanskiy-muzhskoy-monastyr-goroda-tambova\/"",""props"":{""eparhia"":null,""mitropolia"":null,""boss"":null,""type"":""Епархиальные монастыри Русской Православной Церкви"",""founded"":""1677""}}"
"{""name"":""Казанский скит Коневского мужского монастыря "",""lat"":""60.84429470125"",""long"":""30.605358238586"",""img"":""\/upload\/iblock\/ea3\/kazan.skit.jpg"",""distance"":764,""url"":""\/monastyri\/monastery\/kazanskiy-skit\/"",""props"":{""eparhia"":null,""mitropolia"":null,""boss"":null,""type"":""скит епархиального монастыря"",""founded"":""1796""}}"
"{""name"":""Казанский Успенский Зилантов женский монастырь"",""lat"":""55.807279602272"",""long"":""49.056379584656"",""img"":""\/upload\/iblock\/88d\/88d8d18c2ffc0a57fe21ac96ae5a8852\/2.jpg"",""distance"":639,""url"":""\/monastyri\/monastery\/kazanskiy-uspenskiy-zilantov-zhenskiy-monastyr\/"",""props"":{""eparhia"":null,""mitropolia"":null,""boss"":null,""type"":""Епархиальные монастыри Русской Православной Церкви"",""founded"":""1552""}}"
"{""name"":""Казанский Чимеевский мужской монастырь в селе Чимеево "",""lat"":""56.094511105715"",""long"":""65.13402014418"",""img"":""\/upload\/iblock\/0c9\/0c9d67317c66ca4393cd0943bb8d4b6e\/IC91_XrwJR4_cr1.jpg"",""distance"":1632,""url"":""\/monastyri\/monastery\/kazanskiy-chimeevskiy-muzhskoy-monastyr-v-sele-chimeevo-\/"",""props"":{""eparhia"":null,""mitropolia"":null,""boss"":null,""type"":""Епархиальные монастыри Русской Православной Церкви"",""founded"":""""}}"
"{""name"":""Казанское подворье одворье Раифского мужского монастыря"",""lat"":""55.788529425557"",""long"":""49.108974220269"",""img"":""\/upload\/iblock\/068\/068950d76b7b7ff598b1a8c4bb279042\/IMG_8452_16696180556.jpg"",""distance"":642,""url"":""\/monastyri\/monastery\/kazanskoe-podvore-odvore-raifskogo-muzhskogo-monastyrya\/"",""props"":{""eparhia"":null,""mitropolia"":null,""boss"":null,""type"":""подворье епархиального монастыря"",""founded"":""""}}"
"{""name"":""Казанское подворье Свято-Успенского Космина мужского монастыря в местечке Лучки"",""lat"":""56.764341033175"",""long"":""39.529493605819"",""img"":""\/upload\/iblock\/017\/017fca563d3a3bac2eb621b223344de5\/005_Kazanskoe-podv.-v-m.-Luchki.jpg"",""distance"":143,""url"":""\/monastyri\/monastery\/kazanskoe-podvore-svyato-uspenskogo-kosmina-muzhskogo-monastyrya-v-mestechke-luchki\/"",""props"":{""eparhia"":null,""mitropolia"":null,""boss"":null,""type"":""подворье епархиального монастыря"",""founded"":""""}}"
"{""name"":""Казанское подворье Успенского мужского монастыря г. Иваново"",""lat"":""57.0398739392"",""long"":""41.210770112908"",""img"":null,""distance"":222,""url"":""\/monastyri\/monastery\/kazanskoe-podvore-uspenskogo-monastyrya-g-ivanovo\/"",""props"":{""eparhia"":null,""mitropolia"":null,""boss"":null,""type"":""подворье епархиального монастыря"",""founded"":""""}}"
"{""name"":""Калагурский  мужской монастырь в честь Пророка, Предтечи и Крестителя Господня  Тираспольской епархииИоанна "",""lat"":""47.894396"",""long"":""28.911021"",""img"":""\/upload\/iblock\/ef7\/1j3n2gdcqaij94mkzo44c3nzheu3ddgd\/11.jpg"",""distance"":1090,""url"":""\/monastyri\/monastery\/kalagurskiy-muzhskoy-monastyr-v-chest-proroka-predtechi-i-krestitelya-gospodnya-tiraspolskoy-eparkhi\/"",""props"":{""eparhia"":null,""mitropolia"":null,""boss"":null,""type"":""Монастыри Православной Церкви Молдовы"",""founded"":""2003""}}"
"{""name"":""Калининградское  подворье женского монастыря в честь иконы Божией Матери «Державная» поселка Изобильное "",""lat"":""54.715625823295"",""long"":""20.425279703705"",""img"":""\/upload\/iblock\/266\/266dc31005e675db09dd6a6fede29f17\/gg02.jpg"",""distance"":1174,""url"":""\/monastyri\/monastery\/kaliningradskoe-podvore-zhenskogo-monastyrya-v-chest-ikony-bozhiey-materi-derzhavnaya-poselka-izobil\/"",""props"":{""eparhia"":null,""mitropolia"":null,""boss"":null,""type"":""подворье епархиального монастыря"",""founded"":""2015""}}"
"{""name"":""Мужской монастырь Успения Пресвятой Богородицы Калужская Свято-Тихонова Пустынь"",""lat"":""54.605864602897"",""long"":""36.038685687394"",""img"":""\/upload\/iblock\/ca4\/ca4e2a4e885bc7b86976ff762222341b\/tichonova_min_e1478591655613.jpg"",""distance"":208,""url"":""\/monastyri\/monastery\/muzhskoy-monastyr-uspeniya-presvyatoy-bogoroditsy-kaluzhskaya-svyato-tikhonova-pustyn\/"",""props"":{""eparhia"":null,""mitropolia"":null,""boss"":null,""type"":""Епархиальные монастыри Русской Православной Церкви"",""founded"":""1450""}}"
"{""name"":""Каменск - Уральский Преображенский мужской монастырь "",""lat"":""56.42161215617"",""long"":""61.894336949738"",""img"":""\/upload\/iblock\/d56\/foto_monastyrya_2.jpg"",""distance"":1429,""url"":""\/monastyri\/monastery\/preobrazhenskiy-muzhskoy-monastyr-\/"",""props"":{""eparhia"":null,""mitropolia"":null,""boss"":null,""type"":""Епархиальные монастыри Русской Православной Церкви"",""founded"":""1860""}}"
"{""name"":""Карачевский Воскресенский мужской  монастырь"",""lat"":""53.11191774252"",""long"":""34.9627545"",""img"":""\/upload\/iblock\/bc6\/bc6a970e2e137d624c9aa79ee56403a2\/berezhok01.JPG"",""distance"":370,""url"":""\/monastyri\/monastery\/karachevskiy-voskresenskiy-muzhskoy-monastyr\/"",""props"":{""eparhia"":null,""mitropolia"":null,""boss"":null,""type"":""Епархиальные монастыри Русской Православной Церкви"",""founded"":""""}}"
"{""name"":""Карачевский Николо-Одрин  женский монастырь"",""lat"":""53.166862960568"",""long"":""35.074372859138"",""img"":""\/upload\/iblock\/a08\/a088a27aa7fa5e85824b71f29d48a2ce\/55007.jpg"",""distance"":361,""url"":""\/monastyri\/monastery\/karachevskiy-nikolo-odrin-zhenskiy-monastyr\/"",""props"":{""eparhia"":null,""mitropolia"":null,""boss"":null,""type"":""Епархиальные монастыри Русской Православной Церкви"",""founded"":""1602""}}"
"{""name"":""Карпогорское подворье Артемиево-Веркольского мужского монастыря"",""lat"":""63.995802295076"",""long"":""44.444413880951"",""img"":""\/upload\/iblock\/29e\/29e5bce45980466c86b01d12bcf6c700\/222222.jpg"",""distance"":991,""url"":""\/monastyri\/monastery\/karpogorskoe-podvore-artemievo-verkolskogo-muzhskogo-monastyrya\/"",""props"":{""eparhia"":null,""mitropolia"":null,""boss"":null,""type"":""подворье епархиального монастыря"",""founded"":""1994""}}"
"{""name"":""Касперовский женский монастырь Донецкой епархии"",""lat"":""47.907432093034"",""long"":""38.105747697067"",""img"":""\/upload\/iblock\/8bd\/kjkybw7w2bx0r7j1ebk2n9eycgek0lk7\/02.jpg"",""distance"":850,""url"":""\/monastyri\/monastery\/kasperovskiy-zhenskiy-monastyr-donetskoy-eparkhii\/"",""props"":{""eparhia"":null,""mitropolia"":null,""boss"":null,""type"":""Монастыри УПЦ МП"",""founded"":""1996""}}"
"{""name"":""Катерлезский Свято-Георгиевский женский монастырь, г. Керчь   "",""lat"":""45.391879040332"",""long"":""36.442074940475"",""img"":""\/upload\/iblock\/f24\/f24b87183c2aaa0f1d08b5ac53bb0ab1\/5235a1edb1230tz_portfolio_1379246574_L.jpg"",""distance"":1141,""url"":""\/monastyri\/monastery\/katerlezskiy-svyato-georgievskiy-zhenskiy-monastyr-g-kerch-\/"",""props"":{""eparhia"":null,""mitropolia"":null,""boss"":null,""type"":""Епархиальные монастыри Русской Православной Церкви"",""founded"":""1857""}}"
"{""name"":""Кемский мужской монастырь во имя Новомучеников и Исповедников Российских."",""lat"":""64.953246199596"",""long"":""34.615415669312"",""img"":""\/upload\/iblock\/f85\/f8526f119d2386b39467795b0aca210f\/orp.jpg"",""distance"":1074,""url"":""\/monastyri\/monastery\/kemskiy-muzhskoy-monastyr-vo-imya-novomuchenikov-i-ispovednikov-rossiyskikh\/"",""props"":{""eparhia"":null,""mitropolia"":null,""boss"":null,""type"":""Епархиальные монастыри Русской Православной Церкви"",""founded"":""1991""}}"
"{""name"":""Киевский Свято-Введенский мужской монастырь Киевской епархии"",""lat"":""50.433444214087"",""long"":""30.544768118999"",""img"":""\/upload\/iblock\/e09\/izzfmtzpurwodvnph2skvojdozadqy91\/00.jpg"",""distance"":795,""url"":""\/monastyri\/monastery\/kievskiy-svyato-vvedenskiy-muzhskoy-monastyr-kievskoy-eparkhii\/"",""props"":{""eparhia"":null,""mitropolia"":null,""boss"":null,""type"":""Монастыри УПЦ МП"",""founded"":""1878""}}"
"{""name"":""Кирилло-Белозерский мужской  монастырь г. Кириллова"",""lat"":""59.858315"",""long"":""38.371112"",""img"":""\/upload\/iblock\/a69\/a698035edab069c6e56389089bae3ea9\/bRuuDxL5PU.jpg"",""distance"":483,""url"":""\/monastyri\/monastery\/kirillo-belozerskiy-muzhskoy-monastyr-g-kirillova\/"",""props"":{""eparhia"":null,""mitropolia"":null,""boss"":null,""type"":""Епархиальные монастыри Русской Православной Церкви"",""founded"":""1397""}}"
"{""name"":""Свято-Кирилловский мужской монастырь Киевской епархии"",""lat"":""50.482983"",""long"":""30.472121"",""img"":""\/upload\/iblock\/a30\/9pq49j1wnptiivuayonyslq4hzi2ssds\/00.jpg"",""distance"":794,""url"":""\/monastyri\/monastery\/svyato-kirillovskiy-muzhskoy-monastyr-kievskoy-eparkhii\/"",""props"":{""eparhia"":null,""mitropolia"":null,""boss"":null,""type"":""Монастыри УПЦ МП"",""founded"":""1140""}}"
"{""name"":""Кистоленский Свято-Никольский женский монастырь Кагульской и Комратской епархии"",""lat"":""46.410952"",""long"":""28.844031"",""img"":""\/upload\/iblock\/6d8\/1.jpg"",""distance"":1231,""url"":""\/monastyri\/monastery\/kistolenskiy-svyato-nikolskiy-zhenskiy-monastyr-kagulskoy-i-komratskoy-eparkhii\/"",""props"":{""eparhia"":null,""mitropolia"":null,""boss"":null,""type"":""Монастыри Православной Церкви Молдовы"",""founded"":""1932""}}"
"{""name"":""Киштельницкий Архангельский мужской монастырь Кишиневской епархии"",""lat"":""47.565184"",""long"":""28.663028"",""img"":""\/upload\/iblock\/1c2\/ue7p4koeytpnhr9fmxbhr7cn0osrw5xg\/44.jpg"",""distance"":1131,""url"":""\/monastyri\/monastery\/kishtelnitskiy-arkhangelskiy-muzhskoy-monastyr-kishinevskoy-eparkhii\/"",""props"":{""eparhia"":null,""mitropolia"":null,""boss"":null,""type"":""Монастыри Православной Церкви Молдовы"",""founded"":""1991""}}"
"{""name"":""Климовский Покровский мужской монастырь"",""lat"":""52.413114773138"",""long"":""32.13890672391"",""img"":""\/upload\/iblock\/e2e\/e2e8713fd4a5f7d71ea83a7b7c022f0f\/Fotografiya_5.jpg"",""distance"":561,""url"":""\/monastyri\/monastery\/klimovskiy-pokrovskiy-muzhskoy-monastyr\/"",""props"":{""eparhia"":null,""mitropolia"":null,""boss"":null,""type"":""Епархиальные монастыри Русской Православной Церкви"",""founded"":""1765""}}"
"{""name"":""Клинцовский Свято- Успенский женский монастырь"",""lat"":""52.759369132676"",""long"":""32.183149415344"",""img"":""\/upload\/iblock\/547\/54706f834152b7ee2e059d12c2adb263\/article_photo_3833_15051521601.jpg"",""distance"":534,""url"":""\/monastyri\/monastery\/klintsovskiy-svyato-uspenskiy-zhenskiy-monastyr\/"",""props"":{""eparhia"":null,""mitropolia"":null,""boss"":null,""type"":""Епархиальные монастыри Русской Православной Церкви"",""founded"":""2005""}}"
"{""name"":""Князь-Владимирская мужская пустынь с. Корсунь "",""lat"":""52.719622"",""long"":""36.994287"",""img"":""\/upload\/iblock\/051\/0516438323a61f28c8340d6781fed60c\/98oiOTCjCs4.jpg"",""distance"":336,""url"":""\/monastyri\/monastery\/knyaz-vladimirskaya-muzhskaya-pustyn-s-korsun-\/"",""props"":{""eparhia"":null,""mitropolia"":null,""boss"":null,""type"":""Епархиальные монастыри Русской Православной Церкви"",""founded"":""2015""}}"
"{""name"":""Князь-Владимирский Хорешсткий мужской монастырь Кишиневской епархии"",""lat"":""46.798916"",""long"":""28.936875"",""img"":""\/upload\/iblock\/f1d\/4tnf94q0ignqt9izf87t33b6a0ig9le3\/1.jpg"",""distance"":1191,""url"":""\/monastyri\/monastery\/knyaz-vladimirskiy-khoreshstkiy-muzhskoy-monastyr-kishinevskoy-eparkhii\/"",""props"":{""eparhia"":null,""mitropolia"":null,""boss"":null,""type"":""Монастыри Православной Церкви Молдовы"",""founded"":""2000""}}"
"{""name"":""Колинковский Свято-Владимирский мужской монастырь Черновицко-Буковинской епархии"",""lat"":""48.425746"",""long"":""26.097081"",""img"":""\/upload\/iblock\/b8d\/6pks2wro8vwentt4ix9vuciahxwu8x3c\/00.jpg"",""distance"":1176,""url"":""\/monastyri\/monastery\/kolinkovskiy-svyato-vladimirskiy-muzhskoy-monastyr-chernovitsko-bukovinskoy-eparkhii\/"",""props"":{""eparhia"":null,""mitropolia"":null,""boss"":null,""type"":""Монастыри УПЦ МП"",""founded"":""1997""}}"
"{""name"":""Коломенский Брусенский монастырь в честь Успения Божией Матери "",""lat"":""55.103861320397"",""long"":""38.753660653442"",""img"":""\/upload\/iblock\/349\/3496ed2f4ddee0ef181001e53aa2586f\/17.jpg"",""distance"":49,""url"":""\/monastyri\/monastery\/kolomenskiy-brusenskiy-monastyr-v-chest-uspeniya-bozhiey-materi-\/"",""props"":{""eparhia"":null,""mitropolia"":null,""boss"":null,""type"":""Епархиальные монастыри Русской Православной Церкви"",""founded"":""1552""}}"
"{""name"":""Колычевский Казанский женский монастырь"",""lat"":""55.230627787432"",""long"":""39.042278050776"",""img"":""\/upload\/iblock\/65f\/65f589145ba21bfc5dd8c29dc10b786f\/5.jpg"",""distance"":36,""url"":""\/monastyri\/monastery\/kolychevskiy-kazanskiy-zhenskiy-monastyr\/"",""props"":{""eparhia"":null,""mitropolia"":null,""boss"":null,""type"":""Епархиальные монастыри Русской Православной Церкви"",""founded"":""1885""}}"
"{""name"":""Кондрицкий Никольский мужской монастырь Кишиневской епархии"",""lat"":""47.052209704346"",""long"":""28.566057259829"",""img"":""\/upload\/iblock\/e6c\/ezupuc09oq4ghr25wa40niepnj94j9o4\/3.jpg"",""distance"":1182,""url"":""\/monastyri\/monastery\/kondritskiy-nikolskiy-muzhskoy-monastyr-kishinevskoy-eparkhii\/"",""props"":{""eparhia"":null,""mitropolia"":null,""boss"":null,""type"":""Монастыри Православной Церкви Молдовы"",""founded"":""1517""}}"
"{""name"":""Коневский Рождествено-Богородичный монастырь"",""lat"":""60.840003264314"",""long"":""30.603496166757"",""img"":""\/upload\/iblock\/e1f\/c0ac6249dabbd7ab67cb23609e954543.jpg"",""distance"":763,""url"":""\/monastyri\/monastery\/konevskiy-rozhdestveno-bogorodichnyy-monastyr\/"",""props"":{""eparhia"":null,""mitropolia"":null,""boss"":null,""type"":""Епархиальные монастыри Русской Православной Церкви"",""founded"":""1393""}}"
"{""name"":""Константино-Еленинский женский монастырь"",""lat"":""60.22458688702"",""long"":""29.849448089763"",""img"":""\/upload\/iblock\/f85\/spb_14_.jpg"",""distance"":746,""url"":""\/monastyri\/monastery\/konstantino-eleninskiy-zhenskiy-monastyr\/"",""props"":{""eparhia"":null,""mitropolia"":null,""boss"":null,""type"":""Епархиальные монастыри Русской Православной Церкви"",""founded"":""1998""}}"
"{""name"":""Свято-Константино-Еленинский Измаильский мужской монастырь Одесской епархии"",""lat"":""45.33979314528"",""long"":""28.84026120685"",""img"":""\/upload\/iblock\/b33\/mdiwcfci8v3izmr3dm8r7tj6941syoxy\/1.jpg"",""distance"":1335,""url"":""\/monastyri\/monastery\/svyato-konstantino-eleninskiy-izmailskiy-muzhskoy-monastyr-odesskoy-eparkhii\/"",""props"":{""eparhia"":null,""mitropolia"":null,""boss"":null,""type"":""Монастыри УПЦ МП"",""founded"":""1864""}}"
"{""name"":""Корецкий Свято-Троицкий ставропигиальный женский монастырь"",""lat"":""50.619335170994"",""long"":""27.166042669429"",""img"":""\/upload\/iblock\/79b\/79b619150e2462b0370f7768daa228f7\/004.jpg"",""distance"":953,""url"":""\/monastyri\/monastery\/koretskiy-svyato-troitskiy-stavropigialnyy-zhenskiy-monastyr\/"",""props"":{""eparhia"":null,""mitropolia"":null,""boss"":null,""type"":""Ставропигиальные монастыри Русской Православной Церкви"",""founded"":""1571""}}"
"{""name"":""Корнилие-Палеостровский  мужской монастырь "",""lat"":""62.572556082786"",""long"":""35.241399612442"",""img"":""\/upload\/iblock\/d97\/d97c370521226757e36f2ab6c8483065\/1.jpg"",""distance"":810,""url"":""\/monastyri\/monastery\/kornilie-paleostrovskiy-muzhskoy-monastyr-\/"",""props"":{""eparhia"":null,""mitropolia"":null,""boss"":null,""type"":""Епархиальные монастыри Русской Православной Церкви"",""founded"":""1391""}}"
"{""name"":""Косинский Свято-Николаевский женский монастырь"",""lat"":""57.962220895156"",""long"":""31.30910921755"",""img"":""\/upload\/iblock\/b46\/b46c30db13a254ca4026e4eecc41f5b5\/1.jpg"",""distance"":535,""url"":""\/monastyri\/monastery\/kosinskoy-svyato-nikolaevskiy-zhenskiy-monastyr\/"",""props"":{""eparhia"":null,""mitropolia"":null,""boss"":null,""type"":""Епархиальные монастыри Русской Православной Церкви"",""founded"":""1220""}}"
"{""name"":""Космодамиановское подворье Свято-Успенского Космина мужского монастыря в селе Леднево"",""lat"":""56.472840807103"",""long"":""39.825197019821"",""img"":""\/upload\/iblock\/724\/7242094af1dd15c3b52f65461fcc0d85\/004_Kosmodamianovskoe-podv.-v-s.-Lednevo.jpg"",""distance"":121,""url"":""\/monastyri\/monastery\/kosmodamianovskoe-podvore-svyato-uspenskogo-kosmina-muzhskogo-monastyrya-v-sele-lednevo\/"",""props"":{""eparhia"":null,""mitropolia"":null,""boss"":null,""type"":""подворье епархиального монастыря"",""founded"":""""}}"
"{""name"":""Костромской Знаменский женский монастырь"",""lat"":""57.755636951653"",""long"":""40.948482762566"",""img"":""\/upload\/iblock\/252\/252a9cb9f1ea8fd5ffad2df11bc1f22d\/mmm.jpg"",""distance"":278,""url"":""\/monastyri\/monastery\/kostromskoy-znamenskiy-zhenskiy-monastyr\/"",""props"":{""eparhia"":null,""mitropolia"":null,""boss"":null,""type"":""Епархиальные монастыри Русской Православной Церкви"",""founded"":""1993""}}"
"{""name"":""Кочулийский Свято-Успенский мужской монастырь Кагульской и Комратской епархии"",""lat"":""46.359731"",""long"":""28.411567"",""img"":null,""distance"":1254,""url"":""\/monastyri\/monastery\/kochuliyskiy-svyato-uspenskiy-muzhskoy-monastyr-kagulskoy-i-komratskoy-eparkhii\/"",""props"":{""eparhia"":null,""mitropolia"":null,""boss"":null,""type"":""Монастыри Православной Церкви Молдовы"",""founded"":""1700""}}"
"{""name"":""Красногорское подворье Свято-Николаевского монастыря"",""lat"":""58.803019028519"",""long"":""61.164040198425"",""img"":""\/upload\/iblock\/bd4\/010.jpg"",""distance"":1385,""url"":""\/monastyri\/monastery\/krasnogorskoe-podvore-svyato-nikolaevskogo-monastyrya\/"",""props"":{""eparhia"":null,""mitropolia"":null,""boss"":null,""type"":""подворье епархиального монастыря"",""founded"":""1806""}}"
"{""name"":""Кременской Вознесенский мужской монастырь "",""lat"":""49.502520592714"",""long"":""43.573304542613"",""img"":""\/upload\/iblock\/baa\/baa47f1185f6ed0f2186d7ac4834455c\/jRmgBNKjMgA.jpg"",""distance"":742,""url"":""\/monastyri\/monastery\/kremenskoy-voznesenskiy-muzhskoy-monastyr-\/"",""props"":{""eparhia"":null,""mitropolia"":null,""boss"":null,""type"":""Епархиальные монастыри Русской Православной Церкви"",""founded"":""1693""}}"
"{""name"":""Кресто-Воздвиженский Иерусалимский ставропигиальный женский монастырь"",""lat"":""55.509032409643"",""long"":""37.852916517546"",""img"":""\/upload\/iblock\/098\/hh22zpc3dyr7d8346l6pdq4lxio22nvi\/DJI_0174_1.jpg"",""distance"":65,""url"":""\/monastyri\/monastery\/krestovozdvizhenskiy-ierusalimskiy-stavropigialnyy-zhenskiy-monastyr\/"",""props"":{""eparhia"":null,""mitropolia"":null,""boss"":null,""type"":""Ставропигиальные монастыри Русской Православной Церкви"",""founded"":""1887""}}"
"{""name"":""Кресто-Воздвиженский Чарторыйский мужской монастырь Волынской епархии"",""lat"":""51.226181"",""long"":""25.886599"",""img"":""\/upload\/iblock\/5cd\/474ma9qy5sl2xdzrhgbdu5w7ecz7yuza\/00.jpg"",""distance"":984,""url"":""\/monastyri\/monastery\/kresto-vozdvizhenskiy-chartoryyskiy-muzhskoy-monastyr-volynskoy-eparkhii\/"",""props"":{""eparhia"":null,""mitropolia"":null,""boss"":null,""type"":""Монастыри УПЦ МП"",""founded"":""1997""}}"
"{""name"":""Крестовоздвиженский  женский монастырь в г. Кизляр"",""lat"":""43.854752046884"",""long"":""46.70248206978"",""img"":""\/upload\/iblock\/605\/605bfc3ffc1eda5d89723c0b50de5116\/krestovozdvizh.monastyr_v_Kizlyare.jpg"",""distance"":1414,""url"":""\/monastyri\/monastery\/krestovozdvizhenskiy-zhenskiy-monastyr-v-g-kizlyar\/"",""props"":{""eparhia"":null,""mitropolia"":null,""boss"":null,""type"":""Епархиальные монастыри Русской Православной Церкви"",""founded"":""1736""}}"
"{""name"":""Крестовоздвиженский женский монастырь г. Нижний Новгород "",""lat"":""56.307171307283"",""long"":""43.983230667004"",""img"":""\/upload\/iblock\/2bc\/2bcb10dd81c8f06bacab1d4a881a3964\/1300801651.jpg"",""distance"":330,""url"":""\/monastyri\/monastery\/krestovozdvizhenskiy-zhenskiy-monastyr\/"",""props"":{""eparhia"":null,""mitropolia"":null,""boss"":null,""type"":""Епархиальные монастыри Русской Православной Церкви"",""founded"":""""}}"
"{""name"":""Крестовоздвиженский женский монастырь д. Быдреевка"",""lat"":""56.83493373905"",""long"":""44.637555880968"",""img"":""\/upload\/iblock\/fee\/fee9a5afe0478a299ac6fb8dc4913604\/1273163790.jpg"",""distance"":385,""url"":""\/monastyri\/monastery\/krestovozdvizhenskiy-zhenskiy-monastyr-d-bydreevka\/"",""props"":{""eparhia"":null,""mitropolia"":null,""boss"":null,""type"":""Епархиальные монастыри Русской Православной Церкви"",""founded"":""2005""}}"
"{""name"":""Крестовоздвиженский женский монастырь Полтавской епархии"",""lat"":""49.598623353768"",""long"":""34.576771097542"",""img"":""\/upload\/iblock\/1b9\/kjzy4lngutr8az1nk7f0dsgqh6ocpc9k\/00.jpg"",""distance"":721,""url"":""\/monastyri\/monastery\/krestovozdvizhenskiy-zhenskiy-monastyr-poltavskoy-eparkhii\/"",""props"":{""eparhia"":null,""mitropolia"":null,""boss"":null,""type"":""Монастыри УПЦ МП"",""founded"":""1650""}}"
"{""name"":""Крестовоздвиженский Кылтовский женский монастырь "",""lat"":""62.320654753198"",""long"":""50.994626460353"",""img"":""\/upload\/iblock\/cce\/ccee33fa0c70b475283e1c098882ffe8\/0AuO_uX_o7s.jpg"",""distance"":1024,""url"":""\/monastyri\/monastery\/krestovozdvizhenskiy-kyltovskiy-zhenskiy-monastyr-\/"",""props"":{""eparhia"":null,""mitropolia"":null,""boss"":null,""type"":""Епархиальные монастыри Русской Православной Церкви"",""founded"":""1894""}}"
"{""name"":""Крестовоздвиженский мужской монастырь в Калуге"",""lat"":""54.525780995619"",""long"":""36.263392110327"",""img"":""\/upload\/iblock\/acc\/acc025870919773334e2f2d8bb11d1bf\/image009.jpg"",""distance"":201,""url"":""\/monastyri\/monastery\/krestovozdvizhenskiy-muzhskoy-monastyr-v-kaluge\/"",""props"":{""eparhia"":null,""mitropolia"":null,""boss"":null,""type"":""Епархиальные монастыри Русской Православной Церкви"",""founded"":""""}}"
"{""name"":""Крестовоздвиженский мужской монастырь г. Екатеринбурга"",""lat"":""56.831787336777"",""long"":""60.622331388541"",""img"":""\/upload\/iblock\/e4e\/e4e47adde0229c538dc35d6f43c0a589\/003.jpg"",""distance"":1348,""url"":""\/monastyri\/monastery\/krestovozdvizhenskiy-muzhskoy-monastyr-g-ekaterinburga\/"",""props"":{""eparhia"":null,""mitropolia"":null,""boss"":null,""type"":""Епархиальные монастыри Русской Православной Церкви"",""founded"":""1880""}}"
"{""name"":""Свято-Крестовоздвиженский мужской монастырь Хмельницкой епархии"",""lat"":""49.753850640765"",""long"":""27.221062757685"",""img"":""\/upload\/iblock\/876\/uygzavxb313u3u7x9oedm81dzhj07tt8\/Monastyr_Starokonstantinov.jpg"",""distance"":1014,""url"":""\/monastyri\/monastery\/svyato-krestovozdvizhenskiy-muzhskoy-monastyr-khmelnitskoy-eparkhii\/"",""props"":{""eparhia"":null,""mitropolia"":null,""boss"":null,""type"":""Монастыри УПЦ МП"",""founded"":""1570""}}"
"{""name"":""Крестовоздвиженский скит Пермского Троицкого монастыря"",""lat"":""56.982212300308"",""long"":""57.430314120312"",""img"":""\/upload\/iblock\/dc1\/dc150548616ab3c5d1a41737eae9b04d\/05_0.png"",""distance"":1154,""url"":""\/monastyri\/monastery\/krestovozdvizhenskiy-skit-permskogo-troitskogo-monastyrya\/"",""props"":{""eparhia"":null,""mitropolia"":null,""boss"":null,""type"":""скит епархиального монастыря"",""founded"":""1995""}}"
"{""name"":""Ксение-Покровский женский  монастырь г. Яровое"",""lat"":""52.93305136714"",""long"":""78.541655841937"",""img"":""\/upload\/iblock\/343\/3438d6b9777cc4e80cea5fc0362e8427\/DSC_1706.jpg"",""distance"":2559,""url"":""\/monastyri\/monastery\/ksenie-pokrovskiy-zhenskiy-monastyr-g-yarovoe\/"",""props"":{""eparhia"":null,""mitropolia"":null,""boss"":null,""type"":""Епархиальные монастыри Русской Православной Церкви"",""founded"":""1994""}}"
"{""name"":""Кунгурский Иоанно-Предтеченский женский монастырь "",""lat"":""57.424021234099"",""long"":""56.952382228836"",""img"":""\/upload\/iblock\/545\/54593c275c1bca068fa9937f20bbfa6c\/Bn8RRxjKBWI.jpg"",""distance"":1127,""url"":""\/monastyri\/monastery\/kungurskiy-ioanno-predtechenskiy-zhenskiy-monastyr-\/"",""props"":{""eparhia"":null,""mitropolia"":null,""boss"":null,""type"":""Епархиальные монастыри Русской Православной Церкви"",""founded"":""1868""}}"
"{""name"":""Курагинский Вознесенский женский монастырь с. Кочергино"",""lat"":""53.815669135339"",""long"":""92.492640374344"",""img"":""\/upload\/iblock\/06a\/mon.jpg"",""distance"":3367,""url"":""\/monastyri\/monastery\/voznesenskiy-zhenskiy-monastyr-s-kochergino\/"",""props"":{""eparhia"":null,""mitropolia"":null,""boss"":null,""type"":""Епархиальные монастыри Русской Православной Церкви"",""founded"":""2003""}}"
"{""name"":""Курский Свято-Троицкий женский монастырь "",""lat"":""51.73269064734"",""long"":""36.195611679919"",""img"":""\/upload\/iblock\/9a6\/9a6a5b8ae370ce0737289023039544c8\/1.JPG"",""distance"":458,""url"":""\/monastyri\/monastery\/kurskiy-svyato-troitskiy-zhenskiy-monastyr-\/"",""props"":{""eparhia"":null,""mitropolia"":null,""boss"":null,""type"":""Епархиальные монастыри Русской Православной Церкви"",""founded"":""1620""}}"
"{""name"":""Кутузовский скит Серафимо - Дивеевского монастыря в селе Кутузовка"",""lat"":""55.340118595023"",""long"":""42.828199068123"",""img"":""\/upload\/iblock\/d52\/kutuz2.jpg"",""distance"":251,""url"":""\/monastyri\/monastery\/kutuzovskiy-skit-serafimo-diveevskogo-monastyrya-v-sele-kutuzovka\/"",""props"":{""eparhia"":null,""mitropolia"":null,""boss"":null,""type"":""скит епархиального монастыря"",""founded"":""""}}"
"{""name"":""Кушеловский Успенский женский монастырь Кишиневской епархии"",""lat"":""47.878646"",""long"":""28.55595"",""img"":""\/upload\/iblock\/892\/p749m7rpyg1jdnlhmhjw347be3rya8g0\/2.jpg"",""distance"":1107,""url"":""\/monastyri\/monastery\/kushelovskiy-uspenskiy-zhenskiy-monastyr-kishinevskoy-eparkhii\/"",""props"":{""eparhia"":null,""mitropolia"":null,""boss"":null,""type"":""Монастыри Православной Церкви Молдовы"",""founded"":""1786""}}"
"{""name"":""Лебединский Свято-Николаевский  женский монастырь Черкасской епархии"",""lat"":""48.966663"",""long"":""31.586079"",""img"":""\/upload\/iblock\/9c0\/66ao9n6y3xvzd1mqdaghkvg4rwqmsg10\/00.jpg"",""distance"":882,""url"":""\/monastyri\/monastery\/lebedinskiy-svyato-nikolaevskiy-zhenskiy-monastyr-cherkasskoy-eparkhii\/"",""props"":{""eparhia"":null,""mitropolia"":null,""boss"":null,""type"":""Монастыри УПЦ МП"",""founded"":""1779""}}"
"{""name"":""Ломовский скит Серафимо-Дивеевского монастыря в честь святых мучеников Флора и Лавра"",""lat"":""55.00892958033"",""long"":""43.242164734347"",""img"":""\/upload\/iblock\/e4e\/72dd902c461c0b4dc72ff1dd975d3e87.jpg"",""distance"":283,""url"":""\/monastyri\/monastery\/skit-serafimo-diveevskogo-monastyrya-v-chest-svyatykh-muchenikov-flora-i-lavra\/"",""props"":{""eparhia"":null,""mitropolia"":null,""boss"":null,""type"":""скит епархиального монастыря"",""founded"":""1997""}}"
"{""name"":""Монастырь Свято-Лукианова мужская пустынь близ г. Александрова "",""lat"":""56.503523708995"",""long"":""38.711830014542"",""img"":""\/upload\/iblock\/0e5\/027.jpg"",""distance"":109,""url"":""\/monastyri\/monastery\/monastyr-svyato-lukianova-muzhskaya-pustyn-bliz-g-aleksandrova-\/"",""props"":{""eparhia"":null,""mitropolia"":null,""boss"":null,""type"":""Епархиальные монастыри Русской Православной Церкви"",""founded"":""1650""}}"
"{""name"":""Мужской монастырь в честь Благовещения Пресвятой Богородицы в деревне Малые Ляды Борисовской епархии  "",""lat"":""53.791447278975"",""long"":""28.087129620377"",""img"":""\/upload\/iblock\/845\/845cc6b8144289fbc8a0399fb4777cff\/da054aecdac4eebe986ec4b0142cf5c3-_1_.jpg"",""distance"":720,""url"":""\/monastyri\/monastery\/muzhskoy-monastyr-v-chest-blagoveshcheniya-presvyatoy-bogoroditsy-v-derevne-malye-lyady-borisovskoy-\/"",""props"":{""eparhia"":null,""mitropolia"":null,""boss"":null,""type"":""Монастыри Белорусской Православной Церкви"",""founded"":""1746""}}"
"{""name"":""В честь Усекновения главы Иоанна Предтечи скальный мужской монастырь Могилев-Подольской епархии "",""lat"":""48.484775"",""long"":""27.608523"",""img"":""\/upload\/iblock\/c55\/n2zgqt0r14ueq22h569jv2duw5bu5a4d\/1.jpg"",""distance"":1097,""url"":""\/monastyri\/monastery\/v-chest-useknoveniya-glavy-ioanna-predtechi-skalnyy-muzhskoy-monastyr-mogilev-podolskoy-eparkhii-\/"",""props"":{""eparhia"":null,""mitropolia"":null,""boss"":null,""type"":""Монастыри УПЦ МП"",""founded"":""1013""}}"
"{""name"":""Магаданский Покровский женский  монастырь  "",""lat"":""59.626168550551"",""long"":""150.78422430556"",""img"":""\/upload\/iblock\/8a8\/8a86f5d475a16e782717e70318fb2f9e\/Pokrovskiy-monastyr.jpg"",""distance"":5872,""url"":""\/monastyri\/monastery\/magadanskiy-pokrovskiy-zhenskiy-monastyr-\/"",""props"":{""eparhia"":null,""mitropolia"":null,""boss"":null,""type"":""Епархиальные монастыри Русской Православной Церкви"",""founded"":""1999""}}"
"{""name"":""Макариев-Решемский женский монастырь"",""lat"":""57.409078742156"",""long"":""42.564694066162"",""img"":""\/upload\/iblock\/5bb\/5bb9502cee9237a33510a7f49c965688\/101_Foto007.jpg"",""distance"":309,""url"":""\/monastyri\/monastery\/makariev-reshemskiy-zhenskiy-monastyr\/"",""props"":{""eparhia"":null,""mitropolia"":null,""boss"":null,""type"":""Епархиальные монастыри Русской Православной Церкви"",""founded"":""1390""}}"
"{""name"":""Макариево-Унженский мужской монастырь"",""lat"":""57.876114309013"",""long"":""43.811589482803"",""img"":""\/upload\/iblock\/6a7\/6a7f637d3bb469729376972d0ad05bbe\/7777.jpg"",""distance"":399,""url"":""\/monastyri\/monastery\/makarievo-unzhenskiy-muzhskoy-monastyr\/"",""props"":{""eparhia"":null,""mitropolia"":null,""boss"":null,""type"":""Епархиальные монастыри Русской Православной Церкви"",""founded"":""1439""}}"
"{""name"":""Свято-Троицкий Макарьевский Желтоводский женский монастырь"",""lat"":""56.084217809684"",""long"":""45.062050002623"",""img"":""\/upload\/iblock\/826\/8263597d1cecad3a416d0ab7217a7f6b\/00889_20160904_222120.jpg"",""distance"":392,""url"":""\/monastyri\/monastery\/svyato-troitskiy-makarevskiy-zheltovodskiy-zhenskiy-monastyr\/"",""props"":{""eparhia"":null,""mitropolia"":null,""boss"":null,""type"":""Епархиальные монастыри Русской Православной Церкви"",""founded"":""1435""}}"
"{""name"":""Мало-Дивеевский Серафимовский женский монастырь с. Норья"",""lat"":""56.668272033608"",""long"":""52.709564530411"",""img"":""\/upload\/iblock\/9b3\/9b33b5c474075f39165c9e64afd70db3\/1.jpg"",""distance"":866,""url"":""\/monastyri\/monastery\/malo-diveevskiy-serafimovskiy-zhenskiy-monastyr-s-norya\/"",""props"":{""eparhia"":null,""mitropolia"":null,""boss"":null,""type"":""Епархиальные монастыри Русской Православной Церкви"",""founded"":""1994""}}"
"{""name"":""Марие-Магдалинский женский монастырь станицы Роговской "",""lat"":""45.728171"",""long"":""38.724234"",""img"":""\/upload\/iblock\/ff4\/ff49689833bc88eea0ce2e28c93ecc86\/dsc03094.jpg"",""distance"":1091,""url"":""\/monastyri\/monastery\/marie-magdalinskiy-zhenskiy-monastyr-stanitsy-rogovskoy-\/"",""props"":{""eparhia"":null,""mitropolia"":null,""boss"":null,""type"":""Епархиальные монастыри Русской Православной Церкви"",""founded"":""1849""}}"
"{""name"":""Марфо-Мариинская обитель милосердия"",""lat"":""55.737740193175"",""long"":""37.622629073691"",""img"":""\/upload\/iblock\/c69\/c69612c37cad8dacaa13008d29f12574\/0.jpg"",""distance"":82,""url"":""\/monastyri\/monastery\/marfo-mariinskaya-obitel-miloserdiya\/"",""props"":{""eparhia"":null,""mitropolia"":null,""boss"":null,""type"":""Ставропигиальные монастыри Русской Православной Церкви"",""founded"":""1909""}}"
"{""name"":""Марфо-Мариинский женский монастырь в с. Ира"",""lat"":""52.854833372842"",""long"":""55.924975153442"",""img"":""\/upload\/iblock\/adf\/adf9757b9e16e9dbfe57f29091dfac72\/Marfo_Mariinskiy-monastyr.jpg"",""distance"":1146,""url"":""\/monastyri\/monastery\/marfo-mariinskiy-zhenskiy-monastyr-v-s-ira\/"",""props"":{""eparhia"":null,""mitropolia"":null,""boss"":null,""type"":""Епархиальные монастыри Русской Православной Церкви"",""founded"":""2006""}}"
"{""name"":""Марфо-Мариинский женский монастырь г. Белгорода"",""lat"":""50.596231737343"",""long"":""36.576175584656"",""img"":""\/upload\/iblock\/c22\/c222ac2bd41a59893e90dffffad26d55\/EbDZkkpjpKs.jpg"",""distance"":570,""url"":""\/monastyri\/monastery\/marfo-mariinskiy-zhenskiy-monastyr-g-belgoroda\/"",""props"":{""eparhia"":null,""mitropolia"":null,""boss"":null,""type"":""Епархиальные монастыри Русской Православной Церкви"",""founded"":""1993""}}"
"{""name"":""Марфо-Мариинский женский монастырь г. Владивостока"",""lat"":""43.222086224775"",""long"":""131.96298896814"",""img"":""\/upload\/iblock\/8e9\/8e92c7e996d02f3b8fc5ed44b492e195\/sedanka_monastir_obshee_3.jpg"",""distance"":6356,""url"":""\/monastyri\/monastery\/marfo-mariinskiy-zhenskiy-monastyr-g-vladivostoka\/"",""props"":{""eparhia"":null,""mitropolia"":null,""boss"":null,""type"":""Епархиальные монастыри Русской Православной Церкви"",""founded"":""1995""}}"
"{""name"":""Меляевский скит Серафимо -  Дивеевского монастыря"",""lat"":""55.393090214641"",""long"":""42.97161407473"",""img"":""\/upload\/iblock\/9c8\/1.jpg"",""distance"":259,""url"":""\/monastyri\/monastery\/melyaevskiy-skit-serafimo-diveevskogo-monastyrya\/"",""props"":{""eparhia"":null,""mitropolia"":null,""boss"":null,""type"":""скит епархиального монастыря"",""founded"":""""}}"
"{""name"":""Милостиво-Богородицкий женский монастырь поселка Кадом"",""lat"":""54.55765345472"",""long"":""42.46694168125"",""img"":""\/upload\/iblock\/8f4\/8f4ea86cb6eb309b816ecddb5e3b96ad\/logo642e9.jpg"",""distance"":254,""url"":""\/monastyri\/monastery\/milostivo-bogoroditskiy-zhenskiy-monastyr-poselka-kadom\/"",""props"":{""eparhia"":null,""mitropolia"":null,""boss"":null,""type"":"""",""founded"":""1797""}}"
"{""name"":""Мироносицкий женский монастырь в с. Ежово"",""lat"":""56.71052933013"",""long"":""48.122018636246"",""img"":""\/upload\/iblock\/87a\/87a1b1de9152a3be7349d990633c414c\/17143632_b.jpg"",""distance"":588,""url"":""\/monastyri\/monastery\/mironositskiy-zhenskiy-monastyr-v-s-ezhovo\/"",""props"":{""eparhia"":null,""mitropolia"":null,""boss"":null,""type"":""Епархиальные монастыри Русской Православной Церкви"",""founded"":""1649""}}"
"{""name"":""Митрофаниевский скит Важеозерского Спасо-Преображенского монастыря"",""lat"":""61.33800055834"",""long"":""33.442275204847"",""img"":""\/upload\/iblock\/cc9\/cc959e1915e5875272e046d642d50a39\/skit.jpg"",""distance"":719,""url"":""\/monastyri\/monastery\/mitrofanievskiy-skit-vvzheozerskogo-spaso-preobrazhenskogo-monastyrya\/"",""props"":{""eparhia"":null,""mitropolia"":null,""boss"":null,""type"":""скит епархиального монастыря"",""founded"":""1904""}}"
"{""name"":""Михайло-Архангельский монастырь г. Юрьев-Польский"",""lat"":""56.497825703635"",""long"":""39.68178692527"",""img"":""\/upload\/iblock\/fea\/fea01cef2dbf089be05eb0e053a9a1ec\/gggg.jpg"",""distance"":119,""url"":""\/monastyri\/monastery\/mikhaylo-arkhangelskiy-monastyr-g-yurev-polskiy\/"",""props"":{""eparhia"":null,""mitropolia"":null,""boss"":null,""type"":""Епархиальные монастыри Русской Православной Церкви"",""founded"":""1234""}}"
"{""name"":""Свято-Михайловский женский монастырь Бердянской епархии"",""lat"":""47.187965379442"",""long"":""36.360422291016"",""img"":""\/upload\/iblock\/9bf\/1sjc9yo8jianyswcdk06114olflt9qd5\/01.jpg"",""distance"":944,""url"":""\/monastyri\/monastery\/svyato-mikhaylovskiy-zhenskiy-monastyr-berdyanskoy-eparkhii\/"",""props"":{""eparhia"":null,""mitropolia"":null,""boss"":null,""type"":""Монастыри УПЦ МП"",""founded"":""2008""}}"
"{""name"":""Свято-Михайловский женский монастырь Хустской епархии"",""lat"":""48.271005"",""long"":""23.585437"",""img"":""\/upload\/iblock\/58f\/1f7bek7re0yr7v0ua5dd3cevng7we6co\/00.jpg"",""distance"":1319,""url"":""\/monastyri\/monastery\/svyato-mikhaylovskiy-zhenskiy-monastyr-khustskoy-eparkhii\/"",""props"":{""eparhia"":null,""mitropolia"":null,""boss"":null,""type"":""Монастыри УПЦ МП"",""founded"":""1990""}}"
"{""name"":""Свято-Михайловский Пелагеевский женский монастырь, с. Пелагеевка Николаевской епархии"",""lat"":""47.730628"",""long"":""32.354423"",""img"":""\/upload\/iblock\/a79\/vsl19q2tejanxoalmt6edqy8zd2tvetn\/00.jpg"",""distance"":977,""url"":""\/monastyri\/monastery\/svyato-mikhaylovskiy-pelageevskiy-zhenskiy-monastyr-s-pelageevka-nikolaevskoy-eparkhii\/"",""props"":{""eparhia"":null,""mitropolia"":null,""boss"":null,""type"":""Монастыри УПЦ МП"",""founded"":""1994""}}"
"{""name"":""Михайловский Покровский женский монастырь"",""lat"":""54.237341209122"",""long"":""39.060807017197"",""img"":""\/upload\/iblock\/0df\/0df85e775c43cc289abed344d933902b\/77af14f936baa1a361c51cf44248286b.jpg"",""distance"":145,""url"":""\/monastyri\/monastery\/mikhaylovskiy-pokrovskiy-zhenskiy-monastyr\/"",""props"":{""eparhia"":null,""mitropolia"":null,""boss"":null,""type"":""Епархиальные монастыри Русской Православной Церкви"",""founded"":""1507""}}"
"{""name"":""Свято-Михайловский Угорницкий мужской монастырь Ивано-Франковской епархии "",""lat"":""48.722207297447"",""long"":""24.822782425964"",""img"":""\/upload\/iblock\/f29\/ybel0qx1zey61aq3kfv6cap59fazb2rc\/00.jpg"",""distance"":1219,""url"":""\/monastyri\/monastery\/svyato-mikhaylovskiy-ugornitskiy-muzhskoy-monastyr-ivano-frankovskoy-eparkhii-\/"",""props"":{""eparhia"":null,""mitropolia"":null,""boss"":null,""type"":""Монастыри УПЦ МП"",""founded"":""""}}"
"{""name"":""Можайский Лужецкий Богородицерождественский Ферапонтов мужской монастырь"",""lat"":""55.521105259"",""long"":""36.007735509262"",""img"":""\/upload\/iblock\/13a\/13a1d5626e6eafbb820a7e5d4643c22e\/1.jpg"",""distance"":181,""url"":""\/monastyri\/monastery\/luzhetskiy-bogoroditserozhdestvenskiy-ferapontov-muzhskoy-monastyr\/"",""props"":{""eparhia"":null,""mitropolia"":null,""boss"":null,""type"":""Епархиальные монастыри Русской Православной Церкви"",""founded"":""1408""}}"
"{""name"":""Мологский Покровский женский монастырь"",""lat"":""57.959188747565"",""long"":""38.10837510318"",""img"":""\/upload\/iblock\/dd5\/005.jpg"",""distance"":274,""url"":""\/monastyri\/monastery\/mologskiy-pokrovskiy-zhenskiy-monastyr\/"",""props"":{""eparhia"":null,""mitropolia"":null,""boss"":null,""type"":""Епархиальные монастыри Русской Православной Церкви"",""founded"":""1886""}}"
"{""name"":""Монастырская пасека в Глухово"",""lat"":""56.889568389858"",""long"":""28.758142983201"",""img"":""\/upload\/iblock\/692\/692af428827a0d3d75fe4cbfd059dd8c\/uu4.jpg"",""distance"":643,""url"":""\/monastyri\/monastery\/monastyrskaya-paseka-v-glukhovo\/"",""props"":{""eparhia"":null,""mitropolia"":null,""boss"":null,""type"":""подворье епархиального монастыря"",""founded"":""""}}"
"{""name"":""Монастырь Курская Коренная Рождества Пресвятой Богородицы мужская пустынь"",""lat"":""51.972014861392"",""long"":""36.313298550293"",""img"":""\/upload\/iblock\/0c2\/0c2e8abea0c999210364678000d7bf3a\/Image00007.jpg"",""distance"":431,""url"":""\/monastyri\/monastery\/monastyr-kurskaya-korennaya-rozhdestva-presvyatoy-bogoroditsy-muzhskaya-pustyn\/"",""props"":{""eparhia"":null,""mitropolia"":null,""boss"":null,""type"":""Епархиальные монастыри Русской Православной Церкви"",""founded"":""1597""}}"
"{""name"":""Монастырь святых Царственных страстотерпцев в урочище Ганина яма  г. Екатеринбурга"",""lat"":""56.942853589095"",""long"":""60.47312546632"",""img"":""\/upload\/iblock\/522\/ek_strastoterptsev.jpg"",""distance"":1339,""url"":""\/monastyri\/monastery\/muzhskoy-monastyr-svyatykh-tsarstvennykh-strastoterptsev\/"",""props"":{""eparhia"":null,""mitropolia"":null,""boss"":null,""type"":""Епархиальные монастыри Русской Православной Церкви"",""founded"":""""}}"
"{""name"":""Монашеский Свято-Введенский Симеоновский мужской скит д. Сербишино"",""lat"":""57.628559149466"",""long"":""60.348484006771"",""img"":""\/upload\/iblock\/935\/935294fe314efbdeda4c8459e4d60d04\/IMG_1716.jpg"",""distance"":1330,""url"":""\/monastyri\/monastery\/monasheskiy-svyato-vvedenskiy-simeonovskiy-muzhskoy-skit-d-serbishino\/"",""props"":{""eparhia"":null,""mitropolia"":null,""boss"":null,""type"":""Епархиальные монастыри Русской Православной Церкви"",""founded"":""2012""}}"
"{""name"":""Московское Троицкое подворье Троице-Сергиевой лавры"",""lat"":""55.775675644686"",""long"":""37.620890559219"",""img"":""\/upload\/iblock\/42b\/monasterium.ru_01.jpg"",""distance"":84,""url"":""\/monastyri\/monastery\/moskovskoe-troitskoe-podvore\/"",""props"":{""eparhia"":null,""mitropolia"":null,""boss"":null,""type"":""подворье ставропигиального монастыря"",""founded"":""1460""}}"
"{""name"":""Мужская пустынь во имя  преподобномучеников Серафима и Феогноста Алма-Атинских, г. Каскелен,Астанайской и Алма-Атинской епархии"",""lat"":""43.099541"",""long"":""76.773268"",""img"":""\/upload\/iblock\/e2e\/rrr.jpg"",""distance"":3025,""url"":""\/monastyri\/monastery\/muzhskaya-pustyn-vo-imya-prepodobnomuchenikov-serafima-i-feognosta-alma-atinskikh-g-kaskelen-astanay\/"",""props"":{""eparhia"":null,""mitropolia"":null,""boss"":null,""type"":""Монастыри Митрополичьего округа Русской Православной Церкви в республике Казахстан"",""founded"":""1996""}}"
"{""name"":""Мужская пустынь во имя преподобного Силуана Афонского Астанайской и Алма-Атинской епархии"",""lat"":""43.317627"",""long"":""77.414026"",""img"":""\/upload\/iblock\/a21\/a212c28ce66372a6ec82a6a27e45ae52\/sil1.jpg"",""distance"":3049,""url"":""\/monastyri\/monastery\/muzhskaya-pustyn-vo-imya-prepodobnogo-siluana-afonskogo-astanayskoy-i-alma-atinskoy-eparkhii\/"",""props"":{""eparhia"":null,""mitropolia"":null,""boss"":null,""type"":""Монастыри Митрополичьего округа Русской Православной Церкви в республике Казахстан"",""founded"":""1994""}}"
"{""name"":""Мужской монастырь   преподобного Иова Почаевского Германской епархии  "",""lat"":""48.16167"",""long"":""11.45917"",""img"":""\/upload\/iblock\/d90\/0xvtwn0b29vmwo5uqai1vtvg5elegbc4\/anons_3.jpg"",""distance"":2037,""url"":""\/monastyri\/monastery\/muzhskoy-monastyr-prepodobnogo-iova-pochaevskogo-germanskoy-eparkhii-\/"",""props"":{""eparhia"":null,""mitropolia"":null,""boss"":null,""type"":""Монастыри РПЦЗ"",""founded"":""1946""}}"
"{""name"":""Мужской монастырь  Новоордынская Поречская Богородице-Рождественская пустынь "",""lat"":""55.5067"",""long"":""31.6801"",""img"":""\/upload\/iblock\/cd5\/1.jpg"",""distance"":453,""url"":""\/monastyri\/monastery\/muzhskoy-monastyr-novoordynskaya-porechskaya-bogoroditse-rozhdestvenskaya-pustyn-\/"",""props"":{""eparhia"":null,""mitropolia"":null,""boss"":null,""type"":""Епархиальные монастыри Русской Православной Церкви"",""founded"":""0""}}"
"{""name"":""Мужской монастырь  Троице-Благовещенская Евфросино-Синоезерская пустынь  в деревне Пустынь "",""lat"":""59.041406661342"",""long"":""35.813853916113"",""img"":""\/upload\/iblock\/650\/65007143e79b241f7c26ae96bf6187a1\/zastavka.jpg"",""distance"":432,""url"":""\/monastyri\/monastery\/muzhskoy-monastyr-troitse-blagoveshchenskaya-evfrosino-sinoezerskaya-pustyn-v-derevne-pustyn-\/"",""props"":{""eparhia"":null,""mitropolia"":null,""boss"":null,""type"":""Епархиальные монастыри Русской Православной Церкви"",""founded"":""""}}"
"{""name"":""Мужской монастырь «Крестовая пустынь» села Солох-Аул"",""lat"":""43.798069746305"",""long"":""39.676057588955"",""img"":""\/upload\/iblock\/89e\/2014_08_21_174221.jpg"",""distance"":1306,""url"":""\/monastyri\/monastery\/muzhskoy-monastyr-krestovaya-pustyn-sela-solokh-aul\/"",""props"":{""eparhia"":null,""mitropolia"":null,""boss"":null,""type"":""Епархиальные монастыри Русской Православной Церкви"",""founded"":""1999""}}"
"{""name"":""Мужской монастырь Богородице-Сергиева Пустынь"",""lat"":""56.685832411684"",""long"":""46.65097742334"",""img"":""\/upload\/iblock\/186\/1867f5a4a650622f3367bf5b56424a0c\/1.jpg"",""distance"":499,""url"":""\/monastyri\/monastery\/muzhskoy-monastyr-bogoroditse-sergieva-pustyn\/"",""props"":{""eparhia"":null,""mitropolia"":null,""boss"":null,""type"":""Епархиальные монастыри Русской Православной Церкви"",""founded"":""1997""}}"
"{""name"":""Мужской монастырь в честь  великомученика Георгия Победоносца в Гётшендорфе"",""lat"":""53.091776892389"",""long"":""13.672362930146"",""img"":""\/upload\/iblock\/6a1\/37wxest6ks4818c86d2wdpso45dzj5cx\/50366_20191012_161720.jpg"",""distance"":1648,""url"":""\/monastyri\/monastery\/muzhskoy-monastyr-v-chest-velikomuchenika-georgiya-pobedonostsa-v-gyetshendorfe\/"",""props"":{""eparhia"":null,""mitropolia"":null,""boss"":null,""type"":""Епархиальные монастыри Русской Православной Церкви"",""founded"":""2006""}}"
"{""name"":""Мужской монастырь в честь  равноапостольного князя Владимира Мукачевской епархии"",""lat"":""48.952989108683"",""long"":""22.781238107431"",""img"":""\/upload\/iblock\/e5a\/0iypmjtlwfad6v1r6ynt4iug18vne9m7\/00.jpg"",""distance"":1313,""url"":""\/monastyri\/monastery\/muzhskoy-monastyr-v-chest-ravnoapostolnogo-knyazya-vladimira-mukachevskoy-eparkhii\/"",""props"":{""eparhia"":null,""mitropolia"":null,""boss"":null,""type"":""Монастыри УПЦ МП"",""founded"":""2015""}}"
"{""name"":""Мужской монастырь в честь апостола и евангелиста Иоанна Богослова Чикагской и Средне-Американской епархии"",""lat"":""41.30320918451"",""long"":""-81.142931739519"",""img"":""\/upload\/iblock\/82b\/xsmmohka21hd40r8cdonswgh07mmxxy2\/10492072_10152845362903793_2324234288673018007_n.jpg"",""distance"":7856,""url"":""\/monastyri\/monastery\/muzhskoy-monastyr-v-chest-apostola-i-evangelista-ioanna-bogoslova-chikagskoy-i-sredne-amerikanskoy-e\/"",""props"":{""eparhia"":null,""mitropolia"":null,""boss"":null,""type"":""Епархиальные монастыри Русской Православной Церкви"",""founded"":""""}}"
"{""name"":""Мужской монастырь в честь апостола Марка Уманской епархии"",""lat"":""48.747625424384"",""long"":""30.224223322815"",""img"":""\/upload\/iblock\/25e\/pzi8fbqr4hwnqcq8wx4smanr86e6pre5\/1.jpg"",""distance"":957,""url"":""\/monastyri\/monastery\/muzhskoy-monastyr-v-chest-apostola-marka-umanskoy-eparkhii\/"",""props"":{""eparhia"":null,""mitropolia"":null,""boss"":null,""type"":""Монастыри УПЦ МП"",""founded"":""2008""}}"
"{""name"":""Мужской монастырь в честь Архистратига Божия Михаила  в селе Ольховка"",""lat"":""54.788160051699"",""long"":""74.901502466539"",""img"":""\/upload\/iblock\/a59\/a593cf0d6f12dc07c86b076e0a83e69e\/20150912_1343694890.jpg"",""distance"":2265,""url"":""\/monastyri\/monastery\/muzhskoy-monastyr-v-chest-arkhistratiga-bozhiya-mikhaila-v-sele-olkhovka\/"",""props"":{""eparhia"":null,""mitropolia"":null,""boss"":null,""type"":""Епархиальные монастыри Русской Православной Церкви"",""founded"":""""}}"
"{""name"":""Мужской монастырь в честь Архистратига Михаила Бориспольской епархии"",""lat"":""50.065244884781"",""long"":""31.463505768857"",""img"":""\/upload\/iblock\/50f\/kujfc147xi0e8b9hzxj0ie10u31s6sga\/04.jpg"",""distance"":786,""url"":""\/monastyri\/monastery\/muzhskoy-monastyr-v-chest-arkhistratiga-mikhaila-borispolskoy-eparkhii\/"",""props"":{""eparhia"":null,""mitropolia"":null,""boss"":null,""type"":""Монастыри УПЦ МП"",""founded"":""""}}"
"{""name"":""Мужской монастырь в честь великомученицы Варвары Ровенской епархии"",""lat"":""50.573691280768"",""long"":""27.190864592389"",""img"":""\/upload\/iblock\/c28\/b7aijlrpyhmej7fwvuumaszt2vba1yym\/00.jpg"",""distance"":954,""url"":""\/monastyri\/monastery\/muzhskoy-monastyr-v-chest-velikomuchenitsy-varvary-rovenskoy-eparkhii\/"",""props"":{""eparhia"":null,""mitropolia"":null,""boss"":null,""type"":""Монастыри УПЦ МП"",""founded"":""2012""}}"
"{""name"":""Мужской монастырь в честь Владимирской иконы Божией Матери, с. Оранки"",""lat"":""55.89531910176"",""long"":""43.715996844566"",""img"":""\/upload\/iblock\/ffa\/ffa0e01959a6ed8d94e338ba495bc51b\/Oranskij_monastyr.jpg"",""distance"":306,""url"":""\/monastyri\/monastery\/muzhskoy-monastyr-v-chest-vladimirskoy-ikony-bozhiey-materi-s-oranki\/"",""props"":{""eparhia"":null,""mitropolia"":null,""boss"":null,""type"":""Епархиальные монастыри Русской Православной Церкви"",""founded"":""""}}"
"{""name"":""Мужской монастырь в честь иконы Божией Матери «Живоносный Источник»  Сарненской епархии"",""lat"":""51.26092895896"",""long"":""27.224061807865"",""img"":""\/upload\/iblock\/556\/ny3x4vmsymcnfbkx0oflp22hhgzyerfv\/00.jpg"",""distance"":906,""url"":""\/monastyri\/monastery\/muzhskoy-monastyr-v-chest-ikony-bozhiey-materi-zhivonosnyy-istochnik-sarnenskoy-eparkhii\/"",""props"":{""eparhia"":null,""mitropolia"":null,""boss"":null,""type"":""Монастыри УПЦ МП"",""founded"":""1999""}}"
"{""name"":""Мужской монастырь в честь иконы Божией Матери «Живоносный источник» (Прощанская пустынь) Бобруйской епархии."",""lat"":""53.186895980212"",""long"":""28.756925242801"",""img"":""\/upload\/iblock\/0f5\/05y17xulor15qryzfofsc2899xjhwuyp\/1.jpg"",""distance"":705,""url"":""\/monastyri\/monastery\/muzhskoy-monastyr-v-chest-ikony-bozhiey-materi-zhivonosnyy-istochnik-proshchanskaya-pustyn-bobruysko\/"",""props"":{""eparhia"":null,""mitropolia"":null,""boss"":null,""type"":""Монастыри Белорусской Православной Церкви"",""founded"":""2022""}}"
"{""name"":""Мужской монастырь в честь иконы Божией Матери «Живоносный Источник» Бориспольской епархии"",""lat"":""50.360858"",""long"":""30.945776"",""img"":""\/upload\/iblock\/5c0\/2tzbgkmx6yupi6kzk9nyr56y9hcf3kms\/00.jpg"",""distance"":782,""url"":""\/monastyri\/monastery\/muzhskoy-monastyr-v-chest-ikony-bozhiey-materi-zhivonosnyy-istochnik-borispolskoy-eparkhii\/"",""props"":{""eparhia"":null,""mitropolia"":null,""boss"":null,""type"":""Монастыри УПЦ МП"",""founded"":""2008""}}"
"{""name"":"" Мужской монастырь в честь иконы Божией Матери «Казанская». Мукачевской епархии"",""lat"":""48.80673018001"",""long"":""23.06356067523"",""img"":""\/upload\/iblock\/bcc\/m5fkopnm1k823uqh957k2l886f6byu1d\/ma.jpg"",""distance"":1308,""url"":""\/monastyri\/monastery\/muzhskoy-monastyr-v-chest-ikony-bozhiey-materi-kazanskaya-mukachevskoy-eparkhii\/"",""props"":{""eparhia"":null,""mitropolia"":null,""boss"":null,""type"":""Монастыри УПЦ МП"",""founded"":""1997""}}"
"{""name"":""Мужской монастырь в честь иконы Божией Матери «Нечаянная  Радость» Хустской епархии"",""lat"":""48.438084416975"",""long"":""23.747081831387"",""img"":""\/upload\/iblock\/4f9\/syf9973h6f6yb75932w33rzhx1c2d2y2\/05.jpg"",""distance"":1298,""url"":""\/monastyri\/monastery\/muzhskoy-monastyr-v-chest-ikony-bozhiey-materi-nechayannaya-radost-khustskoy-eparkhii\/"",""props"":{""eparhia"":null,""mitropolia"":null,""boss"":null,""type"":""Монастыри УПЦ МП"",""founded"":""2002""}}"
"{""name"":""Мужской монастырь в честь Песчанской иконы Божьей Матери Изюмской епархии"",""lat"":""49.22006"",""long"":""37.262927"",""img"":""\/upload\/iblock\/c95\/ttxiufydwkk6amio1uwqlx60qbe0jjxf\/00.jpg"",""distance"":711,""url"":""\/monastyri\/monastery\/muzhskoy-monastyr-v-chest-peschanskoy-ikony-bozhey-materi-izyumskoy-eparkhii\/"",""props"":{""eparhia"":null,""mitropolia"":null,""boss"":null,""type"":""Монастыри УПЦ МП"",""founded"":""2015""}}"
"{""name"":""Мужской монастырь в честь Покрова Пресвятой Богородицы села Завьялово"",""lat"":""54.497534300675"",""long"":""82.452537099197"",""img"":""\/upload\/iblock\/aa2\/aa27d7d504d142f51caa89821385e7c3\/5.jpg"",""distance"":2735,""url"":""\/monastyri\/monastery\/muzhskoy-monastyr-v-chest-pokrova-presvyatoy-bogoroditsy-sela-zavyalovo\/"",""props"":{""eparhia"":null,""mitropolia"":null,""boss"":null,""type"":""Епархиальные монастыри Русской Православной Церкви"",""founded"":""2001""}}"
"{""name"":""Мужской монастырь в честь Положения Ризы Божией Матери во Влахерне Киевской епархии "",""lat"":""50.202401664031"",""long"":""29.827961529114"",""img"":""\/upload\/iblock\/689\/eqcfo260vv74k5g4pyexgcmm488ikq7k\/00-_1_.jpg"",""distance"":848,""url"":""\/monastyri\/monastery\/muzhskoy-monastyr-v-chest-polozheniya-rizy-bozhiey-materi-vo-vlakherne-kievskoy-eparkhii-\/"",""props"":{""eparhia"":null,""mitropolia"":null,""boss"":null,""type"":""Монастыри УПЦ МП"",""founded"":""2000""}}"
"{""name"":""Мужской монастырь в честь Почаевской иконы Божией Матери Мукачевской епархии"",""lat"":""48.511991069179"",""long"":""22.833127192913"",""img"":""\/upload\/iblock\/d7a\/60f28v2jg1pcs0ojqkpcnytkaw6ctwqi\/00.jpg"",""distance"":1342,""url"":""\/monastyri\/monastery\/muzhskoy-monastyr-v-chest-pochaevskoy-ikony-bozhiey-materi-mukachevskoy-eparkhii\/"",""props"":{""eparhia"":null,""mitropolia"":null,""boss"":null,""type"":""Монастыри УПЦ МП"",""founded"":""2003""}}"
"{""name"":""Мужской монастырь в честь Преображения Господня "",""lat"":""45.766420070801"",""long"":""33.480980017312"",""img"":""\/upload\/iblock\/601\/0j5mykm6xrpxd2m1fceolywhpt74irfm\/03.jpg"",""distance"":1150,""url"":""\/monastyri\/monastery\/muzhskoy-monastyr-v-chest-preobrazheniya-gospodnya-\/"",""props"":{""eparhia"":null,""mitropolia"":null,""boss"":null,""type"":""Епархиальные монастыри Русской Православной Церкви"",""founded"":""2015""}}"
"{""name"":""Мужской монастырь в честь Преображения Господня в Бомбала  Австралийско-Новозеландской  епархии"",""lat"":""-36.914620298881"",""long"":""149.2378467692"",""img"":""\/upload\/iblock\/606\/bjiin46h1l6iayi8d0ei3y5uzzwz4jna\/bombala_0_768x508.jpg"",""distance"":14538,""url"":""\/monastyri\/monastery\/muzhskoy-monastyr-v-chest-preobrazheniya-gospodnya-v-bombala-avstraliysko-novozelandskoy-eparkhii\/"",""props"":{""eparhia"":null,""mitropolia"":null,""boss"":null,""type"":""Монастыри РПЦЗ"",""founded"":""1982""}}"
"{""name"":""Мужской монастырь в честь преподобного Алексия, человека Божия Черкасской епархии"",""lat"":""49.204116"",""long"":""32.104684"",""img"":""\/upload\/iblock\/036\/61zsj4l4xnt0lh5awqj36bip2ug6fr1m\/00.jpg"",""distance"":840,""url"":""\/monastyri\/monastery\/muzhskoy-monastyr-v-chest-prepodobnogo-aleksiya-cheloveka-bozhiya-cherkasskoy-eparkhii\/"",""props"":{""eparhia"":null,""mitropolia"":null,""boss"":null,""type"":""Монастыри УПЦ МП"",""founded"":""2011""}}"
"{""name"":""Мужском монастыре в честь преподобного Амвросия Оптинского Бердянской епархии"",""lat"":""47.256149405663"",""long"":""35.742715637804"",""img"":""\/upload\/iblock\/c7a\/2gom1ikfl8oi482dpxw9124hm0s782em\/00-_1_.jpg"",""distance"":946,""url"":""\/monastyri\/monastery\/muzhskom-monastyre-v-chest-prepodobnogo-amvrosiya-optinskogo-berdyanskoy-eparkhii\/"",""props"":{""eparhia"":null,""mitropolia"":null,""boss"":null,""type"":""Монастыри УПЦ МП"",""founded"":""1998""}}"
"{""name"":""Мужской монастырь в честь преподобного Серафима Саровского Белоцерковской епархии "",""lat"":""49.792285"",""long"":""30.115763"",""img"":""\/upload\/iblock\/b07\/t3d1upo512em8tfs9sjm0tm3d8nq3jk3\/00-_1_.jpg"",""distance"":869,""url"":""\/monastyri\/monastery\/muzhskoy-monastyr-v-chest-prepodobnogo-serafima-sarovskogo-belotserkovskoy-eparkhii-\/"",""props"":{""eparhia"":null,""mitropolia"":null,""boss"":null,""type"":""Монастыри УПЦ МП"",""founded"":""1596""}}"
"{""name"":""Мужской монастырь в честь преподобного Серафима Саровского Черновицко-Буковинской епархии"",""lat"":""48.301364556784"",""long"":""25.27611114532"",""img"":""\/upload\/iblock\/d9e\/pgvnnl23rjvphgkqqibdjv802cq9ocru\/00.jpg"",""distance"":1228,""url"":""\/monastyri\/monastery\/muzhskoy-monastyr-v-chest-prepodobnogo-serafima-sarovskogo-chernovitsko-bukovinskoy-eparkhii\/"",""props"":{""eparhia"":null,""mitropolia"":null,""boss"":null,""type"":""Монастыри УПЦ МП"",""founded"":""2015""}}"
"{""name"":""Мужской монастырь в честь Пресвятой Троицы в Домпьер"",""lat"":""46.707907087849"",""long"":""6.8851944365234"",""img"":""\/upload\/iblock\/51d\/f3o2mlo67o1nt4e2hh53i9y5ph6aq225\/2P5230362_2.1000x800.jpg"",""distance"":2412,""url"":""\/monastyri\/monastery\/muzhskoy-monastyr-v-chest-presvyatoy-troitsy-v-domper\/"",""props"":{""eparhia"":null,""mitropolia"":null,""boss"":null,""type"":""Монастыри Патриаршего экзархата Зарубежной Европы"",""founded"":""1995""}}"
"{""name"":""Мужской монастырь в честь Рождества Пресвятой Богородицы в урочище «Церковщина»   Киевской епархии"",""lat"":""50.320566288056"",""long"":""30.534799957672"",""img"":""\/upload\/iblock\/d64\/nsfp3ld59d24mz6w6bbfz3jbjl3hp0dk\/01.jpg"",""distance"":805,""url"":""\/monastyri\/monastery\/muzhskoy-monastyr-v-chest-rozhdestva-presvyatoy-bogoroditsy-v-urochishche-tserkovshchina-kievskoy-ep\/"",""props"":{""eparhia"":null,""mitropolia"":null,""boss"":null,""type"":""Монастыри УПЦ МП"",""founded"":""""}}"
"{""name"":""Мужской монастырь в честь Рудосельской иконы Божией Матери Белоцерковской епархии"",""lat"":""49.498706"",""long"":""29.70111"",""img"":null,""distance"":913,""url"":""\/monastyri\/monastery\/muzhskoy-monastyr-v-chest-rudoselskoy-ikony-bozhiey-materi-belotserkovskoy-eparkhii\/"",""props"":{""eparhia"":null,""mitropolia"":null,""boss"":null,""type"":""Монастыри УПЦ МП"",""founded"":""2021""}}"
"{""name"":""Мужской монастырь в честь святителя Димитрия, митрополита Ростовского, г. Ханты-Мансийск"",""lat"":""61.01638420735"",""long"":""69.364853776443"",""img"":""\/upload\/iblock\/079\/079cde7e72f99289708b976ffc2bb451\/1.jpg"",""distance"":1865,""url"":""\/monastyri\/monastery\/muzhskoy-monastyr-v-chest-svyatitelya-dimitriya-mitropolita-rostovskogo-g-khanty-mansiysk\/"",""props"":{""eparhia"":null,""mitropolia"":null,""boss"":null,""type"":""Епархиальные монастыри Русской Православной Церкви"",""founded"":""""}}"
"{""name"":""Мужской монастырь в честь святителя Николая Чудотворца, епископа Мир Ликийских (Russisch-Orthodox klooster van de Heilige Nicolaas, bisschop van Myra en Wonderdoener)"",""lat"":""52.881161422691"",""long"":""5.4561597645569"",""img"":""\/upload\/iblock\/6ac\/yvi9qzc75qvdv9hatrmzt0q2nl83og0d\/kerkgebouw.jpg"",""distance"":2172,""url"":""\/monastyri\/monastery\/muzhskoy-monastyr-v-chest-svyatitelya-nikolaya-chudotvortsa-episkopa-mir-likiyskikh-v-khemele-russis\/"",""props"":{""eparhia"":null,""mitropolia"":null,""boss"":null,""type"":""Монастыри Патриаршего экзархата Зарубежной Европы"",""founded"":""1999""}}"
"{""name"":""Мужской монастырь в честь святого равноапостольного князя Владимира в городе Туране "",""lat"":""52.149962714847"",""long"":""93.924778001328"",""img"":""\/upload\/iblock\/505\/67hnbrzi1d1q958aamm1g55isdslrqwg\/2022_06_01_09_40_52.png"",""distance"":3536,""url"":""\/monastyri\/monastery\/muzhskoy-monastyr-v-chest-svyatogo-ravnoapostolnogo-knyazya-vladimira-v-gorode-turane-\/"",""props"":{""eparhia"":null,""mitropolia"":null,""boss"":null,""type"":""Епархиальные монастыри Русской Православной Церкви"",""founded"":""2022""}}"
"{""name"":""Мужской монастырь в честь Святых Царственных страстотерпцев Белоцерковской епархии"",""lat"":""49.517237"",""long"":""30.623357"",""img"":null,""distance"":870,""url"":""\/monastyri\/monastery\/muzhskoy-monastyr-v-chest-svyatykh-tsarstvennykh-strastoterptsev-belotserkovskoy-eparkhii\/"",""props"":{""eparhia"":null,""mitropolia"":null,""boss"":null,""type"":""Монастыри УПЦ МП"",""founded"":""2008""}}"
"{""name"":""Мужской монастырь в честь Сошествия Святого Духа на апостолов в г. Вильнюсе"",""lat"":""54.67545"",""long"":""25.290914"",""img"":""\/upload\/iblock\/1bd\/v.jpg"",""distance"":868,""url"":""\/monastyri\/monastery\/muzhskoy-monastyr-v-chest-soshestviya-svyatogo-dukha-na-apostolov-v-g-vilnyuse\/"",""props"":{""eparhia"":null,""mitropolia"":null,""boss"":null,""type"":""Епархиальные монастыри Русской Православной Церкви"",""founded"":""1597""}}"
"{""name"":""Мужской монастырь в честь Усекновения главы Иоанна Предтечи Черновицко-Буковинской епархии"",""lat"":""48.162753679741"",""long"":""25.568465697464"",""img"":""\/upload\/iblock\/69f\/ncs42szowr99zs7t30cv0u67c83vjt7t\/00.jpg"",""distance"":1224,""url"":""\/monastyri\/monastery\/muzhskoy-monastyr-v-chest-useknoveniya-glavy-ioanna-predtechi-chernovitsko-bukovinskoy-eparkhii\/"",""props"":{""eparhia"":null,""mitropolia"":null,""boss"":null,""type"":""Монастыри УПЦ МП"",""founded"":""2021""}}"
"{""name"":""Мужской монастырь в честь Успения Божией Матери г. Читы"",""lat"":""51.983003834251"",""long"":""113.52478747487"",""img"":""\/upload\/iblock\/75d\/75d9b4342955ba7bebe657671b986705\/5vuk5Ahu6_k.jpg"",""distance"":4684,""url"":""\/monastyri\/monastery\/muzhskoy-monastyr-v-chest-uspeniya-bozhiey-materi-g-chity\/"",""props"":{""eparhia"":null,""mitropolia"":null,""boss"":null,""type"":""Епархиальные монастыри Русской Православной Церкви"",""founded"":""2005""}}"
"{""name"":""Мужской монастырь во имя Архистратига Божия Михаила с. Козиха"",""lat"":""54.562257809693"",""long"":""82.111966070758"",""img"":""\/upload\/iblock\/d67\/d677c95be7aa6e60eb169c8b5d0d2cad\/Panorama2.jpg"",""distance"":2712,""url"":""\/monastyri\/monastery\/muzhskoy-monastyr-vo-imya-arkhistratiga-bozhiya-mikhaila-s-kozikha\/"",""props"":{""eparhia"":null,""mitropolia"":null,""boss"":null,""type"":""Епархиальные монастыри Русской Православной Церкви"",""founded"":""1997""}}"
"{""name"":""Мужской монастырь во имя благоверного князя Александра Невского в селе Старая Бинарадка"",""lat"":""53.590610940936"",""long"":""49.963119473978"",""img"":""\/upload\/iblock\/9be\/9be46a74bcdb97cdc72ebb7f49aad947\/DSC_0158.jpg"",""distance"":746,""url"":""\/monastyri\/monastery\/muzhskoy-monastyr-vo-imya-blagovernogo-knyazya-aleksandra-nevskogo-v-sele-staraya-binaradka\/"",""props"":{""eparhia"":null,""mitropolia"":null,""boss"":null,""type"":""Епархиальные монастыри Русской Православной Церкви"",""founded"":""2014""}}"
"{""name"":""Мужской монастырь во имя святого великомученика Димитрия Солунского с. Желябуга"",""lat"":""52.99714628651"",""long"":""36.673108449538"",""img"":""\/upload\/iblock\/5f9\/5f92e9b20e03ce0f0eea93c14ac17ab0\/r_s_r_r_.jpg"",""distance"":316,""url"":""\/monastyri\/monastery\/muzhskoy-monastyr-vo-imya-svyatogo-velikomuchenika-dimitriya-solunskogo-s-zhelyabuga\/"",""props"":{""eparhia"":null,""mitropolia"":null,""boss"":null,""type"":""Епархиальные монастыри Русской Православной Церкви"",""founded"":""2015""}}"
"{""name"":""Мужской монастырь во имя святой праведной Елисаветы Кировоградской епархии"",""lat"":""48.523205556366"",""long"":""32.233376627647"",""img"":""\/upload\/iblock\/e33\/3qvip9tccy1a6uttnfdpa0l1ap061mdf\/1.jpg"",""distance"":902,""url"":""\/monastyri\/monastery\/muzhskoy-monastyr-vo-imya-svyatoy-pravednoy-elisavety-kirovogradskoy-eparkhii\/"",""props"":{""eparhia"":null,""mitropolia"":null,""boss"":null,""type"":""Монастыри УПЦ МП"",""founded"":""2007""}}"
"{""name"":""Мужской монастырь  Всемилостивого Спасителя, остров Вашон, Вашингтон Западно-Американской епархии"",""lat"":""47.443143332807"",""long"":""-122.44305032513"",""img"":""\/upload\/iblock\/1ee\/rnjjxmeyp0rrw1pdn13v15id12f1auyp\/1.jpeg"",""distance"":8433,""url"":""\/monastyri\/monastery\/muzhskoy-monastyr-vsemilostivogo-spasitelya-ostrov-vashon-vashington-zapadno-amerikanskoy-eparkhii\/"",""props"":{""eparhia"":null,""mitropolia"":null,""boss"":null,""type"":""Монастыри РПЦЗ"",""founded"":""1986""}}"
"{""name"":""Мужской монастырь Животворящего Креста Господня в с.Погост-Крест"",""lat"":""56.938276458218"",""long"":""39.521129557533"",""img"":""\/upload\/iblock\/a57\/a5739c724e40aff3e02edb13e0ccc170\/DSC_3396_30.jpg"",""distance"":162,""url"":""\/monastyri\/monastery\/muzhskoy-monastyr-zhivotvoryashchego-kresta-gospodnya-v-s-pogost-krest\/"",""props"":{""eparhia"":null,""mitropolia"":null,""boss"":null,""type"":""Епархиальные монастыри Русской Православной Церкви"",""founded"":""1998""}}"
"{""name"":""Мужской монастырь Заоникиева Богородице-Владимирская мужская пустынь"",""lat"":""59.342735723027"",""long"":""39.836115916782"",""img"":""\/upload\/iblock\/bca\/bca2e8fdc7052e79a13b40655fd41a33\/11.jpg"",""distance"":428,""url"":""\/monastyri\/monastery\/muzhskoy-monastyr-zaonikieva-bogoroditse-vladimirskaya-muzhskaya-pustyn\/"",""props"":{""eparhia"":null,""mitropolia"":null,""boss"":null,""type"":""Епархиальные монастыри Русской Православной Церкви"",""founded"":""1588""}}"
"{""name"":""Мужской монастырь иконы Пресвятой Богородицы «Всех скорбящих Радость»"",""lat"":""44.966482196011"",""long"":""41.918007376261"",""img"":""\/upload\/iblock\/b4f\/20160422_1872134177.jpg"",""distance"":1195,""url"":""\/monastyri\/monastery\/muzhskoy-monastyr-ikony-presvyatoy-bogoroditsy-vsekh-skorbyashchikh-radost\/"",""props"":{""eparhia"":null,""mitropolia"":null,""boss"":null,""type"":""Епархиальные монастыри Русской Православной Церкви"",""founded"":""""}}"
"{""name"":""Мужской монастырь иконы Пресвятой Богородицы «Всех скорбящих Радость» в Первейзе. Бельгийская епархия."",""lat"":""51.068989475327"",""long"":""2.7937673402167"",""img"":""\/upload\/iblock\/fda\/fda43bfb5e0dcd1131209fee37470676\/i400_m.jpg"",""distance"":2420,""url"":""\/monastyri\/monastery\/muzhskoy-monastyr-ikony-presvyatoy-bogoroditsy-vsekh-skorbyashchikh-radost-v-perveyze-belgiyskaya-ep\/"",""props"":{""eparhia"":null,""mitropolia"":null,""boss"":null,""type"":""Монастыри Патриаршего экзархата Зарубежной Европы"",""founded"":""1976""}}"
"{""name"":""Мужской монастырь Николо-Теребенская пустынь"",""lat"":""58.008662375362"",""long"":""35.658610978851"",""img"":""\/upload\/iblock\/11d\/11dab93f688fccd4e525cbec131ef474\/gOjBkEOUFH0.jpg"",""distance"":339,""url"":""\/monastyri\/monastery\/muzhskoy-monastyr-nikolo-terebenskaya-pustyn\/"",""props"":{""eparhia"":null,""mitropolia"":null,""boss"":null,""type"":""Епархиальные монастыри Русской Православной Церкви"",""founded"":""1492""}}"
"{""name"":""Мужской монастырь Нило-Сорская пустынь м. Пустынь"",""lat"":""59.983476274283"",""long"":""38.292667346558"",""img"":""\/upload\/iblock\/a32\/a32fcfa44ba611079c5ab4186420c3be\/1.jpg"",""distance"":497,""url"":""\/monastyri\/monastery\/muzhskoy-monastyr-nilo-sorskaya-pustyn-m-pustyn\/"",""props"":{""eparhia"":null,""mitropolia"":null,""boss"":null,""type"":""Епархиальные монастыри Русской Православной Церкви"",""founded"":""1480""}}"
"{""name"":""Мужской монастырь преподобного Саввы Освященного,  село Терновка "",""lat"":""44.593102008695"",""long"":""33.731326109062"",""img"":""\/upload\/iblock\/0bd\/0bd9b43078d79eff7b09932425dfe3c0\/0.jpg"",""distance"":1270,""url"":""\/monastyri\/monastery\/muzhskoy-monastyr-prepodobnogo-savvy-osvyashchennogo-selo-ternovka-simferopolskoy-i-krymskoy-eparkhi\/"",""props"":{""eparhia"":null,""mitropolia"":null,""boss"":null,""type"":""Епархиальные монастыри Русской Православной Церкви"",""founded"":""""}}"
"{""name"":""Мужской монастырь Рождества Пресвятой Богородицы «Горєча»  Черновицко-Буковинской епархии"",""lat"":""48.289248705396"",""long"":""25.990352772982"",""img"":""\/upload\/iblock\/c3c\/2ygrx9ctkjzbdmb2b45y09flen70xe2e\/00.jpg"",""distance"":1193,""url"":""\/monastyri\/monastery\/muzhskoy-monastyr-rozhdestva-presvyatoy-bogoroditsy-gor-cha-chernovitsko-bukovinskoy-eparkhii\/"",""props"":{""eparhia"":null,""mitropolia"":null,""boss"":null,""type"":""Монастыри УПЦ МП"",""founded"":""1712""}}"
"{""name"":""Мужской монастырь Свято-Ильинская Водлозерская пустынь "",""lat"":""62.380093"",""long"":""36.9078"",""img"":""\/upload\/iblock\/e6a\/e6abf251405c47154ef1e68fba53f342\/1.jpg"",""distance"":770,""url"":""\/monastyri\/monastery\/muzhskoy-monastyr-svyato-ilinskaya-vodlozerskaya-pustyn-\/"",""props"":{""eparhia"":null,""mitropolia"":null,""boss"":null,""type"":""Епархиальные монастыри Русской Православной Церкви"",""founded"":""2006""}}"
"{""name"":""Мужской монастырь Свято-Косьминская пустынь"",""lat"":""58.791712222279"",""long"":""61.250645656097"",""img"":""\/upload\/iblock\/21a\/5.jpg"",""distance"":1390,""url"":""\/monastyri\/monastery\/muzhskoy-monastyr-svyato-kosminskaya-pustyn\/"",""props"":{""eparhia"":null,""mitropolia"":null,""boss"":null,""type"":""Епархиальные монастыри Русской Православной Церкви"",""founded"":""2007""}}"
"{""name"":""Мужской монастырь Седмиезерная Богородичная пустынь"",""lat"":""55.953558264994"",""long"":""49.101408389131"",""img"":""\/upload\/iblock\/36d\/36d9170ec8ac63d61b65b1e532c70bd7\/123353804533197.jpg"",""distance"":642,""url"":""\/monastyri\/monastery\/muzhskoy-monastyr-sedmiezernaya-bogorodichnaya-pustyn\/"",""props"":{""eparhia"":null,""mitropolia"":null,""boss"":null,""type"":""Епархиальные монастыри Русской Православной Церкви"",""founded"":""1615""}}"
"{""name"":""Мужской монастырь Спаса Нерукотворного пустынь с. Клыково "",""lat"":""54.146157669786"",""long"":""35.800511667686"",""img"":""\/upload\/iblock\/058\/05879a942a7652a784e443066428a9a3\/DSC03041.jpg"",""distance"":250,""url"":""\/monastyri\/monastery\/monastyr-spasa-nerukotvornogo-pustyn-v-s-klykovo\/"",""props"":{""eparhia"":null,""mitropolia"":null,""boss"":null,""type"":""Епархиальные монастыри Русской Православной Церкви"",""founded"":""1991""}}"
"{""name"":""Мужской монастырь Успенская Могилевская пустынь деревни Могилевка "",""lat"":""57.081"",""long"":""33.7891"",""img"":""\/upload\/iblock\/dec\/985hq22r1xjvgrzaeiqbkg30jpsu6t0y\/IMG_5710.jpeg"",""distance"":358,""url"":""\/monastyri\/monastery\/muzhskoy-monastyr-uspenskaya-mogilevskaya-pustyn-derevni-mogilevka-\/"",""props"":{""eparhia"":null,""mitropolia"":null,""boss"":null,""type"":""Епархиальные монастыри Русской Православной Церкви"",""founded"":""1634""}}"
"{""name"":""Мужской Сазанский Пещерный монастырь Казанской Алексиево-Сергиевской  пустыни"",""lat"":""52.50455168052"",""long"":""44.160083848985"",""img"":""\/upload\/iblock\/532\/53272c59998b82cdf5cd36cdbbb106c2\/11.jpg"",""distance"":482,""url"":""\/monastyri\/monastery\/muzhskoy-sazanskiy-peshchernyy-monastyr-kazanskoy-aleksievo-sergievskoy-pustyni\/"",""props"":{""eparhia"":null,""mitropolia"":null,""boss"":null,""type"":""Епархиальные монастыри Русской Православной Церкви"",""founded"":""1903""}}"
"{""name"":""Мужской скит в честь иконы Божией Матери «Всецарица» в г. Одесса Ильинского  мужского  монастыря Одесской епархии"",""lat"":""46.461906673035"",""long"":""30.687708413353"",""img"":""\/upload\/iblock\/4e1\/go9q8qedkmsr8rhjylq9pz7f209ay9m8\/00-_1_.jpg"",""distance"":1159,""url"":""\/monastyri\/monastery\/muzhskoy-skit-v-chest-ikony-bozhiey-materi-vsetsaritsa-v-g-odessa-ilinskogo-muzhskogo-monastyrya-ode\/"",""props"":{""eparhia"":null,""mitropolia"":null,""boss"":null,""type"":""скит епархиального монастыря"",""founded"":""2012""}}"
"{""name"":""Мужской скит в честь Святого Духа"",""lat"":""48.739237453452"",""long"":""1.9366276944427"",""img"":""\/upload\/iblock\/b1f\/etpl4rx2k3vsp43fbxl9t3icodbb20hg\/1187797_1543273.1000x800.jpg"",""distance"":2597,""url"":""\/monastyri\/monastery\/muzhskoy-skit-v-chest-svyatogo-dukha\/"",""props"":{""eparhia"":null,""mitropolia"":null,""boss"":null,""type"":""Монастыри Патриаршего экзархата Зарубежной Европы"",""founded"":""1934""}}"
"{""name"":""Мужской ставропигиальный монастырь в честь преподобного Паисия Величковского"",""lat"":""44.520081971415"",""long"":""33.711688018472"",""img"":""\/upload\/iblock\/912\/9127504ad89d691b380c33285a22313b\/khram7_300x200.jpg"",""distance"":1278,""url"":""\/monastyri\/monastery\/muzhskoy-stavropigialnyy-monastyr-v-chest-prepodobnogo-paisiya-velichkovskogo\/"",""props"":{""eparhia"":null,""mitropolia"":null,""boss"":null,""type"":""Епархиальные монастыри Русской Православной Церкви"",""founded"":""2010""}}"
"{""name"":""Муромский Благовещенский мужской монастырь"",""lat"":""55.582427805524"",""long"":""42.053653340012"",""img"":""\/upload\/iblock\/33f\/33f38f27b961d0238602b94f82a826a2\/2.jpg"",""distance"":200,""url"":""\/monastyri\/monastery\/muromskiy-blagoveshchenskiy-muzhskoy-monastyr\/"",""props"":{""eparhia"":null,""mitropolia"":null,""boss"":null,""type"":""Епархиальные монастыри Русской Православной Церкви"",""founded"":""1553""}}"
"{""name"":""Муромский Свято-Успенский  мужской монастырь"",""lat"":""61.484562"",""long"":""36.248368"",""img"":""\/upload\/iblock\/d6e\/d6ea458212409e61b54aabe39f853bcd\/1.jpg"",""distance"":680,""url"":""\/monastyri\/monastery\/muromskiy-svyato-uspenskiy-muzhskoy-monastyr\/"",""props"":{""eparhia"":null,""mitropolia"":null,""boss"":null,""type"":""Епархиальные монастыри Русской Православной Церкви"",""founded"":""1352""}}"
"{""name"":""Негрянский женский монастырь в честь  святых архангелов Михаила и Гавриила  Унгенской и Ниспоренской епархии"",""lat"":""46.810267"",""long"":""28.394816"",""img"":""\/upload\/iblock\/cbe\/vcgr4sl090jcnv5dbl5g2u3mfufk0bdb\/3.jpg"",""distance"":1212,""url"":""\/monastyri\/monastery\/negryanskiy-zhenskiy-monastyr-v-chest-svyatykh-arkhangelov-mikhaila-i-gavriila-ungenskoy-i-nisporens\/"",""props"":{""eparhia"":null,""mitropolia"":null,""boss"":null,""type"":""Монастыри Православной Церкви Молдовы"",""founded"":""1995""}}"
"{""name"":""Непоротовский Свято-Николаевский мужской пещерный монастырь Черновицко-Буковинской епархии"",""lat"":""48.606475"",""long"":""27.283667"",""img"":""\/upload\/iblock\/208\/1tepblv4g1jiwfhr2261vvmloa5gu49k\/1.jpg"",""distance"":1103,""url"":""\/monastyri\/monastery\/neporotovskiy-svyato-nikolaevskiy-muzhskoy-peshchernyy-monastyr-chernovitsko-bukovinskoy-eparkhii\/"",""props"":{""eparhia"":null,""mitropolia"":null,""boss"":null,""type"":""Монастыри УПЦ МП"",""founded"":""""}}"
"{""name"":""Нижнеломовский Казанско-Богородицкий мужской монастырь"",""lat"":""53.530476286955"",""long"":""43.635582380083"",""img"":""\/upload\/iblock\/773\/773176a7702b9c7d7547d134c794ca1b\/phoca_thumb_l_kazan_nn69.JPG"",""distance"":380,""url"":""\/monastyri\/monastery\/nizhnelomovskiy-kazansko-bogoroditskiy-muzhskoy-monastyr\/"",""props"":{""eparhia"":null,""mitropolia"":null,""boss"":null,""type"":""Епархиальные монастыри Русской Православной Церкви"",""founded"":""1643""}}"
"{""name"":""Нижнеломовский Успенский  женский монастырь"",""lat"":""53.537944178029"",""long"":""43.690947473166"",""img"":""\/upload\/iblock\/890\/monasterium.ru_01.jpg"",""distance"":382,""url"":""\/monastyri\/monastery\/uspenskiy-nizhnelomovskiy-zhenskiy-monastyr\/"",""props"":{""eparhia"":null,""mitropolia"":null,""boss"":null,""type"":""Епархиальные монастыри Русской Православной Церкви"",""founded"":""1840""}}"
"{""name"":""Никитский женский монастырь"",""lat"":""55.722482715652"",""long"":""38.769280650154"",""img"":""\/upload\/iblock\/f36\/guviipad4rmw64nft7012zvtn8o2vk99\/1863foto_b.jpg"",""distance"":23,""url"":""\/monastyri\/monastery\/nikitskiy-zhenskiy-monastyr\/"",""props"":{""eparhia"":null,""mitropolia"":null,""boss"":null,""type"":""Епархиальные монастыри Русской Православной Церкви"",""founded"":""2022""}}"
"{""name"":""Никитский женский монастырь г. Кашира"",""lat"":""54.836890238409"",""long"":""38.143346314819"",""img"":""\/upload\/iblock\/fde\/fde880c2d53dbc8f2f1deab7ed540878\/1.jpg"",""distance"":91,""url"":""\/monastyri\/monastery\/nikitskiy-zhenskiy-monastyr-g-kashira\/"",""props"":{""eparhia"":null,""mitropolia"":null,""boss"":null,""type"":""Епархиальные монастыри Русской Православной Церкви"",""founded"":""1843""}}"
"{""name"":""Никитский мужской монастырь с. Никитская Слобода"",""lat"":""56.761247302367"",""long"":""38.858999761318"",""img"":""\/upload\/iblock\/f35\/f3577ac24ad0fdd4b34e81e11b6e6dcb\/Nikitskiy_monastyr_na_zakate.jpg"",""distance"":137,""url"":""\/monastyri\/monastery\/nikitskiy-muzhskoy-monastyr-s-nikitskaya-sloboda\/"",""props"":{""eparhia"":null,""mitropolia"":null,""boss"":null,""type"":""Епархиальные монастыри Русской Православной Церкви"",""founded"":""1010""}}"
"{""name"":""Николаевский Городокский женский монастырь Ровенской епархии"",""lat"":""50.683965303875"",""long"":""26.173817058551"",""img"":""\/upload\/iblock\/653\/zqm77u1vi3lojmo0t2ry6zyp1kt9lski\/1.jpg"",""distance"":1003,""url"":""\/monastyri\/monastery\/nikolaevskiy-gorodokskiy-zhenskiy-monastyr-rovenskoy-eparkhii\/"",""props"":{""eparhia"":null,""mitropolia"":null,""boss"":null,""type"":""Монастыри УПЦ МП"",""founded"":""1516""}}"
"{""name"":""Свято-Николаевский женский монастырь Запорожской епархии"",""lat"":""47.795277264506"",""long"":""35.199624262566"",""img"":""\/upload\/iblock\/1d6\/2hqoh7fe0w2wz0hj92b97lscrfsb2kc1\/00.jpg"",""distance"":897,""url"":""\/monastyri\/monastery\/svyato-nikolaevskiy-zhenskiy-monastyr-zaporozhskoy-eparkhii\/"",""props"":{""eparhia"":null,""mitropolia"":null,""boss"":null,""type"":""Монастыри УПЦ МП"",""founded"":""2012""}}"
"{""name"":""Свято-Николаевский женский монастырь Мукачевской епархии"",""lat"":""48.454468914985"",""long"":""22.733287311243"",""img"":""\/upload\/iblock\/33e\/ob2wmuaxbef5hc20ytbonnt8cshkmrds\/00.jpg"",""distance"":1352,""url"":""\/monastyri\/monastery\/svyato-nikolaevskiy-zhenskiy-monastyr-mukachevskoy-eparkhii\/"",""props"":{""eparhia"":null,""mitropolia"":null,""boss"":null,""type"":""Монастыри УПЦ МП"",""founded"":""1960""}}"
"{""name"":""Николаевский женский монастырь села Николаевское "",""lat"":""58.522282475717"",""long"":""46.670584431421"",""img"":""\/upload\/iblock\/0a4\/0a4ca54f57f33c7d005f57772d992e33\/y_676008da.jpg"",""distance"":577,""url"":""\/monastyri\/monastery\/nikolaevskiy-zhenskiy-monastyr-sela-nikolaevskoe-\/"",""props"":{""eparhia"":null,""mitropolia"":null,""boss"":null,""type"":""Епархиальные монастыри Русской Православной Церкви"",""founded"":""1995""}}"
"{""name"":""Николаевский женский монастырь Скадовской епархии"",""lat"":""46.241282269545"",""long"":""33.148832549629"",""img"":""\/upload\/iblock\/9c7\/x434xnk897b42bj3zt6dfscxot2zbdu1\/skit.jpeg"",""distance"":1108,""url"":""\/monastyri\/monastery\/nikolaevskiy-zhenskiy-monastyr-khersonskoy-eparkhii\/"",""props"":{""eparhia"":null,""mitropolia"":null,""boss"":null,""type"":""Монастыри УПЦ МП"",""founded"":""2018""}}"
"{""name"":""Свято-Николаевский женский монастырь, г. Арзамас"",""lat"":""55.385955996021"",""long"":""43.81424569675"",""img"":""\/upload\/iblock\/ed0\/ed00be377882702605c7e5142e82ff39\/019.JPG"",""distance"":312,""url"":""\/monastyri\/monastery\/svyato-nikolaevskiy-zhenskiy-monastyr-g-arzamas\/"",""props"":{""eparhia"":null,""mitropolia"":null,""boss"":null,""type"":""Епархиальные монастыри Русской Православной Церкви"",""founded"":""""}}"
"{""name"":""Николаевский Клобуков женский монастырь "",""lat"":""57.362289381026"",""long"":""37.627141382942"",""img"":""\/upload\/iblock\/325\/325dd1b45ecda33cdd64e932f7f3fb86\/12_21.jpg"",""distance"":218,""url"":""\/monastyri\/monastery\/nikolaevskiy-klobukov-zhenskiy-monastyr-\/"",""props"":{""eparhia"":null,""mitropolia"":null,""boss"":null,""type"":""Епархиальные монастыри Русской Православной Церкви"",""founded"":""1400""}}"
"{""name"":""Свято-Николаевский Крупицкий женский монастырь Нежинской епархии"",""lat"":""51.422738"",""long"":""32.802726"",""img"":""\/upload\/iblock\/be3\/imd0j43kf2mft8jpefd20sqi6ob4khsd\/00-_1_.jpg"",""distance"":608,""url"":""\/monastyri\/monastery\/svyato-nikolaevskiy-krupitskiy-zhenskiy-monastyr-nezhinskoy-eparkhii\/"",""props"":{""eparhia"":null,""mitropolia"":null,""boss"":null,""type"":""Монастыри УПЦ МП"",""founded"":""2000""}}"
"{""name"":""Николаевский Малицкий мужской монастырь"",""lat"":""56.873914331629"",""long"":""35.799209771164"",""img"":""\/upload\/iblock\/198\/19821d47bc9d02c52558d59f22bc9c07\/oSVFV5vd3Y8.jpg"",""distance"":242,""url"":""\/monastyri\/monastery\/nikolaevskiy-malitskiy-muzhskoy-monastyr\/"",""props"":{""eparhia"":null,""mitropolia"":null,""boss"":null,""type"":""Епархиальные монастыри Русской Православной Церкви"",""founded"":""1551""}}"
"{""name"":""Свято-Николаевский Милецкий мужской монастырь Владимир-Волынской епархии "",""lat"":""51.456285"",""long"":""24.753445"",""img"":""\/upload\/iblock\/71f\/teqpaii2pdg8iz29n4f9x3wqzlq96jjr\/23.jpg"",""distance"":1036,""url"":""\/monastyri\/monastery\/svyato-nikolaevskiy-miletskiy-muzhskoy-monastyr-vladimir-volynskoy-eparkhii-\/"",""props"":{""eparhia"":null,""mitropolia"":null,""boss"":null,""type"":""Монастыри УПЦ МП"",""founded"":""1522""}}"
"{""name"":"" Свято-Николаевский мужской монастырь близ села Кадымцево "",""lat"":""54.292474504319"",""long"":""61.50878904297"",""img"":""\/upload\/iblock\/ccb\/ccb7ba70d4af9cb1796cc98d756d276e\/XfzUn11Bqy0.jpg"",""distance"":1447,""url"":""\/monastyri\/monastery\/svyato-nikolaevskiy-muzhskoy-monastyr-bliz-sela-kadymtsevo-\/"",""props"":{""eparhia"":null,""mitropolia"":null,""boss"":null,""type"":""Епархиальные монастыри Русской Православной Церкви"",""founded"":""1908""}}"
"{""name"":"" Свято-Николаевский мужской монастырь г. Верхотурье "",""lat"":""58.862990337674"",""long"":""60.810669793671"",""img"":""\/upload\/iblock\/500\/monastverkhotursky_st_nicholas_.jpg"",""distance"":1366,""url"":""\/monastyri\/monastery\/svyato-nikolaevskiy-muzhskoy-monastyr-g-verkhoture-\/"",""props"":{""eparhia"":null,""mitropolia"":null,""boss"":null,""type"":""Епархиальные монастыри Русской Православной Церкви"",""founded"":""1604""}}"
"{""name"":""Свято-Николаевский мужской монастырь Могилев-Подольской епархии"",""lat"":""48.736343"",""long"":""28.082795"",""img"":""\/upload\/iblock\/9b3\/3mx823wmvo81lay601hwbo8ar1xjpbb2\/00.jpg"",""distance"":1053,""url"":""\/monastyri\/monastery\/svyato-nikolaevskiy-muzhskoy-monastyr-mogilev-podolskoy-eparkhii\/"",""props"":{""eparhia"":null,""mitropolia"":null,""boss"":null,""type"":""Монастыри УПЦ МП"",""founded"":""""}}"
"{""name"":""Свято-Николаевский мужской монастырь Одесской епархии"",""lat"":""45.340016438131"",""long"":""28.811625882769"",""img"":""\/upload\/iblock\/1cb\/3hv2ngnxw1y8gufcfz3h49dfm8wthz5o\/00.jpg"",""distance"":1336,""url"":""\/monastyri\/monastery\/svyato-nikolaevskiy-muzhskoy-monastyr-odesskoy-eparkhii\/"",""props"":{""eparhia"":null,""mitropolia"":null,""boss"":null,""type"":""Монастыри УПЦ МП"",""founded"":""2003""}}"
"{""name"":""Свято-Николаевский Пустынно-Рыхловский женский монастырь Нежинской епархии"",""lat"":""51.681015"",""long"":""32.877378"",""img"":""\/upload\/iblock\/dbb\/b417vf64qwa21s3cavjzcf18oe5uuq1g\/00.jpg"",""distance"":583,""url"":""\/monastyri\/monastery\/svyato-nikolaevskiy-pustynno-rykhlovskiy-zhenskiy-monastyr-nezhinskoy-eparkhii\/"",""props"":{""eparhia"":null,""mitropolia"":null,""boss"":null,""type"":""Монастыри УПЦ МП"",""founded"":""1620""}}"
"{""name"":""Николаевское подворье Знаменского женского монастыря  Днепропетровской епархии"",""lat"":""48.47009395645"",""long"":""35.019489139881"",""img"":""\/upload\/iblock\/08a\/cx6s4dyg2prz7c73tfuhfdf9jsfs0be4\/2222.jpg"",""distance"":828,""url"":""\/monastyri\/monastery\/nikolaevskoe-podvore-znamenskogo-zhenskogo-monastyrya-dnepropetrovskoy-eparkhii\/"",""props"":{""eparhia"":null,""mitropolia"":null,""boss"":null,""type"":""подворье епархиального монастыря"",""founded"":""2014""}}"
"{""name"":""Свято-Николаевское подворье Рождества Пресвятой Богородицы Молченского Печерского женского монастыря Конотопской епархии "",""lat"":""51.334594192093"",""long"":""33.859056882278"",""img"":""\/upload\/iblock\/31a\/52hq28t6vq0r8pi0jhh77isd1de95fw1\/07.jpg"",""distance"":573,""url"":""\/monastyri\/monastery\/svyato-nikolaevskoe-podvore-rozhdestva-presvyatoy-bogoroditsy-molchenskogo-pecherskogo-zhenskogo-mon\/"",""props"":{""eparhia"":null,""mitropolia"":null,""boss"":null,""type"":""подворье епархиального монастыря"",""founded"":""""}}"
"{""name"":""Николо-Бабаевский мужской монастырь"",""lat"":""57.696759621202"",""long"":""40.342915662292"",""img"":""\/upload\/iblock\/df9\/23.jpg"",""distance"":258,""url"":""\/monastyri\/monastery\/nikolo-babaevskiy-muzhskoy-monastyr\/"",""props"":{""eparhia"":null,""mitropolia"":null,""boss"":null,""type"":""Епархиальные монастыри Русской Православной Церкви"",""founded"":""""}}"
"{""name"":""Николо-Бавыкинский мужской монастырь  пос. Заря Свободы "",""lat"":""53.851382880435"",""long"":""41.081803110451"",""img"":""\/upload\/iblock\/e77\/e771053049093b836266661321a18c73\/cropped_SDC10609.jpg"",""distance"":235,""url"":""\/monastyri\/monastery\/nikolo-bavykinskiy-muzhskoy-monastyr-pos-zarya-svobody-\/"",""props"":{""eparhia"":null,""mitropolia"":null,""boss"":null,""type"":""Епархиальные монастыри Русской Православной Церкви"",""founded"":""1879""}}"
"{""name"":""Мужской монастырь Николо-Берлюковская пустынь"",""lat"":""55.928618718701"",""long"":""38.232375489375"",""img"":""\/upload\/iblock\/e44\/e44cd9841fe60870cfa92d87458b11a0\/1.jpg"",""distance"":60,""url"":""\/monastyri\/monastery\/muzhskoy-monastyr-nikolo-berlyukovskaya-pustyn\/"",""props"":{""eparhia"":null,""mitropolia"":null,""boss"":null,""type"":""Епархиальные монастыри Русской Православной Церкви"",""founded"":""""}}"
"{""name"":""Николо-Вяжищский ставропигиальный женский монастырь"",""lat"":""58.623592349137"",""long"":""31.167463152521"",""img"":""\/upload\/iblock\/5a7\/nwmon_00.jpg"",""distance"":579,""url"":""\/monastyri\/monastery\/nikolo-vyazhishchskiy-stavropigialnyy-zhenskiy-monastyr\/"",""props"":{""eparhia"":null,""mitropolia"":null,""boss"":null,""type"":""Ставропигиальные монастыри Русской Православной Церкви"",""founded"":""1411""}}"
"{""name"":""Николо-Комаровский скит  Астраханского Иоанно-Предтеченского монастыря"",""lat"":""46.157460062017"",""long"":""47.877927505825"",""img"":""\/upload\/iblock\/cb8\/cb83dd915b6d82dcd716b790a20b58d0\/IMG_3477.jpg"",""distance"":1217,""url"":""\/monastyri\/monastery\/monasheskaya-zhenskaya-obshchina-v-chest-ikony-bozhiey-materi-neupivaemaya-chasha\/"",""props"":{""eparhia"":null,""mitropolia"":null,""boss"":null,""type"":""скит епархиального монастыря"",""founded"":""2004""}}"
"{""name"":""Николо-Пешношский мужской монастырь"",""lat"":""56.455870665155"",""long"":""37.230078129608"",""img"":""\/upload\/iblock\/7da\/7da1a0376c6b45dc1ca6ab2b824d8a8f\/6.jpg"",""distance"":146,""url"":""\/monastyri\/monastery\/nikolo-peshnoshskiy-muzhskoy-monastyr\/"",""props"":{""eparhia"":null,""mitropolia"":null,""boss"":null,""type"":""Епархиальные монастыри Русской Православной Церкви"",""founded"":""1361""}}"
"{""name"":""Николо-Радовицкий мужской монастырь"",""lat"":""55.098699330573"",""long"":""39.544665523804"",""img"":""\/upload\/iblock\/89f\/89f398f6f87ae31b8204a0c05b35f327\/1.1.jpg"",""distance"":65,""url"":""\/monastyri\/monastery\/nikolo-radovitskiy-muzhskoy-monastyr\/"",""props"":{""eparhia"":null,""mitropolia"":null,""boss"":null,""type"":""Епархиальные монастыри Русской Православной Церкви"",""founded"":""1584""}}"
"{""name"":""Николо-Сольбинский женский монастырь"",""lat"":""56.997688816148"",""long"":""38.416290100525"",""img"":""\/upload\/iblock\/4f4\/003.jpg"",""distance"":166,""url"":""\/monastyri\/monastery\/nikolo-solbinskiy-zhenskiy-monastyr\/"",""props"":{""eparhia"":null,""mitropolia"":null,""boss"":null,""type"":""Епархиальные монастыри Русской Православной Церкви"",""founded"":""""}}"
"{""name"":""Николо-Тихонов монастырь в с. Тимирязево"",""lat"":""57.048581779446"",""long"":""42.239746089996"",""img"":""\/upload\/iblock\/c44\/c44eab3bf3031e94166d72bf8327948e\/Svyato_Nikolo_Tikhonov_Lukhskiy_monastyr.jpg"",""distance"":268,""url"":""\/monastyri\/monastery\/nikolo-tikhonov-monastyr-v-s-timiryazevo\/"",""props"":{""eparhia"":null,""mitropolia"":null,""boss"":null,""type"":""Епархиальные монастыри Русской Православной Церкви"",""founded"":""1498""}}"
"{""name"":""Николо-Угрешский ставропигиальный мужской монастырь"",""lat"":""55.622499880637"",""long"":""37.84003416781"",""img"":""\/upload\/iblock\/c4a\/c4a61c1f33616a2bb1a3e9228b7c74e7\/ugresh.jpg"",""distance"":66,""url"":""\/monastyri\/monastery\/nikolo-ugreshskiy-stavropigialnyy-muzhskoy-monastyr\/"",""props"":{""eparhia"":null,""mitropolia"":null,""boss"":null,""type"":""Ставропигиальные монастыри Русской Православной Церкви"",""founded"":""1380""}}"
"{""name"":""Николо-Чернеевский мужской монастырь село Старочернеево"",""lat"":""53.861436400532"",""long"":""41.84562785734"",""img"":""\/upload\/iblock\/ebd\/ebda2e793ee19056315b6912979d44c0\/bc8bdfe492f1b6e362cf03d577c35207.jpg"",""distance"":267,""url"":""\/monastyri\/monastery\/nikolo-cherneevskiy-muzhskoy-monastyr-selo-starocherneev\/"",""props"":{""eparhia"":null,""mitropolia"":null,""boss"":null,""type"":""Епархиальные монастыри Русской Православной Церкви"",""founded"":""1573""}}"
"{""name"":""Николо-Шартомский мужской монастырь"",""lat"":""56.965225594315"",""long"":""41.340955327929"",""img"":""\/upload\/iblock\/bd3\/bd3a2f367c98f1dd9d76194433c14624\/37346.jpg"",""distance"":221,""url"":""\/monastyri\/monastery\/nikolo-shartomskiy-muzhskoy-monastyr\/"",""props"":{""eparhia"":null,""mitropolia"":null,""boss"":null,""type"":""Епархиальные монастыри Русской Православной Церкви"",""founded"":""1174""}}"
"{""name"":""Свято-Никольский женский  монастырь в поселке Монастырский"",""lat"":""51.972267062757"",""long"":""48.818497675919"",""img"":""\/upload\/iblock\/1fd\/1fd67469a96c02baefff1e5d5a35adaf\/CIMG1253.JPG"",""distance"":764,""url"":""\/monastyri\/monastery\/svyato-nikolskiy-monastyr-v-poselke-monastyrskiy\/"",""props"":{""eparhia"":null,""mitropolia"":null,""boss"":null,""type"":""Епархиальные монастыри Русской Православной Церкви"",""founded"":""1843""}}"
"{""name"":""Никольский Адриано-Андрусовский монастырь"",""lat"":""60.993447235363"",""long"":""32.597304441803"",""img"":""\/upload\/iblock\/86f\/86fac8cc68543f97dc64db0f5eb4c070\/yu.jpg"",""distance"":710,""url"":""\/monastyri\/monastery\/nikolskiy-adriano-andrusovskiy-monastyr\/"",""props"":{""eparhia"":null,""mitropolia"":null,""boss"":null,""type"":""Епархиальные монастыри Русской Православной Церкви"",""founded"":""1575""}}"
"{""name"":""Никольский Греческий монастырь - подворье Заиконоспасского ставропигиального монастыря."",""lat"":""55.756783550366"",""long"":""37.621688762566"",""img"":""\/upload\/iblock\/a4d\/a4d0655e661ce623928454cca149faf3\/23_450x337.jpg"",""distance"":83,""url"":""\/monastyri\/monastery\/nikolskiy-grecheskiy-monastyr-podvore-zaikonospasskogo-stavropigialnogo-monastyrya\/"",""props"":{""eparhia"":null,""mitropolia"":null,""boss"":null,""type"":""подворье ставропигиального монастыря"",""founded"":""""}}"
"{""name"":""Никольский Добрушский мужской монастырь Кишиневской епархии"",""lat"":""47.804299830393"",""long"":""28.600218984131"",""img"":""\/upload\/iblock\/048\/svsu8wnl60cu8ebewbjwjvnvj7q5sxkx\/014_Dobrusa_Soldanesti_140911_24.jpg"",""distance"":1112,""url"":""\/monastyri\/monastery\/nikolskiy-dobrushskiy-muzhskoy-monastyr-kishinevskoy-eparkhii\/"",""props"":{""eparhia"":null,""mitropolia"":null,""boss"":null,""type"":""Монастыри Православной Церкви Молдовы"",""founded"":""1772""}}"
"{""name"":""Никольский женский монастырь в с. Николаевское"",""lat"":""56.369517"",""long"":""56.105413"",""img"":""\/upload\/iblock\/f7f\/f7fdf199ea094c642505ac7ce26627ee\/n.jpg"",""distance"":1074,""url"":""\/monastyri\/monastery\/nikolskiy-zhenskiy-monastyr-v-s-nikolaevskoe\/"",""props"":{""eparhia"":null,""mitropolia"":null,""boss"":null,""type"":""Епархиальные монастыри Русской Православной Церкви"",""founded"":""1995""}}"
"{""name"":""Никольский женский монастырь г. Приволжска"",""lat"":""57.378902681349"",""long"":""41.282041527193"",""img"":""\/upload\/iblock\/fd0\/fd0b58aae96d33c0a7c983a6131a043b\/1.jpg"",""distance"":254,""url"":""\/monastyri\/monastery\/nikolskiy-monastyr-g-privolzhska\/"",""props"":{""eparhia"":null,""mitropolia"":null,""boss"":null,""type"":""Епархиальные монастыри Русской Православной Церкви"",""founded"":""1779""}}"
"{""name"":""Никольский женский монастырь с. Могочино"",""lat"":""57.712933045379"",""long"":""83.589390386533"",""img"":""\/upload\/iblock\/6da\/6dac300eee91f6c93709e3361b172365\/dZxozHJ3xDQ.jpg"",""distance"":2697,""url"":""\/monastyri\/monastery\/nikolskiy-zhenskiy-monastyr-s-mogochino\/"",""props"":{""eparhia"":null,""mitropolia"":null,""boss"":null,""type"":""Епархиальные монастыри Русской Православной Церкви"",""founded"":""1989""}}"
"{""name"":""Свято-Никольский женский монастырь села Волосово"",""lat"":""56.172217827316"",""long"":""40.161825906082"",""img"":""\/upload\/iblock\/dbe\/dbee160db4cd5684eb9f6f34a1c1b20f\/ooo.jpg"",""distance"":108,""url"":""\/monastyri\/monastery\/svyato-nikolskiy-zhenskiy-monastyr-sela-volosovo\/"",""props"":{""eparhia"":null,""mitropolia"":null,""boss"":null,""type"":""Епархиальные монастыри Русской Православной Церкви"",""founded"":""1350""}}"
"{""name"":""Никольский женский монастырь, г. Переславль-Залесский.  "",""lat"":""56.731625170015"",""long"":""38.837535515869"",""img"":""\/upload\/iblock\/f94\/001.jpg"",""distance"":134,""url"":""\/monastyri\/monastery\/nikolskiy-zhenskiy-monastyr-g-pereslavl-zalesskiy-\/"",""props"":{""eparhia"":null,""mitropolia"":null,""boss"":null,""type"":""Епархиальные монастыри Русской Православной Церкви"",""founded"":""1348""}}"
"{""name"":""Женская Мамонтова пустынь во имя святителя Николая Чудотворца"",""lat"":""53.228294322638"",""long"":""41.702568513214"",""img"":""\/upload\/iblock\/a51\/a51d825b9cc0826b71bcee7d0cfbc10e\/14.jpg"",""distance"":315,""url"":""\/monastyri\/monastery\/nikolskiy-mamontovskiy-zhenskiy-monastyr\/"",""props"":{""eparhia"":null,""mitropolia"":null,""boss"":null,""type"":""Епархиальные монастыри Русской Православной Церкви"",""founded"":""1629""}}"
"{""name"":""Никольский монастырь в с. Старая Ладога"",""lat"":""59.991931978281"",""long"":""32.300946704369"",""img"":""\/upload\/iblock\/b97\/b97f749486c84f6ecaccde403cd4844a\/pobereguzamonastyr_1_.jpg.jpg"",""distance"":631,""url"":""\/monastyri\/monastery\/nikolskiy-monastyr-v-s-staraya-ladoga\/"",""props"":{""eparhia"":null,""mitropolia"":null,""boss"":null,""type"":""Епархиальные монастыри Русской Православной Церкви"",""founded"":""1240""}}"
"{""name"":""Свято-Никольский монастырь с. Новое"",""lat"":""56.557114390584"",""long"":""39.517653023804"",""img"":""\/upload\/iblock\/599\/5999ace4d487353fb155a6df09ab5f90\/phpbvykZR.jpg"",""distance"":121,""url"":""\/monastyri\/monastery\/svyato-nikolskiy-monastyr-s-novoe\/"",""props"":{""eparhia"":null,""mitropolia"":null,""boss"":null,""type"":""Епархиальные монастыри Русской Православной Церкви"",""founded"":""1995""}}"
"{""name"":""Никольский мужской монастырь в деревне Большекулачье"",""lat"":""55.210651707554"",""long"":""73.252976812164"",""img"":""\/upload\/iblock\/e60\/e6009c085369775e6326070c44dc6a05\/09_YWjnGScC51M.jpg"",""distance"":2151,""url"":""\/monastyri\/monastery\/nikolskiy-muzhskoy-monastyr-v-derevne-bolshekulache\/"",""props"":{""eparhia"":null,""mitropolia"":null,""boss"":null,""type"":""Епархиальные монастыри Русской Православной Церкви"",""founded"":""1995""}}"
"{""name"":""Никольский мужской монастырь в рабочем поселке Саргатское"",""lat"":""55.608701323313"",""long"":""73.506924055042"",""img"":""\/upload\/iblock\/995\/995b58e01b3ff00cd99fc1740da281e6\/d.jpg"",""distance"":2155,""url"":""\/monastyri\/monastery\/nikolskiy-muzhskoy-monastyr-v-rabochem-poselke-sargatskoe\/"",""props"":{""eparhia"":null,""mitropolia"":null,""boss"":null,""type"":""Епархиальные монастыри Русской Православной Церкви"",""founded"":""1996""}}"
"{""name"":""Никольский мужской монастырь с. Хохловка "",""lat"":""44.659910186228"",""long"":""33.753731214361"",""img"":""\/upload\/iblock\/c9f\/c9fcc7909dffb5f64c8f28d80570be74\/DSC5736.jpg"",""distance"":1262,""url"":""\/monastyri\/monastery\/nikolskiy-muzhskoy-monastyr-s-khokhlovka-\/"",""props"":{""eparhia"":null,""mitropolia"":null,""boss"":null,""type"":""Епархиальные монастыри Русской Православной Церкви"",""founded"":""2010""}}"
"{""name"":""Свято-Никольский мужской монастырь, г. Гомель Гомельской епархии"",""lat"":""52.440426554437"",""long"":""30.985053457672"",""img"":""\/upload\/iblock\/7ba\/7ba4ac6aac21c9915d8b4fde0444b811\/149bbb5acd48df01698629afced392c6.jpg"",""distance"":620,""url"":""\/monastyri\/monastery\/svyato-nikolskiy-muzhskoy-monastyr-g-gomel-gomelskoy-eparkhii\/"",""props"":{""eparhia"":null,""mitropolia"":null,""boss"":null,""type"":""Монастыри Белорусской Православной Церкви"",""founded"":""1994""}}"
"{""name"":""Никольский скит Богородицкого Житенного женского монастыря "",""lat"":""57.073433426165"",""long"":""33.395926994949"",""img"":""\/upload\/iblock\/441\/441a500a4a7240f1bfe4a2f3afe06060\/nikol-skit-krapivnya.jpg"",""distance"":379,""url"":""\/monastyri\/monastery\/nikolskiy-skit-bogoroditskogo-zhitennogo-zhenskogo-monastyrya-\/"",""props"":{""eparhia"":null,""mitropolia"":null,""boss"":null,""type"":""скит епархиального монастыря"",""founded"":""""}}"
"{""name"":""Никольский скит Рождество-Богородичного женского монастыря в с. Вежное "",""lat"":""52.404610936031"",""long"":""24.089733616896"",""img"":""\/upload\/iblock\/611\/61161c4f052b6548938c242ccca899d7\/skit.jpg"",""distance"":1026,""url"":""\/monastyri\/monastery\/nikolskiy-skit-rozhdestvo-bogorodichnogo-zhenskogo-monastyrya-v-s-vezhnoe-\/"",""props"":{""eparhia"":null,""mitropolia"":null,""boss"":null,""type"":""скит епархиального монастыря"",""founded"":""2006""}}"
"{""name"":""Никольский скит села Макеево Рыльского Свято-Николаевского мужского монастыря"",""lat"":""51.677056528644"",""long"":""34.543757610531"",""img"":""\/upload\/iblock\/2fd\/2fd22765081117135094d52186ad1e92\/Skit5.jpg"",""distance"":515,""url"":""\/monastyri\/monastery\/nikolskiy-skit-sela-makeevo-rylskogo-svyato-nikolaevskogo-muzhskogo-monastyrya\/"",""props"":{""eparhia"":null,""mitropolia"":null,""boss"":null,""type"":""скит епархиального монастыря"",""founded"":""2000""}}"
"{""name"":""Свято-Никольский Черноостровский женский монастырь"",""lat"":""55.016382371626"",""long"":""36.462280474891"",""img"":""\/upload\/iblock\/877\/8778dbe8e6b637f7748fb6af24fc7d69\/4662452_large.jpeg"",""distance"":164,""url"":""\/monastyri\/monastery\/svyato-nikolskiy-chernoostrovskiy-monastyr\/"",""props"":{""eparhia"":null,""mitropolia"":null,""boss"":null,""type"":""Епархиальные монастыри Русской Православной Церкви"",""founded"":""1500""}}"
"{""name"":""Никольский Шостьенский ставропигиальный женский монастырь"",""lat"":""54.737393388431"",""long"":""41.300039443558"",""img"":""\/upload\/iblock\/006\/monasterium.ru_01.jpg"",""distance"":178,""url"":""\/monastyri\/monastery\/nikolskiy-shostenskiy-stavropigialnyy-zhenskiy-monastyr\/"",""props"":{""eparhia"":null,""mitropolia"":null,""boss"":null,""type"":""Ставропигиальные монастыри Русской Православной Церкви"",""founded"":""1999""}}"
"{""name"":""Мужской монастырь Нило-Столобенская пустынь"",""lat"":""57.235235593064"",""long"":""33.062282161809"",""img"":""\/upload\/iblock\/cc5\/cc5c73bc2f3da060bd5e620e16fd6767\/VyBf59cqnsA.jpg"",""distance"":405,""url"":""\/monastyri\/monastery\/muzhskoy-monastyr-nilo-stolobenskaya-pustyn\/"",""props"":{""eparhia"":null,""mitropolia"":null,""boss"":null,""type"":""Епархиальные монастыри Русской Православной Церкви"",""founded"":""1594""}}"
"{""name"":""Новгород-Сиверский Спасо-Преображенский мужской монастырь Черниговской епархии"",""lat"":""52.008707"",""long"":""33.283452"",""img"":""\/upload\/iblock\/9d5\/5vktzec3xfmqxam4w8le26lu3r5mylw8\/00.jpg"",""distance"":537,""url"":""\/monastyri\/monastery\/novgorod-siverskiy-spaso-preobrazhenskiy-muzhskoy-monastyr-chernigovskoy-eparkhii\/"",""props"":{""eparhia"":null,""mitropolia"":null,""boss"":null,""type"":""Монастыри УПЦ МП"",""founded"":""1033""}}"
"{""name"":""Ново-Леушинский Иоанно-Предтеченский женский монастырь"",""lat"":""58.889816356184"",""long"":""38.193545975359"",""img"":""\/upload\/iblock\/1fc\/8qqrkeel35tqxotj7nar9wtm9hobew8h\/1.jpg"",""distance"":376,""url"":""\/monastyri\/monastery\/novo-leushinskiy-ioanno-predtechenskiy-zhenskiy-monastyr\/"",""props"":{""eparhia"":null,""mitropolia"":null,""boss"":null,""type"":""Епархиальные монастыри Русской Православной Церкви"",""founded"":""1875""}}"
"{""name"":""Ново-Синайский мужской монастырь в г. Сунжа "",""lat"":""43.309895053826"",""long"":""45.050279646683"",""img"":""\/upload\/iblock\/941\/941e12737f59434e5893d9d41fb2d150\/0_a0089_f169d52d_orig.jpg"",""distance"":1430,""url"":""\/monastyri\/monastery\/novo-sinayskiy-muzhskoy-monastyr-v-g-sunzha-\/"",""props"":{""eparhia"":null,""mitropolia"":null,""boss"":null,""type"":""Епархиальные монастыри Русской Православной Церкви"",""founded"":""2014""}}"
"{""name"":""Новодевичий ставропигиальный женский монастырь г. Москвы "",""lat"":""55.726176733636"",""long"":""37.556079267845"",""img"":""\/upload\/iblock\/bc9\/lmlpya5zg72n06j31tpzfwret6rgob5b\/1.jpg"",""distance"":86,""url"":""\/monastyri\/monastery\/novodevichiy-stavropigialnyy-zhenskiy-monastyr-g-moskvy-\/"",""props"":{""eparhia"":null,""mitropolia"":null,""boss"":null,""type"":""Ставропигиальные монастыри Русской Православной Церкви"",""founded"":""3""}}"
"{""name"":""Новосибирский мужской монастырь  в честь Новомучеников и исповедников Церкви Русской"",""lat"":""54.974954168587"",""long"":""82.908310906082"",""img"":""\/upload\/iblock\/da6\/da6b706a4d9cdcfd7cac33df1dcac12f\/1.jpg"",""distance"":2745,""url"":""\/monastyri\/monastery\/novosibirskiy-muzhskoy-monastyr-v-chest-novomuchenikov-i-ispovednikov-tserkvi-russkoy\/"",""props"":{""eparhia"":null,""mitropolia"":null,""boss"":null,""type"":""Епархиальные монастыри Русской Православной Церкви"",""founded"":""1996""}}"
"{""name"":""Новосибирский мужской монастырь в честь Иоанна Предтечи"",""lat"":""54.856061199176"",""long"":""82.981556364418"",""img"":""\/upload\/iblock\/429\/429242147708aa8a357c70cdc98f3fc1\/vid_s_yuzhnoy_storony.jpg"",""distance"":2754,""url"":""\/monastyri\/monastery\/novosibirskiy-muzhskoy-monastyr-v-chest-proroka-predtechi-i-krestitelya-gospodnya-ioanna\/"",""props"":{""eparhia"":null,""mitropolia"":null,""boss"":null,""type"":""Епархиальные монастыри Русской Православной Церкви"",""founded"":""1996""}}"
"{""name"":""Новосибирское подворье Михаило-Архангельского монастыря с.Козиха"",""lat"":""54.984718720656"",""long"":""82.828910101189"",""img"":""\/upload\/iblock\/e2a\/e2afa9c5eec39b5f9c1f3d7408243147\/Troitse_Vladimirskiy_sobor1.jpg"",""distance"":2740,""url"":""\/monastyri\/monastery\/novosibirskoe-podvore-mikhailo-arkhangelskogo-monastyrya-s-kozikha\/"",""props"":{""eparhia"":null,""mitropolia"":null,""boss"":null,""type"":""подворье епархиального монастыря"",""founded"":""2001""}}"
"{""name"":""Новоспасский мужской монастырь с. Терновка г. Севастополя"",""lat"":""44.558715"",""long"":""33.78888"",""img"":""\/upload\/iblock\/4cd\/4cdf3cda66f52cf5ef637ecaf3aa86e9\/0.jpg"",""distance"":1273,""url"":""\/monastyri\/monastery\/novospasskiy-muzhskoy-monastyr-s-ternovka-g-sevastopolya\/"",""props"":{""eparhia"":null,""mitropolia"":null,""boss"":null,""type"":""подворье епархиального монастыря"",""founded"":""1868""}}"
"{""name"":""Новоспасский ставропигиальный мужской монастырь"",""lat"":""55.732012702797"",""long"":""37.657568517484"",""img"":""\/upload\/iblock\/d29\/novospassky.jpg"",""distance"":80,""url"":""\/monastyri\/monastery\/novospasskiy-stavropigialnyy-muzhskoy-monastyr\/"",""props"":{""eparhia"":null,""mitropolia"":null,""boss"":null,""type"":""Ставропигиальные монастыри Русской Православной Церкви"",""founded"":""14""}}"
"{""name"":""Новоторжский Борисоглебский мужской монастырь"",""lat"":""57.034210929353"",""long"":""34.956387890213"",""img"":""\/upload\/iblock\/ced\/ced26dd02efd04ca30a7f8bf90d917d6\/1.jpg"",""distance"":294,""url"":""\/monastyri\/monastery\/novotorzhskiy-borisoglebskiy-muzhskoy-monastyr\/"",""props"":{""eparhia"":null,""mitropolia"":null,""boss"":null,""type"":""Епархиальные монастыри Русской Православной Церкви"",""founded"":""1038""}}"
"{""name"":""Одигитриевский женский монастырь в городе Челябинске"",""lat"":""55.133236502385"",""long"":""61.452419219323"",""img"":""\/upload\/iblock\/7d1\/7d14a88a4cb544d0891d649e7ebb15c7\/1.jpg"",""distance"":1423,""url"":""\/monastyri\/monastery\/odigitrievskiy-zhenskiy-monastyr-v-gorode-chelyabinske\/"",""props"":{""eparhia"":null,""mitropolia"":null,""boss"":null,""type"":""Епархиальные монастыри Русской Православной Церкви"",""founded"":""2015""}}"
"{""name"":""Ольгинский женский монастырь "",""lat"":""57.251474"",""long"":""32.470299"",""img"":""\/upload\/iblock\/361\/361f2f5a0d594bb24701b65456b180ce\/01.png"",""distance"":438,""url"":""\/monastyri\/monastery\/olginskiy-zhenskiy-monastyr-\/"",""props"":{""eparhia"":null,""mitropolia"":null,""boss"":null,""type"":""Епархиальные монастыри Русской Православной Церкви"",""founded"":""1909""}}"
"{""name"":""Свято-Онуфриевский мужской монастырь Львовской епархии"",""lat"":""49.032589"",""long"":""23.106999"",""img"":""\/upload\/iblock\/d99\/3ot8frnoh10139kavtf8qe3avjivtgmr\/00.jpg"",""distance"":1289,""url"":""\/monastyri\/monastery\/svyato-onufrievskiy-muzhskoy-monastyr-lvovskoy-eparkhii\/"",""props"":{""eparhia"":null,""mitropolia"":null,""boss"":null,""type"":""Монастыри УПЦ МП"",""founded"":""1993""}}"
"{""name"":""Свято-Онуфриевский мужской монастырь Черкасской епархии"",""lat"":""49.2239"",""long"":""32.218449"",""img"":""\/upload\/iblock\/b24\/3b9j6ed79ukjc1vlsxmhutcyuwaojvda\/00-_1_.jpg"",""distance"":834,""url"":""\/monastyri\/monastery\/svyato-onufrievskiy-muzhskoy-monastyr-cherkasskoy-eparkhii\/"",""props"":{""eparhia"":null,""mitropolia"":null,""boss"":null,""type"":""Монастыри УПЦ МП"",""founded"":""1993""}}"
"{""name"":""Орловский Свято-Введенский женский монастырь"",""lat"":""52.957437852397"",""long"":""36.095180183363"",""img"":""\/upload\/iblock\/324\/324ffb54c5c6de09f62e5d939904c4f1\/tLVje2whYZE.jpg"",""distance"":339,""url"":""\/monastyri\/monastery\/orlovskiy-svyato-vvedenskiy-zhenskiy-monastyr\/"",""props"":{""eparhia"":null,""mitropolia"":null,""boss"":null,""type"":""Епархиальные монастыри Русской Православной Церкви"",""founded"":""1686""}}"
"{""name"":""Орловский Свято-Успенский мужской монастырь "",""lat"":""52.976765576495"",""long"":""36.077669982803"",""img"":""\/upload\/iblock\/531\/531a78b267ea048bfe57ec1fffcdae45\/2.jpg"",""distance"":338,""url"":""\/monastyri\/monastery\/orlovskiy-svyato-uspenskiy-muzhskoy-monastyr-\/"",""props"":{""eparhia"":null,""mitropolia"":null,""boss"":null,""type"":""Епархиальные монастыри Русской Православной Церкви"",""founded"":""1684""}}"
"{""name"":""Орский Иверский женский монастырь"",""lat"":""51.236451408583"",""long"":""58.636975440475"",""img"":""\/upload\/iblock\/874\/874b77602b55be6f6adc077b87c7ff1e\/rrrrr.jpg"",""distance"":1390,""url"":""\/monastyri\/monastery\/orskiy-iverskiy-zhenskiy-monastyr\/"",""props"":{""eparhia"":null,""mitropolia"":null,""boss"":null,""type"":""Епархиальные монастыри Русской Православной Церкви"",""founded"":""2016""}}"
"{""name"":""Свято-Пантелеимонов мужской  монастырь в с.  Безруково "",""lat"":""53.780439976051"",""long"":""87.554282873016"",""img"":""\/upload\/iblock\/d6e\/d6e0383bd239e17355bd89ad80c9037f\/1.jpg"",""distance"":3073,""url"":""\/monastyri\/monastery\/svyato-panteleimonov-muzhskoy-monastyr-v-s-bezrukovo-\/"",""props"":{""eparhia"":null,""mitropolia"":null,""boss"":null,""type"":""Епархиальные монастыри Русской Православной Церкви"",""founded"":""1997""}}"
"{""name"":""Свято-Пантелеимоновский женский монастырь  Уманской епархии"",""lat"":""49.093429516312"",""long"":""30.217115068123"",""img"":""\/upload\/iblock\/cb4\/txjkjx1ezm88y2edzj1digez0oda74en\/p_0008.jpg"",""distance"":926,""url"":""\/monastyri\/monastery\/svyato-panteleimonovskiy-zhenskiy-monastyr-\/"",""props"":{""eparhia"":null,""mitropolia"":null,""boss"":null,""type"":""Монастыри УПЦ МП"",""founded"":""2011""}}"
"{""name"":""Свято-Пантелеимоновский женский монастырь Киевской епархии"",""lat"":""50.344639267199"",""long"":""30.487571329062"",""img"":""\/upload\/iblock\/402\/okybycg8g3s0buxs8y2oph31itnq648w\/00.jpg"",""distance"":805,""url"":""\/monastyri\/monastery\/svyato-panteleimonovskiy-zhenskiy-monastyr-kievskoy-eparkhii\/"",""props"":{""eparhia"":null,""mitropolia"":null,""boss"":null,""type"":""Монастыри УПЦ МП"",""founded"":""""}}"
"{""name"":""Свято-Пантелеимоновский мужской монастырь Хустской епархии"",""lat"":""48.192070427184"",""long"":""23.281440997079"",""img"":""\/upload\/iblock\/5af\/uf6tvv4ik762hi6czoulyowtlyspspix\/00.jpg"",""distance"":1342,""url"":""\/monastyri\/monastery\/svyato-panteleimonovskiy-muzhskoy-monastyr-khustskoy-eparkhii\/"",""props"":{""eparhia"":null,""mitropolia"":null,""boss"":null,""type"":""Монастыри УПЦ МП"",""founded"":""1997""}}"
"{""name"":""Свято-Пантелеимоновский Одесский мужской монастырь Одесской епархии"",""lat"":""46.469668998738"",""long"":""30.739778690165"",""img"":""\/upload\/iblock\/9c6\/jwpggc4vszuzusltymfii8ozzc07b0v6\/svyato_pantelejmonivskij_cholovichij_monastir_1024x768.jpg"",""distance"":1156,""url"":""\/monastyri\/monastery\/svyato-panteleimonovskiy-odesskiy-muzhskoy-monastyr-odesskoy-eparkhii\/"",""props"":{""eparhia"":null,""mitropolia"":null,""boss"":null,""type"":""Монастыри УПЦ МП"",""founded"":""1876""}}"
"{""name"":""Пантелеймоновское подворье Непоротовского Свято-Николаевского мужского пещерного монастыря Черновицко-Буковинской епархии"",""lat"":""48.273728"",""long"":""25.943719"",""img"":""\/upload\/iblock\/8d6\/8m9sgqefcqmx9675nenj2vjn9u3wq448\/06.jpg"",""distance"":1196,""url"":""\/monastyri\/monastery\/panteleymonovskoe-podvore-neporotovskogo-svyato-nikolaevskogo-muzhskogo-peshchernogo-monastyrya-cher\/"",""props"":{""eparhia"":null,""mitropolia"":null,""boss"":null,""type"":""подворье епархиального монастыря"",""founded"":""""}}"
"{""name"":""Параскевинский Хынковский женский монастырь  Унгенской и Ниспоренской епархии"",""lat"":""47.077790994591"",""long"":""28.3219330639"",""img"":""\/upload\/iblock\/dd8\/jtg7fpyyoecq6734vs4bl7yz3ga2xxco\/11.jpg"",""distance"":1190,""url"":""\/monastyri\/monastery\/paraskevinskiy-khynkovskiy-zhenskiy-monastyr-ungenskoy-i-nisporenskoy-eparkhii\/"",""props"":{""eparhia"":null,""mitropolia"":null,""boss"":null,""type"":""Монастыри Православной Церкви Молдовы"",""founded"":""1678""}}"
"{""name"":""Патриаршее Подворье при храмах прп. Алексия, человека Божия, и Воздвижения Креста Господня в Красном селе г.Москвы"",""lat"":""55.782905411676"",""long"":""37.664937392018"",""img"":""\/upload\/iblock\/241\/rv04gjerz5hbdpn6upv9wr8u9qithjaa\/Hram_prp_A.jpg"",""distance"":81,""url"":""\/monastyri\/monastery\/patriarshee-podvore-pri-khramakh-prp-aleksiya-cheloveka-bozhiya-i-vozdvizheniya-kresta-gospodnya-v-k\/"",""props"":{""eparhia"":null,""mitropolia"":null,""boss"":null,""type"":""подворье ставропигиального монастыря"",""founded"":""""}}"
"{""name"":""Патриаршее подворье  Серафимо-Дивеевского женского монастыря в Москве"",""lat"":""55.77664387825"",""long"":""37.633124228836"",""img"":""\/upload\/iblock\/ee6\/6.jpg"",""distance"":83,""url"":""\/monastyri\/monastery\/patriarshee-podvore-svyato-troitskogo-serafimo-diveevskogo-zhenskogo-monastyrya-v-moskve\/"",""props"":{""eparhia"":null,""mitropolia"":null,""boss"":null,""type"":""подворье епархиального монастыря"",""founded"":""1911""}}"
"{""name"":""Патриаршее подворье храма великомученика Дмитрия Солунского в селе Дмитровском Алексеевского ставропигиального женского монастыря гор. Москвы"",""lat"":""55.756260785707"",""long"":""37.123437679932"",""img"":null,""distance"":113,""url"":""\/monastyri\/monastery\/patriarshee-podvore-khrama-velikomuchenika-dmitriya-solunskogo-v-sele-dmitrovskom-alekseevskogo-stav\/"",""props"":{""eparhia"":null,""mitropolia"":null,""boss"":null,""type"":""подворье ставропигиального монастыря"",""founded"":""""}}"
"{""name"":""Рождества Богородицы Свято-Пафнутьев Боровский монастырь"",""lat"":""55.214002392638"",""long"":""36.533469110969"",""img"":""\/upload\/iblock\/a5d\/a5de6c106270616e7e4a5f7a9c96d9e1\/borovskiy_monastyrprudp.jpg"",""distance"":153,""url"":""\/monastyri\/monastery\/rozhdestva-bogoroditsy-svyato-pafnutev-borovskiy-monastyr\/"",""props"":{""eparhia"":null,""mitropolia"":null,""boss"":null,""type"":""Епархиальные монастыри Русской Православной Церкви"",""founded"":""1444""}}"
"{""name"":""Пензенский Спасо-Преображенский мужской монастырь"",""lat"":""53.182665861154"",""long"":""45.017248560477"",""img"":""\/upload\/iblock\/b4a\/b4a1e50a48d4bc7fa3960d4c31064b1c\/IMG_0284.jpg"",""distance"":476,""url"":""\/monastyri\/monastery\/penzenskiy-spaso-preobrazhenskiy-muzhskoy-monastyr\/"",""props"":{""eparhia"":null,""mitropolia"":null,""boss"":null,""type"":""Епархиальные монастыри Русской Православной Церкви"",""founded"":""1689""}}"
"{""name"":""Пензенский Троицкий женский монастырь"",""lat"":""53.187385462968"",""long"":""45.018039272116"",""img"":""\/upload\/iblock\/906\/90644eaaa4a2e88f99106b9997b5939f\/slide_9.jpg"",""distance"":476,""url"":""\/monastyri\/monastery\/penzenskiy-troitskiy-zhenskiy-monastyr\/"",""props"":{""eparhia"":null,""mitropolia"":null,""boss"":null,""type"":""Епархиальные монастыри Русской Православной Церкви"",""founded"":""1692""}}"
"{""name"":""Пересветское подворье Троице -Сергиевой лавры"",""lat"":""56.418350293626"",""long"":""38.170109326706"",""img"":""\/upload\/iblock\/eff\/monasterium.ru_003.jpg"",""distance"":108,""url"":""\/monastyri\/monastery\/peresvetskoe-podvore\/"",""props"":{""eparhia"":null,""mitropolia"":null,""boss"":null,""type"":""подворье ставропигиального монастыря"",""founded"":""2000""}}"
"{""name"":""Пермский Богоявленский мужской монастырь"",""lat"":""58.048138495237"",""long"":""56.292557804893"",""img"":""\/upload\/iblock\/3ef\/3ef3a84d0a50401982c625e84e6f83e0\/ca9ERe_2tnU.jpg"",""distance"":1094,""url"":""\/monastyri\/monastery\/permskiy-bogoyavlenskiy-muzhskoy-monastyr\/"",""props"":{""eparhia"":null,""mitropolia"":null,""boss"":null,""type"":""Епархиальные монастыри Русской Православной Церкви"",""founded"":""1994""}}"
"{""name"":""Пермский Свято-Троицкий Стефанов мужской монастырь "",""lat"":""58.036977601922"",""long"":""56.321201135582"",""img"":""\/upload\/iblock\/b16\/b16c433446763993b30be22f59e334e8\/11111.jpg"",""distance"":1096,""url"":""\/monastyri\/monastery\/permskiy-svyato-troitskiy-stefanov-muzhskoy-monastyr-\/"",""props"":{""eparhia"":null,""mitropolia"":null,""boss"":null,""type"":""Епархиальные монастыри Русской Православной Церкви"",""founded"":""1995""}}"
"{""name"":""Пермский Успенский женский монастырь "",""lat"":""58.004234936841"",""long"":""56.204812305557"",""img"":""\/upload\/iblock\/214\/214366325609708c45798d5a0da01df8\/monv.jpg"",""distance"":1088,""url"":""\/monastyri\/monastery\/permskiy-uspenskiy-zhenskiy-monastyr-\/"",""props"":{""eparhia"":null,""mitropolia"":null,""boss"":null,""type"":""Епархиальные монастыри Русской Православной Церкви"",""founded"":""1873""}}"
"{""name"":""Перынский Рождества Богородицы скит Свято-Юрьева мужского монастыря"",""lat"":""58.47303611191"",""long"":""31.274518925934"",""img"":""\/upload\/iblock\/234\/234134b7bd3659579509dc6e8d38363c\/Ee3AEQOEY_M.jpg"",""distance"":565,""url"":""\/monastyri\/monastery\/perynskiy-rozhdestva-bogoroditsy-skit-svyato-yureva-muzhskogo-monastyrya\/"",""props"":{""eparhia"":null,""mitropolia"":null,""boss"":null,""type"":""скит епархиального монастыря"",""founded"":""""}}"
"{""name"":""Петро-Павловский мужской монастырь   с. Боканча Бельцко-Фалештской епархии"",""lat"":""47.511218865612"",""long"":""28.136318822754"",""img"":""\/upload\/iblock\/c0f\/1.jpg"",""distance"":1159,""url"":""\/monastyri\/monastery\/petro-pavlovskiy-muzhskoy-monastyr-s-bokancha-beltsko-faleshtskoy-eparkhii\/"",""props"":{""eparhia"":null,""mitropolia"":null,""boss"":null,""type"":""Монастыри Православной Церкви Молдовы"",""founded"":""1869""}}"
"{""name"":""Петровский мужской монастырь г. Ростова Великого"",""lat"":""57.202197240431"",""long"":""39.460156907716"",""img"":""\/upload\/iblock\/826\/8269aa709db2778228b250e78824d338\/8.jpg"",""distance"":190,""url"":""\/monastyri\/monastery\/petrovskiy-muzhskoy-monastyr-g-rostova-velikogo\/"",""props"":{""eparhia"":null,""mitropolia"":null,""boss"":null,""type"":""Епархиальные монастыри Русской Православной Церкви"",""founded"":""13""}}"
"{""name"":""Петрозаводское подворье Корнилие-Палеостровского мужского монастыря"",""lat"":""61.769134715137"",""long"":""34.393948959"",""img"":""\/upload\/iblock\/f41\/f41ba71ad96e3403886437c9f5f840bc\/A9sdrvHjchE.jpg"",""distance"":741,""url"":""\/monastyri\/monastery\/petrozavodskoe-podvore-kornilie-paleostrovskogo-muzhskogo-monastyrya\/"",""props"":{""eparhia"":null,""mitropolia"":null,""boss"":null,""type"":""подворье епархиального монастыря"",""founded"":""2011""}}"
"{""name"":""Петропавловский  мужской монастырь Раненбургская пустынь"",""lat"":""53.262682414387"",""long"":""39.996683403164"",""img"":""\/upload\/iblock\/4b7\/4b730a86d5c1e5ffafb5038cfab60cb6\/32.jpg"",""distance"":263,""url"":""\/monastyri\/monastery\/petropavlovskiy-muzhskoy-monastyr-ranenburgskaya-pustyn\/"",""props"":{""eparhia"":null,""mitropolia"":null,""boss"":null,""type"":""Епархиальные монастыри Русской Православной Церкви"",""founded"":""1711""}}"
"{""name"":""Петропавловский женский монастырь г. Павлодар , Павлодарской епархии"",""lat"":""52.396991374572"",""long"":""76.850802584656"",""img"":""\/upload\/iblock\/e1b\/IMG_4394-_1_.jpg"",""distance"":2477,""url"":""\/monastyri\/monastery\/petropavlovskiy-zhenskiy-monastyr-g-pavlodar-pavlodarskoy-eparkhii\/"",""props"":{""eparhia"":null,""mitropolia"":null,""boss"":null,""type"":""Монастыри Митрополичьего округа Русской Православной Церкви в республике Казахстан"",""founded"":""1998""}}"
"{""name"":""Петропавловский мужской монастырь Владимир-Волынской епархии"",""lat"":""51.487228"",""long"":""23.855471"",""img"":""\/upload\/iblock\/970\/gw8027fif7mycgl1vkj38p5kp4c7bw91\/01.jpg"",""distance"":1088,""url"":""\/monastyri\/monastery\/petropavlovskiy-muzhskoy-monastyr-vladimir-volynskoy-eparkhii\/"",""props"":{""eparhia"":null,""mitropolia"":null,""boss"":null,""type"":""Монастыри УПЦ МП"",""founded"":""2006""}}"
"{""name"":""Печорский Скоропослушнический женский монастырь "",""lat"":""65.139238578756"",""long"":""57.225513332016"",""img"":""\/upload\/iblock\/22b\/22b5d681dd763c8515d8818fd5551d87\/mon.jpg"",""distance"":1460,""url"":""\/monastyri\/monastery\/pechorskiy-skoroposlushnicheskiy-zhenskiy-monastyr-\/"",""props"":{""eparhia"":null,""mitropolia"":null,""boss"":null,""type"":""Епархиальные монастыри Русской Православной Церкви"",""founded"":""1992""}}"
"{""name"":""Подворье Данилова монастыря ﻿во имя преподобного Сергия Радонежского"",""lat"":""54.062613"",""long"":""40.858522"",""img"":""\/upload\/iblock\/56b\/56b24de3c986b3edc8391b7aa6469d6b\/IMG_1954.jpg"",""distance"":207,""url"":""\/monastyri\/monastery\/podvore-danilova-monastyrya-vo-imya-prepodobnogo-sergiya-radonezhskogo\/"",""props"":{""eparhia"":null,""mitropolia"":null,""boss"":null,""type"":""скит ставропигиального монастыря"",""founded"":""1992""}}"
"{""name"":""Подворье  Успенского Тадулинского женского монастыря в д. Берники"",""lat"":""55.167699503431"",""long"":""30.385690686508"",""img"":""\/upload\/iblock\/152\/152415580a9776956841f5d0cb12e945\/11.jpg"",""distance"":538,""url"":""\/monastyri\/monastery\/podvore-uspenskogo-tadulinskogo-zhenskogo-monastyrya-v-d-berniki\/"",""props"":{""eparhia"":null,""mitropolia"":null,""boss"":null,""type"":""подворье епархиального монастыря"",""founded"":""2011""}}"
"{""name"":""Подворье Александро-Невского Ново-Тихвинского женского монастыря во имя Всемилостивого Спаса и Пресвятой Богородицы"",""lat"":""56.74247070943"",""long"":""60.611006323467"",""img"":""\/upload\/iblock\/760\/012.jpg"",""distance"":1348,""url"":""\/monastyri\/monastery\/podvore-aleksandro-nevskogo-novo-tikhvinskogo-zhenskogo-monastyryav-chest-vsemilostivogo-spasa-i-pre\/"",""props"":{""eparhia"":null,""mitropolia"":null,""boss"":null,""type"":""подворье епархиального монастыря"",""founded"":""""}}"
"{""name"":""Подворье Архангло-Михайловского женского монастыря  Харьковской епархии"",""lat"":""48.955945208907"",""long"":""36.337851670821"",""img"":""\/upload\/iblock\/bc4\/j4cs713vzw1ws1d7swert50h7ha5f2bz\/22.jpg"",""distance"":752,""url"":""\/monastyri\/monastery\/podvore-arkhanglo-mikhaylovskogo-zhenskogo-monastyrya-kharkovskoy-eparkhii\/"",""props"":{""eparhia"":null,""mitropolia"":null,""boss"":null,""type"":""подворье епархиального монастыря"",""founded"":""""}}"
"{""name"":""Подворье Богородице-Рождественского женского монастыря в селе Федоровское"",""lat"":""56.145127915357"",""long"":""35.758230065062"",""img"":""\/upload\/iblock\/5a2\/monasterium.ru_01.jpg"",""distance"":207,""url"":""\/monastyri\/monastery\/podvore-v-sele-fedorovskoe\/"",""props"":{""eparhia"":null,""mitropolia"":null,""boss"":null,""type"":""подворье ставропигиального монастыря"",""founded"":""""}}"
"{""name"":""Подворье Борисоглебского Аносина ставропигиального женского монастыря «Свято-Успенский женский скит»"",""lat"":""53.827501267934"",""long"":""38.547798988463"",""img"":""\/upload\/iblock\/61f\/700d4r2n1yftlz32zdjw5gu8h3376265\/EPIFAN-USPENSKIY-SKIT.jpg"",""distance"":191,""url"":""\/monastyri\/monastery\/podvore-borisoglebskogo-anosina-stavropigialnogo-zhenskogo-monastyrya-svyato-uspenskiy-zhenskiy-skit\/"",""props"":{""eparhia"":null,""mitropolia"":null,""boss"":null,""type"":""подворье ставропигиального монастыря"",""founded"":""""}}"
"{""name"":""Подворье Борисоглебского монастыря в  селе Никола Бой"",""lat"":""57.394206035154"",""long"":""39.294612677246"",""img"":""\/upload\/iblock\/a7b\/a7b27800eb3f5c6ccf6db9eff59353b5\/YwXysMXHt6o.jpg"",""distance"":209,""url"":""\/monastyri\/monastery\/podvore-borisoglebskogo-monastyrya-v-sele-nikola-boy\/"",""props"":{""eparhia"":null,""mitropolia"":null,""boss"":null,""type"":""подворье епархиального монастыря"",""founded"":""15""}}"
"{""name"":""Подворье Борисоглебского монастыря с. Святогорово"",""lat"":""56.403278444821"",""long"":""37.823369560852"",""img"":null,""distance"":117,""url"":""\/monastyri\/monastery\/podvore-borisoglebskogo-monastyrya-s-svyatogorovo\/"",""props"":{""eparhia"":null,""mitropolia"":null,""boss"":null,""type"":""подворье епархиального монастыря"",""founded"":""""}}"
"{""name"":""Подворье в честь апостола и евангелиста Иоанна Богослова Михайловского женского монастыря Бердянской епархии  "",""lat"":""47.138491523314"",""long"":""36.456688852914"",""img"":null,""distance"":949,""url"":""\/monastyri\/monastery\/podvore-v-chest-apostola-i-evangelista-ioanna-bogoslova-mikhaylovskogo-zhenskogo-monastyrya-berdyans\/"",""props"":{""eparhia"":null,""mitropolia"":null,""boss"":null,""type"":""подворье епархиального монастыря"",""founded"":""""}}"
"{""name"":""Подворье в честь Владимирской иконы Божией Матери Свято-Успенской Святогорской Лавры Донецкой епархии"",""lat"":""48.923225"",""long"":""37.455214"",""img"":""\/upload\/iblock\/c1d\/9o4y5kvlwcosd9q61543oszu4wdn29j0\/01.jpg"",""distance"":742,""url"":""\/monastyri\/monastery\/podvore-v-chest-vladimirskoy-ikony-bozhiey-materi-svyato-uspenskoy-svyatogorskoy-lavry-donetskoy-epa\/"",""props"":{""eparhia"":null,""mitropolia"":null,""boss"":null,""type"":""подворье епархиального монастыря"",""founded"":""2013""}}"
"{""name"":""Подворье в честь прав. Иоанна Русского Георгиевского Городницкого ставропигиального мужского монастыря Киевской епархии "",""lat"":""50.598219"",""long"":""27.655453"",""img"":null,""distance"":928,""url"":""\/monastyri\/monastery\/podvore-v-chest-prav-ioanna-russkogo-georgievskogo-gorodnitskogo-stavropigialnogo-muzhskogo-monastyr\/"",""props"":{""eparhia"":null,""mitropolia"":null,""boss"":null,""type"":""подворье ставропигиального монастыря"",""founded"":""2015""}}"
"{""name"":""Подворье в честь святителя Феодосия Черниговского Свято-Успенской Святогорской Лавры Донецкой епархии"",""lat"":""49.306804181095"",""long"":""38.018927022843"",""img"":""\/upload\/iblock\/4b3\/rybs6mpz8z6mra4bp2k9erhcetsstyk3\/00.jpg"",""distance"":695,""url"":""\/monastyri\/monastery\/podvore-v-chest-svyatitelya-feodosiya-chernigovskogo-svyato-uspenskoy-svyatogorskoy-lavry-donetskoy-\/"",""props"":{""eparhia"":null,""mitropolia"":null,""boss"":null,""type"":""подворье епархиального монастыря"",""founded"":""2008""}}"
"{""name"":""Подворье Варсонофиевского женского монастырья в с. п. Зубова Поляна"",""lat"":""54.049439910274"",""long"":""42.834164452275"",""img"":null,""distance"":303,""url"":""\/monastyri\/monastery\/podvore-varsonofievskogo-zhenskogo-monastyrya-v-s-p-zubova-polyana\/"",""props"":{""eparhia"":null,""mitropolia"":null,""boss"":null,""type"":""подворье епархиального монастыря"",""founded"":""""}}"
"{""name"":""Подворье Варсонофиевского женского монастырья в с.Покассы"",""lat"":""53.944599310819"",""long"":""43.02628667245"",""img"":""\/upload\/iblock\/bca\/bca4a5bd2ff69138bda42cde69d62f7b\/p1.jpg"",""distance"":320,""url"":""\/monastyri\/monastery\/podvore-varsonofievskogo-zhenskogo-monastyrya-v-s-pokassy\/"",""props"":{""eparhia"":null,""mitropolia"":null,""boss"":null,""type"":""подворье епархиального монастыря"",""founded"":""1997""}}"
"{""name"":""Подворье Введенской Островной пустыни "",""lat"":""56.038673632256"",""long"":""39.709385386121"",""img"":""\/upload\/iblock\/af9\/af99cacd239420f55a08facf1817f38b\/0qQXqCAXzwU.jpg"",""distance"":77,""url"":""\/monastyri\/monastery\/podvore-vvedenskoy-ostrovnoy-pustyni-\/"",""props"":{""eparhia"":null,""mitropolia"":null,""boss"":null,""type"":""подворье епархиального монастыря"",""founded"":""1996""}}"
"{""name"":""Подворье великомученика Феодора Стратилата мужского монастыря  «Ай-Тодор»  с. Малое Садовое"",""lat"":""44.637880126135"",""long"":""33.826488362382"",""img"":""\/upload\/iblock\/6d5\/me7fhzsgqui27nv8cubj79rmif3sqavm\/foto-otsutstvuet.jpg"",""distance"":1263,""url"":""\/monastyri\/monastery\/podvore-velikomuchenika-feodora-stratilata-muzhskogo-monastyrya-ay-todor-s-maloe-sadovoe\/"",""props"":{""eparhia"":null,""mitropolia"":null,""boss"":null,""type"":""подворье епархиального монастыря"",""founded"":""""}}"
"{""name"":""Подворье Вознесенской Давидовой пустыни в с. Талеж."",""lat"":""55.082684669865"",""long"":""37.701921132324"",""img"":""\/upload\/iblock\/161\/161604e3b793a6104e2f0100c7a21823\/3.jpg"",""distance"":90,""url"":""\/monastyri\/monastery\/podvore-voznesenskoy-davidovoy-pustyni-v-s-talezh\/"",""props"":{""eparhia"":null,""mitropolia"":null,""boss"":null,""type"":""подворье епархиального монастыря"",""founded"":""""}}"
"{""name"":""Подворье Воскресенского Белогорского монастыря. Храм в честь Рождества Пресвятой Богородицы."",""lat"":""50.552248"",""long"":""39.914989"",""img"":""\/upload\/iblock\/bf6\/002.jpg"",""distance"":558,""url"":""\/monastyri\/monastery\/podvore-voskresenskogo-belogorskogo-monastyrya-khram-v-chest-rozhdestva-presvyatoy-bogoroditsy\/"",""props"":{""eparhia"":null,""mitropolia"":null,""boss"":null,""type"":""подворье епархиального монастыря"",""founded"":""1860""}}"
"{""name"":""Подворье Воскресенского Белогорского монастыря.Храм в честь Пресвятой Живоначальной Троицы."",""lat"":""50.491771165562"",""long"":""40.006141211462"",""img"":""\/upload\/iblock\/eab\/003.jpg"",""distance"":566,""url"":""\/monastyri\/monastery\/khram-v-chest-presvyatoy-troitsy-podvore-voskresenskogo-belogorskogo-monastyrya\/"",""props"":{""eparhia"":null,""mitropolia"":null,""boss"":null,""type"":""подворье епархиального монастыря"",""founded"":""1793""}}"
"{""name"":""Подворье Вотчинского Стефано-Афанасьевского женского монастыря с Куниб"",""lat"":""61.120025717369"",""long"":""50.264520671997"",""img"":""\/upload\/iblock\/367\/3672a75a18d5f510c2c1b3ab6b353519\/3.jpg"",""distance"":908,""url"":""\/monastyri\/monastery\/podvore-votchinskogo-stefano-afanasevskogo-zhenskogo-monastyrya-s-kunib\/"",""props"":{""eparhia"":null,""mitropolia"":null,""boss"":null,""type"":""подворье епархиального монастыря"",""founded"":""""}}"
"{""name"":""Подворье Вотчинского Стефано-Афанасьевского женского монастыря с Первомайское"",""lat"":""61.116937737447"",""long"":""50.276944173086"",""img"":null,""distance"":909,""url"":""\/monastyri\/monastery\/podvore-votchinskogo-stefano-afanasevskogo-zhenskogo-monastyrya-s-pervomayskoe\/"",""props"":{""eparhia"":null,""mitropolia"":null,""boss"":null,""type"":""подворье епархиального монастыря"",""founded"":""""}}"
"{""name"":""Подворье Выксунского Иверского женского монастыря. Храм Живоначальной Троицы с. Полдеревка"",""lat"":""55.21148423913"",""long"":""42.554074336943"",""img"":""\/upload\/iblock\/1cf\/3-.jpg"",""distance"":236,""url"":""\/monastyri\/monastery\/khram-zhivonachalnoy-troitsy\/"",""props"":{""eparhia"":null,""mitropolia"":null,""boss"":null,""type"":""подворье епархиального монастыря"",""founded"":""""}}"
"{""name"":""Подворье Гомельского Никольского мужского монастыря в н\/п Терюха в честь иконы Божией Матери «Смоленской» Одигитрии"",""lat"":""52.200844"",""long"":""31.004879"",""img"":""\/upload\/iblock\/d80\/d80cbc6b1468e178d4be6df02b936c78\/23585fe6d736e8936aa9c9b1ee719a1d.jpg"",""distance"":635,""url"":""\/monastyri\/monastery\/podvore-gomelskogo-nikolskogo-muzhskogo-monastyrya-v-n-p-teryukha-v-chest-ikony-bozhiey-materi-smole\/"",""props"":{""eparhia"":null,""mitropolia"":null,""boss"":null,""type"":""подворье епархиального монастыря"",""founded"":""2002""}}"
"{""name"":""Подворье  Данилова ставропигиального мужского монастыря в честь иконы Божией Матери  «Всецарица»"",""lat"":""55.77856297951"",""long"":""36.274991910891"",""img"":""\/upload\/iblock\/b2b\/b2b3e84131119367e198bd3b6f54f54a\/WhatsApp_Image_2018_02_28_at_10.28.05_e1519895316242.jpeg"",""distance"":166,""url"":""\/monastyri\/monastery\/podvore-danilova-stavropigialnogo-muzhskogo-monastyrya-v-chest-ikony-bozhiey-materi-vsetsaritsa\/"",""props"":{""eparhia"":null,""mitropolia"":null,""boss"":null,""type"":""скит ставропигиального монастыря"",""founded"":""2015""}}"
"{""name"":""Подворье Донского ставропигиального мужского монастыря при храме Вознесения Господня в с. Князево"",""lat"":""53.739011262436"",""long"":""39.371022280396"",""img"":""\/upload\/iblock\/f54\/f549dac466677952bdac908dbaa7f03f\/hram_knyazevo.jpg"",""distance"":202,""url"":""\/monastyri\/monastery\/podvore-donskogo-stavropigialnogo-muzhskogo-monastyrya-pri-khrame-vozneseniya-gospodnya-v-s-knyazevo\/"",""props"":{""eparhia"":null,""mitropolia"":null,""boss"":null,""type"":""подворье ставропигиального монастыря"",""founded"":""""}}"
"{""name"":""Подворье женского монастыря в честь    царственной страстотерпицы великой княжны Ольги Луганской епархии  в с.Красное"",""lat"":""48.369103244326"",""long"":""39.500014626797"",""img"":""\/upload\/iblock\/903\/htx4qjn31nfow15e9t23u390schxm7t2\/14g.obshhij_vid_s_gory.jpg"",""distance"":798,""url"":""\/monastyri\/monastery\/podvore-zhenskogo-monastyrya-v-chest-tsarstvennoy-strastoterpitsy-velikoy-knyazhny-olgi-luganskoy-ep\/"",""props"":{""eparhia"":null,""mitropolia"":null,""boss"":null,""type"":""скит епархиального монастыря"",""founded"":""""}}"
"{""name"":""Подворье женского монастыря в честь   блаженной Ксении Петербургской  в д.Юзефово "",""lat"":""54.367371650104"",""long"":""28.559419148071"",""img"":""\/upload\/iblock\/a17\/a17b8d23985419472aebae425647c603\/podvore.jpg"",""distance"":671,""url"":""\/monastyri\/monastery\/podvore-zhenskogo-monastyrya-v-chest-blazhennoy-ksenii-peterburgskoy-v-d-yuzefovo-\/"",""props"":{""eparhia"":null,""mitropolia"":null,""boss"":null,""type"":""подворье епархиального монастыря"",""founded"":""2015""}}"
"{""name"":""Подворье женского монастыря в честь иконы Божией Матери «Всецарица»"",""lat"":""45.306724030846"",""long"":""39.325240432056"",""img"":""\/upload\/iblock\/a2b\/a2b6a5919b3065df60e37970685f87ee\/content_image_280416228.851343.JPG"",""distance"":1138,""url"":""\/monastyri\/monastery\/podvore-zhenskogo-monastyrya-v-chest-ikony-bozhiey-materi-vsetsaritsa\/"",""props"":{""eparhia"":null,""mitropolia"":null,""boss"":null,""type"":""подворье епархиального монастыря"",""founded"":""2005""}}"
"{""name"":""Подворье Заиконоспасского монастыря в с.Кулово"",""lat"":""54.701668200316"",""long"":""41.332548372525"",""img"":""\/upload\/iblock\/cb1\/cb164cea4374d7144a06fb6e96f81bcb\/DSC00435.jpg"",""distance"":182,""url"":""\/monastyri\/monastery\/podvore-zaikonospasskogo-monastyrya-v-s-kulovo\/"",""props"":{""eparhia"":null,""mitropolia"":null,""boss"":null,""type"":""подворье ставропигиального монастыря"",""founded"":""""}}"
"{""name"":""Подворье Зачатьевского ставропигиального монастыря в Барвихе"",""lat"":""55.743153992442"",""long"":""37.281752388621"",""img"":""\/upload\/iblock\/b1b\/monasterium.ru_01.jpg"",""distance"":103,""url"":""\/monastyri\/monastery\/podvore-monastyrya-v-barvikhe\/"",""props"":{""eparhia"":null,""mitropolia"":null,""boss"":null,""type"":""подворье ставропигиального монастыря"",""founded"":""1900""}}"
"{""name"":""Подворье Знаменского Ковровского женского монастыря  в с. Овсянникове"",""lat"":""56.439456176848"",""long"":""41.738992669312"",""img"":""\/upload\/iblock\/e66\/e66e2c1694433ec75f85942e3782b0b2\/podvore.jpg"",""distance"":205,""url"":""\/monastyri\/monastery\/podvore-znamenskogo-kovrovskogo-zhenskogo-monastyrya-v-s-ovsyannikove\/"",""props"":{""eparhia"":null,""mitropolia"":null,""boss"":null,""type"":""подворье епархиального монастыря"",""founded"":""2017""}}"
"{""name"":""Подворье Иверского женского монастыря г.Ростов-на-Дону в сл Петровка"",""lat"":""47.481462749863"",""long"":""39.446312313492"",""img"":""\/upload\/iblock\/248\/248ef06c48d8cc5d19534254ae7d0a1d\/DSCN6437_2015_12_29_13_07_33_m1.jpg"",""distance"":896,""url"":""\/monastyri\/monastery\/podvore-iverskogo-zhenskogo-monastyrya-g-rostov-na-donu-v-sl-petrovka\/"",""props"":{""eparhia"":null,""mitropolia"":null,""boss"":null,""type"":""подворье епархиального монастыря"",""founded"":""2012""}}"
"{""name"":""Подворье Инсарского Свято-Ольгинского женского монастыря в г.Ковылкино"",""lat"":""54.033965044774"",""long"":""43.924880601852"",""img"":""\/upload\/iblock\/705\/7053092e1c73e7d6ea9e05eae681e977\/6.jpg"",""distance"":364,""url"":""\/monastyri\/monastery\/podvore-insarskogo-svyato-olginskogo-zhenskogo-monastyrya-v-g-kovylkino\/"",""props"":{""eparhia"":null,""mitropolia"":null,""boss"":null,""type"":""подворье епархиального монастыря"",""founded"":""""}}"
"{""name"":""Подворье Иоанно-Предтеченского ставропигиального женского монастыря при храме прп. Сергия Радонежского на хуторе Чернецово в г. Долгопрудном "",""lat"":""55.919175017492"",""long"":""37.521172982803"",""img"":""\/upload\/iblock\/f6a\/d8ejrk2jxp3cy64xry9anf4js5wqijf3\/Podvore-Ioanno_Predtechenskogo-mrn.-v-g.-Dolgoprudnom.png"",""distance"":96,""url"":""\/monastyri\/monastery\/podvore-ioanno-predtechenskogo-stavropigialnogo-zhenskogo-monastyrya-pri-khrame-prp-sergiya-radonezh\/"",""props"":{""eparhia"":null,""mitropolia"":null,""boss"":null,""type"":""подворье ставропигиального монастыря"",""founded"":""1890""}}"
"{""name"":""Подворье Константино-Еленинского монастыря в Санкт-Петербурге"",""lat"":""59.913791139279"",""long"":""30.289900390213"",""img"":""\/upload\/iblock\/6fa\/pageimage.w250.169.jpg"",""distance"":705,""url"":""\/monastyri\/monastery\/podvore-konstantino-eleninskogo-monastyrya\/"",""props"":{""eparhia"":null,""mitropolia"":null,""boss"":null,""type"":""подворье епархиального монастыря"",""founded"":""""}}"
"{""name"":""Подворье Крестовоздвиженского Кылтовского женского монастыря в с. Серёгово"",""lat"":""62.325127"",""long"":""50.712052"",""img"":""\/upload\/iblock\/524\/5243f045ba66f349d4e80cc0a228dc3f\/VacCNacrV7Q.jpg"",""distance"":1013,""url"":""\/monastyri\/monastery\/podvore-krestovozdvizhenskogo-kyltovskogo-zhenskogo-monastyrya-v-s-seryegovo\/"",""props"":{""eparhia"":null,""mitropolia"":null,""boss"":null,""type"":""подворье епархиального монастыря"",""founded"":""""}}"
"{""name"":""Подворье Кунгурского Иоанно-Предтеченского женского монастыря в селе Колпашники."",""lat"":""57.322767293168"",""long"":""56.726870437392"",""img"":""\/upload\/iblock\/fb5\/fb5c9c71325dbc62b7da034358dcb71f\/YKEWxG4awJc.jpg"",""distance"":1113,""url"":""\/monastyri\/monastery\/podvore-kungurskogo-ioanno-predtechenskogo-zhenskogo-monastyrya-v-sele-kolpashniki\/"",""props"":{""eparhia"":null,""mitropolia"":null,""boss"":null,""type"":""подворье епархиального монастыря"",""founded"":""2009""}}"
"{""name"":""Подворье Мангупского Благовещенского мужского монастыря   в с. Красный Мак"",""lat"":""44.643484"",""long"":""33.780691"",""img"":null,""distance"":1264,""url"":""\/monastyri\/monastery\/podvore-mangupskogo-blagoveshchenskogo-muzhskogo-monastyrya-v-s-krasnyy-mak\/"",""props"":{""eparhia"":null,""mitropolia"":null,""boss"":null,""type"":""подворье епархиального монастыря"",""founded"":""""}}"
"{""name"":""Подворье Марфо-Мариинского женского монастыря в с. Бровничи"",""lat"":""43.284049220462"",""long"":""133.00853839353"",""img"":""\/upload\/iblock\/fda\/fdaec44fcfddb5b339f437fbda2faf45\/podvore.JPG"",""distance"":6407,""url"":""\/monastyri\/monastery\/podvore-marfo-mariinskogo-zhenskogo-monastyrya-v-s-brovnichi\/"",""props"":{""eparhia"":null,""mitropolia"":null,""boss"":null,""type"":""подворье епархиального монастыря"",""founded"":""""}}"
"{""name"":""Подворье Минского Свято-Елисаветинского монастыря в деревне Лысая Гора "",""lat"":""54.177105183963"",""long"":""27.55006466019"",""img"":""\/upload\/iblock\/51b\/51ba5b1d212dfed42a0f9fb17d467d09\/6E9HepV4MPQ.jpg"",""distance"":740,""url"":""\/monastyri\/monastery\/podvore-minskogo-svyato-elisavetinskogo-monastyrya-v-derevne-lysaya-gora-\/"",""props"":{""eparhia"":null,""mitropolia"":null,""boss"":null,""type"":""подворье епархиального монастыря"",""founded"":""""}}"
"{""name"":""Подворье Минского Свято-Елисаветинского монастыря в деревне Нелидовичи "",""lat"":""54.031470289114"",""long"":""27.505391785312"",""img"":""\/upload\/iblock\/eee\/eeee24ba759a0a45772a633d51c9ad01\/1205.jpg"",""distance"":747,""url"":""\/monastyri\/monastery\/podvore-minskogo-svyato-elisavetinskogo-monastyrya-v-derevne-nelidovichi-\/"",""props"":{""eparhia"":null,""mitropolia"":null,""boss"":null,""type"":""подворье епархиального монастыря"",""founded"":""2011""}}"
"{""name"":""Подворье Михаило-Архангельского мужского  монастыря в дер. Верх-Чик"",""lat"":""54.648073280161"",""long"":""81.935813826246"",""img"":""\/upload\/iblock\/a2b\/a2b3d7847557f24ede5b74f6d7ae28ad\/Verkh_CHik_Vvedenskiy_khram_vnesh.jpg"",""distance"":2698,""url"":""\/monastyri\/monastery\/podvore-mikhailo-arkhangelskogo-muzhskogo-monastyrya-v-der-verkh-chik\/"",""props"":{""eparhia"":null,""mitropolia"":null,""boss"":null,""type"":""подворье епархиального монастыря"",""founded"":""1997""}}"
"{""name"":""Подворье Михаило-Архангельского мужского  монастыря в дер. Новый Шарап"",""lat"":""54.413253529135"",""long"":""82.036294085838"",""img"":""\/upload\/iblock\/2c1\/2c1f52736b47f44e72b95610085aa998\/SHarap_khram_Rozhdestva_KHristova_vnesh.jpg"",""distance"":2713,""url"":""\/monastyri\/monastery\/podvore-mikhailo-arkhangelskogo-muzhskogo-monastyrya-v-der-novyy-sharap\/"",""props"":{""eparhia"":null,""mitropolia"":null,""boss"":null,""type"":""подворье епархиального монастыря"",""founded"":""1999""}}"
"{""name"":""Подворье Михаило-Архангельского мужского  монастыря в с. Верх-Ирмень"",""lat"":""54.579421399103"",""long"":""82.231825444335"",""img"":""\/upload\/iblock\/966\/966e6497f304c8e79ad1f36856f9c30c\/Verkh_Irmen_khram_pror_Ilii_vnesh_avgust_2013g.jpg"",""distance"":2719,""url"":""\/monastyri\/monastery\/podvoremikhailo-arkhangelskogo-muzhskogo-monastyrya-v-s-verkh-irmen\/"",""props"":{""eparhia"":null,""mitropolia"":null,""boss"":null,""type"":""подворье епархиального монастыря"",""founded"":""1997""}}"
"{""name"":""Подворье Михаило-Архангельского мужского  монастыря в с. Красный Яр"",""lat"":""54.453287756162"",""long"":""82.156332952636"",""img"":""\/upload\/iblock\/1f3\/1f382bbfa84f0a53c3be850708fd150b\/Krasnyy_YAr_vnesh.jpg"",""distance"":2719,""url"":""\/monastyri\/monastery\/podvore-mikhailo-arkhangelskogo-muzhskogo-monastyrya-v-s-krasnyy-yar\/"",""props"":{""eparhia"":null,""mitropolia"":null,""boss"":null,""type"":""подворье епархиального монастыря"",""founded"":""1999""}}"
"{""name"":""Подворье Михаило-Архангельского мужского  монастыря в с. Петровское"",""lat"":""54.531586949172"",""long"":""81.745538820384"",""img"":""\/upload\/iblock\/cff\/cffbdb2abd9786b27e03f65a21f01b14\/iiiiii.jpg"",""distance"":2691,""url"":""\/monastyri\/monastery\/podvore-mikhailo-arkhangelskogo-muzhskogo-monastyrya-v-s-petrovskoe\/"",""props"":{""eparhia"":null,""mitropolia"":null,""boss"":null,""type"":""подворье епархиального монастыря"",""founded"":""1999""}}"
"{""name"":""Подворье монастыря св. Кукши в г.Орел"",""lat"":""52.977881"",""long"":""36.060837"",""img"":""\/upload\/iblock\/a31\/a314b77d55a51939f85389ecead8d22e\/podvore.jpg"",""distance"":338,""url"":""\/monastyri\/monastery\/podvore-monastyrya-sv-kukshi-v-g-orel\/"",""props"":{""eparhia"":null,""mitropolia"":null,""boss"":null,""type"":""подворье епархиального монастыря"",""founded"":""""}}"
"{""name"":""Подворье мужского монастыря иконы Пресвятой Богородицы «Всех скорбящих Радость» (Первейзе) в деревне Аякучо (Перу)"",""lat"":""-13.176312093053"",""long"":""-74.246480783001"",""img"":""\/upload\/iblock\/2f2\/2f2f4351903b091d47cca339109aedfc\/peru1.jpg"",""distance"":12660,""url"":""\/monastyri\/monastery\/podvore-muzhskogo-monastyrya-ikony-presvyatoy-bogoroditsy-vsekh-skorbyashchikh-radost-perveyze-v-der\/"",""props"":{""eparhia"":null,""mitropolia"":null,""boss"":null,""type"":""подворье епархиального монастыря"",""founded"":""""}}"
"{""name"":""Подворье мужского монастыря мучеников и бессребреников Космы и Дамиана в пгт. Партенит"",""lat"":""44.579308275552"",""long"":""34.344575866798"",""img"":""\/upload\/iblock\/527\/52727ebc7b444a80d0209fd5bcb7d910\/001_10_1024x576.jpg"",""distance"":1260,""url"":""\/monastyri\/monastery\/podvore-muzhskogo-monastyrya-muchenikov-i-bessrebrenikov-kosmy-i-damiana-a-pgs-partenit\/"",""props"":{""eparhia"":null,""mitropolia"":null,""boss"":null,""type"":""подворье епархиального монастыря"",""founded"":""""}}"
"{""name"":""Подворье мужского монастыря Флорищева пустынь в с. Нуча"",""lat"":""55.281257605117"",""long"":""43.170042363478"",""img"":""\/upload\/iblock\/4f9\/nucha.jpg"",""distance"":273,""url"":""\/monastyri\/monastery\/podvore-muzhskogo-monastyrya-florishcheva-pustyn-v-s-nucha\/"",""props"":{""eparhia"":null,""mitropolia"":null,""boss"":null,""type"":""подворье епархиального монастыря"",""founded"":""2018""}}"
"{""name"":""Подворье мужского ставропигиального монастыря в честь преподобного Паисия (Величковского) в с Гончарное"",""lat"":""44.467891083339"",""long"":""33.697634879623"",""img"":""\/upload\/iblock\/8ea\/8ea94eb5c0e2a0d1deef2d791575ed37\/135665138_hram.jpg"",""distance"":1284,""url"":""\/monastyri\/monastery\/podvore-muzhskogo-stavropigialnogo-monastyrya-v-chest-prepodobnogo-paisiya-velichkovskogo-v-s-goncha\/"",""props"":{""eparhia"":null,""mitropolia"":null,""boss"":null,""type"":""подворье ставропигиального монастыря"",""founded"":""""}}"
"{""name"":""Подворье мужской пустыни во имя  преподобномучеников Серафима и Феогноста Алма-Атинских, г. Каскелен,Астанайской и Алма-Атинской епархии"",""lat"":""43.197513364023"",""long"":""76.617974293021"",""img"":null,""distance"":3009,""url"":""\/monastyri\/monastery\/podvore-muzhskoy-pustyni-vo-imya-prepodobnomuchenikov-serafima-i-feognosta-alma-atinskikh-g-kaskelen\/"",""props"":{""eparhia"":null,""mitropolia"":null,""boss"":null,""type"":""подворье епархиального монастыря"",""founded"":""""}}"
"{""name"":""Подворье Муромского Спасо-Преображенского монастыря в с. Малое Юрьево"",""lat"":""55.583551"",""long"":""41.851038"",""img"":""\/upload\/iblock\/d8e\/d8e713b95ce9c63cc0574089d4afd843\/shchpodvore.jpg"",""distance"":188,""url"":""\/monastyri\/monastery\/podvore-muromskogo-spaso-preobrazhenskogo-monastyrya-v-s-maloe-yurevo\/"",""props"":{""eparhia"":null,""mitropolia"":null,""boss"":null,""type"":""подворье епархиального монастыря"",""founded"":""1995""}}"
"{""name"":""Подворье Муромского Успенского мужского монастыря в Пудоже"",""lat"":""61.797054709215"",""long"":""36.518885586847"",""img"":""\/upload\/iblock\/662\/6628f0b27a542c02fdf25b2959e0920f\/LkIZp1J7B_A.jpg"",""distance"":710,""url"":""\/monastyri\/monastery\/podvore-muromskogo-uspenskogo-muzhskogo-monastyrya-v-pudozhe\/"",""props"":{""eparhia"":null,""mitropolia"":null,""boss"":null,""type"":""подворье епархиального монастыря"",""founded"":""""}}"
"{""name"":""Подворье Новодевичьего ставропигиального женского монастыря г. Москвы"",""lat"":""55.345226968335"",""long"":""38.01757414418"",""img"":""\/upload\/iblock\/212\/4qp42jtj550j8hh9kz7hw6ghibkwratu\/domodedovo.jpg"",""distance"":58,""url"":""\/monastyri\/monastery\/podvore-novodevichego-stavropigialnogo-zhenskogo-monastyrya-g-moskvy\/"",""props"":{""eparhia"":null,""mitropolia"":null,""boss"":null,""type"":""подворье ставропигиального монастыря"",""founded"":""1792""}}"
"{""name"":""Подворье Новоспасского   монастыря в  Милюково "",""lat"":""55.52900399541"",""long"":""37.132625522354"",""img"":""\/upload\/iblock\/8bf\/milyukovo_podvore_novospasskogo_monastyrya.jpg"",""distance"":110,""url"":""\/monastyri\/monastery\/podvore-novospasskogo-monastyrya-v-milyukovo-\/"",""props"":{""eparhia"":null,""mitropolia"":null,""boss"":null,""type"":""подворье ставропигиального монастыря"",""founded"":""1998""}}"
"{""name"":""Подворье Новоспасского монастыря в Дураково"",""lat"":""54.963985159412"",""long"":""36.689260223568"",""img"":""\/upload\/iblock\/11c\/durakovo_podvore_novospasskogo_monastyrya_tsentr_reabilitatsii_narkomanov_i_alkogolikov.jpg"",""distance"":153,""url"":""\/monastyri\/monastery\/durakovo-podvore\/"",""props"":{""eparhia"":null,""mitropolia"":null,""boss"":null,""type"":""подворье ставропигиального монастыря"",""founded"":""""}}"
"{""name"":""Подворье Орловского Введенского женского монастыря д. Ивановка"",""lat"":""52.826951"",""long"":""36.227959"",""img"":null,""distance"":347,""url"":""\/monastyri\/monastery\/podvore-orlovskogo-vvedenskogo-zhenskogo-monastyrya-d-ivanovka\/"",""props"":{""eparhia"":null,""mitropolia"":null,""boss"":null,""type"":""подворье епархиального монастыря"",""founded"":""""}}"
"{""name"":""Подворье Переславского Никольского женского монастыря в с.Годеново."",""lat"":""56.975982651667"",""long"":""39.45651214946"",""img"":""\/upload\/iblock\/41a\/009.jpg"",""distance"":165,""url"":""\/monastyri\/monastery\/podvore-pereslavskogo-nikolskogo-zhenskogo-monastyrya-v-s-godenovo\/"",""props"":{""eparhia"":null,""mitropolia"":null,""boss"":null,""type"":""подворье епархиального монастыря"",""founded"":""""}}"
"{""name"":""Подворье Пермского Успенского женского монастыря в с. Кольцово"",""lat"":""57.813687202962"",""long"":""56.463440145508"",""img"":""\/upload\/iblock\/58e\/58eab43f538884a7620777447515f9c6\/46b3a8_4bd077c384a540cc99cc1d356d30cf37_mv2_d_6016_4000_s_4_2.jpg"",""distance"":1101,""url"":""\/monastyri\/monastery\/podvore-permskogo-uspenskogo-zhenskogo-monastyrya-v-s-koltsovo\/"",""props"":{""eparhia"":null,""mitropolia"":null,""boss"":null,""type"":""подворье епархиального монастыря"",""founded"":""1994""}}"
"{""name"":""Подворье Покрово-Тервенического монастыря "",""lat"":""60.778784645796"",""long"":""33.319256042328"",""img"":""\/upload\/iblock\/c41\/c4103fc9e22c710e25df642e420dd41a\/podvorie_svirsk_01.jpg"",""distance"":668,""url"":""\/monastyri\/monastery\/podvore-pokrovo-tervenicheskogo-monastyrya-\/"",""props"":{""eparhia"":null,""mitropolia"":null,""boss"":null,""type"":""подворье епархиального монастыря"",""founded"":""""}}"
"{""name"":""Подворье Покровского женского монастыря в селе Марково"",""lat"":""55.455339417893"",""long"":""38.237120423278"",""img"":""\/upload\/iblock\/c19\/c19d6cb203ac4e1f7358b2493dad46dc\/08_podvore-v-s.-Markovo.jpg"",""distance"":42,""url"":""\/monastyri\/monastery\/podvore-pokrovskogo-zhenskogo-monastyrya-v-sele-markovo\/"",""props"":{""eparhia"":null,""mitropolia"":null,""boss"":null,""type"":""подворье ставропигиального монастыря"",""founded"":""1998""}}"
"{""name"":""Подворье Покровского мужского монастыря в честь иконы Божией Матери «Неупиваемая Чаша» в г. Салавате"",""lat"":""53.365516546734"",""long"":""55.954851720706"",""img"":""\/upload\/iblock\/403\/403aef931e2fe453b64d9d0245420b5c\/20170316_1609401.jpg"",""distance"":1128,""url"":""\/monastyri\/monastery\/podvore-pokrovskogo-muzhskogo-monastyrya-v-chest-ikony-bozhiey-materi-neupivaemaya-chasha-v-g-salava\/"",""props"":{""eparhia"":null,""mitropolia"":null,""boss"":null,""type"":""подворье епархиального монастыря"",""founded"":""2007""}}"
"{""name"":""Подворье Покровского ставропигиального женского монастыря в Троице-Лыково"",""lat"":""55.790323105284"",""long"":""37.405772578293"",""img"":""\/upload\/iblock\/3b5\/monasterium.ru_00.jpg"",""distance"":97,""url"":""\/monastyri\/monastery\/podvore-v-troitse-lykovo\/"",""props"":{""eparhia"":null,""mitropolia"":null,""boss"":null,""type"":""подворье ставропигиального монастыря"",""founded"":""2013""}}"
"{""name"":""Подворье Покровского Хотькова ставропигиального женского монастыря «Женский скит Покрова на Колпи»"",""lat"":""55.914716356505"",""long"":""41.59079051588"",""img"":""\/upload\/iblock\/d8b\/34n2tkct2qw11qov4090plcy8q0urf1g\/Matveevka-_ZHenskiy-skit-Pokrova-na-Kolpi.jpg"",""distance"":176,""url"":""\/monastyri\/monastery\/podvore-pokrovskogo-khotkova-stavropigialnogo-zhenskogo-monastyrya-zhenskiy-skit-pokrova-na-kolpi\/"",""props"":{""eparhia"":null,""mitropolia"":null,""boss"":null,""type"":""подворье ставропигиального монастыря"",""founded"":""2020""}}"
"{""name"":""Подворье Преображенского храма Приволжского Никольского женского монастыря"",""lat"":""57.462513039342"",""long"":""41.496675821444"",""img"":""\/upload\/iblock\/02c\/02c1ed96daaf1128cddde8f502f15f7c\/i_17486_150x150.png"",""distance"":269,""url"":""\/monastyri\/monastery\/podvore-preobrazhenskogo-khrama-privolzhskogo-nikolskogo-zhenskogo-monastyrya\/"",""props"":{""eparhia"":null,""mitropolia"":null,""boss"":null,""type"":""подворье епархиального монастыря"",""founded"":""2007""}}"
"{""name"":""Подворье Раифского Богородицкого монастыря с. Ильинское"",""lat"":""55.881470995521"",""long"":""48.675325577218"",""img"":""\/upload\/iblock\/7ee\/7ee46c23d6339a3188e643ae9d5847e7\/1_a_17860300926.jpg"",""distance"":615,""url"":""\/monastyri\/monastery\/podvore-raifskogo-bogoroditskogo-monastyrya-s-ilinskoe\/"",""props"":{""eparhia"":null,""mitropolia"":null,""boss"":null,""type"":""подворье епархиального монастыря"",""founded"":""""}}"
"{""name"":""Подворье Свято-Никольского мужского монастыря г.Саратова в с.Елшанка"",""lat"":""51.816300892203"",""long"":""46.402258771164"",""img"":""\/upload\/iblock\/575\/575c76b01ee9af28ddebea4d050af796\/hram_elshanka_01.jpg"",""distance"":645,""url"":""\/monastyri\/monastery\/podvore-svyato-nikolskogo-muzhskogo-monastyrya-g-saratova-v-s-elshanka\/"",""props"":{""eparhia"":null,""mitropolia"":null,""boss"":null,""type"":""подворье епархиального монастыря"",""founded"":""2018""}}"
"{""name"":""Подворье Свято - Николаевского монастыря Путимка в честь Святителя Николая Чудотворца "",""lat"":""58.803868784512"",""long"":""60.986572917999"",""img"":""\/upload\/iblock\/4b6\/007.jpg"",""distance"":1375,""url"":""\/monastyri\/monastery\/podvore-monastyrya-putimka-v-chest-svyatitelya-nikolaya-chudotvortsa-\/"",""props"":{""eparhia"":null,""mitropolia"":null,""boss"":null,""type"":""подворье епархиального монастыря"",""founded"":""""}}"
"{""name"":""Подворье Свято-Варсонофиевского женского монастыря села Покровские Селищи в честь иконы Божией Матери «Живоносный Источник» в с. Журавкино"",""lat"":""54.13226901185"",""long"":""42.592157026694"",""img"":""\/upload\/iblock\/097\/0978744515488b7fae753ccaa22ccf10\/cropped_3.jpg"",""distance"":285,""url"":""\/monastyri\/monastery\/podvore-svyato-varsonofievskogo-zhenskogo-monastyrya-sela-pokrovskie-selishchi-v-chest-ikony-bozhiey\/"",""props"":{""eparhia"":null,""mitropolia"":null,""boss"":null,""type"":""подворье епархиального монастыря"",""founded"":""2000""}}"
"{""name"":""Подворье Свято-Елисаветинского монастыря в честь иконы Божьей Матери « Утоли моя печали» "",""lat"":""54.744845900482"",""long"":""20.461143805557"",""img"":""\/upload\/iblock\/1f8\/1f82e738ec2e19806a02a01b1973a59a\/5_podvore.png"",""distance"":1171,""url"":""\/monastyri\/monastery\/podvore-svyato-elisavetinskogo-monastyrya-v-chest-ikony-bozhey-materi-utoli-moya-pechali-\/"",""props"":{""eparhia"":null,""mitropolia"":null,""boss"":null,""type"":""подворье епархиального монастыря"",""founded"":""""}}"
"{""name"":""Подворье Свято-Никольского Черноостровского женского монастыря в г. Малоярославце при бывшем Успенском Шаровкином монастыре в с. Ильинское"",""lat"":""54.202791023842"",""long"":""36.079998866927"",""img"":""\/upload\/iblock\/848\/848eb0d8555075c4d1617512ad090c19\/main_top_big_678x381.jpg"",""distance"":232,""url"":""\/monastyri\/monastery\/podvore-svyato-nikolskogo-chernoostrovskogo-zhenskogo-monastyrya-v-g-maloyaroslavtse-pri-byvshem-usp\/"",""props"":{""eparhia"":null,""mitropolia"":null,""boss"":null,""type"":""подворье епархиального монастыря"",""founded"":""0""}}"
"{""name"":""Подворье Свято-Сергиевского женского монастыря с. Алексеевка в с. Ивановка Базарно-Карабулакского р-на "",""lat"":""52.144283251363"",""long"":""46.25580011377"",""img"":""\/upload\/iblock\/fdb\/fdb37c7aa8c5196aeb6ace2073b3c2d4\/DSC05054.jpg"",""distance"":613,""url"":""\/monastyri\/monastery\/podvore-svyato-sergievskogo-zhenskogo-monastyrya-s-alekseevka-v-s-ivanovka-bazarno-karabulakskogo-r-\/"",""props"":{""eparhia"":null,""mitropolia"":null,""boss"":null,""type"":""подворье епархиального монастыря"",""founded"":""2012""}}"
"{""name"":""Подворье Свято-Троицкого Антониево-Сийского мужского монастыря в Санкт-Петербурге"",""lat"":""60.037135959512"",""long"":""30.390076240526"",""img"":""\/upload\/iblock\/c01\/c01354c8f5f10d3fb37467933353fd2a\/255.JPG"",""distance"":709,""url"":""\/monastyri\/monastery\/podvore-svyato-troitskogo-antonievo-siyskogo-muzhskogo-monastyrya-v-sankt-peterburge\/"",""props"":{""eparhia"":null,""mitropolia"":null,""boss"":null,""type"":""подворье епархиального монастыря"",""founded"":""""}}"
"{""name"":""Подворье Свято-Троицкого женского монастыря города Муромав честь Муромской иконы Божией Матери близ села Мишино"",""lat"":""55.498275255264"",""long"":""42.001539046353"",""img"":""\/upload\/iblock\/3cf\/3cf971b5214cb475b6a9524becd04b37\/yuyu.jpg"",""distance"":197,""url"":""\/monastyri\/monastery\/podvore-svyato-troitskogo-zhenskogo-monastyrya-goroda-muromav-chest-muromskoy-ikony-bozhiey-materi-b\/"",""props"":{""eparhia"":null,""mitropolia"":null,""boss"":null,""type"":""подворье епархиального монастыря"",""founded"":""1992""}}"
"{""name"":""Подворье Свято-Троицкого Серафимо-Дивеевского женского монастыря в г.Среднеуральске"",""lat"":""57.04065"",""long"":""60.499713"",""img"":""\/upload\/iblock\/b11\/271ygl96ol416e4wejm5z58etnlo8ext\/46077_20151129_122014_1_.jpg"",""distance"":1340,""url"":""\/monastyri\/monastery\/podvore-svyato-troitskogo-serafimo-diveevskogo-zhenskogo-monastyrya-v-g-sredneuralske\/"",""props"":{""eparhia"":null,""mitropolia"":null,""boss"":null,""type"":""подворье епархиального монастыря"",""founded"":""2023""}}"
"{""name"":""Подворье Свято-Успенского Трифонова монастыря села Великорецкое. "",""lat"":""58.89345520896"",""long"":""49.049367068787"",""img"":""\/upload\/iblock\/55f\/55f9eaea7e77ce5232024928396b473f\/podvore.jpg"",""distance"":717,""url"":""\/monastyri\/monastery\/podvore-svyato-uspenskogo-trifonova-monastyrya-sela-velikoretskoe-\/"",""props"":{""eparhia"":null,""mitropolia"":null,""boss"":null,""type"":""подворье епархиального монастыря"",""founded"":""""}}"
"{""name"":""Подворье Свято–Михайло-Афонской Закубанской пустыни в с.Береговое г.Геленджик."",""lat"":""44.422573"",""long"":""38.36362"",""img"":""\/upload\/iblock\/d1d\/d1da855f66cc3378c51eaa0446708173\/6.jpg"",""distance"":1236,""url"":""\/monastyri\/monastery\/podvore-svyato-mikhaylo-afonskoy-zakubanskoy-pustyni-v-s-beregovoe-g-gelendzhik\/"",""props"":{""eparhia"":null,""mitropolia"":null,""boss"":null,""type"":""подворье епархиального монастыря"",""founded"":""2006""}}"
"{""name"":""Подворье Свято–Михайло-Афонской Закубанской пустыни в честь  мучеников Гурия, Самона и Авива  в п. Хамышки."",""lat"":""44.091445"",""long"":""40.137971"",""img"":""\/upload\/iblock\/ebb\/ebb798f47cf6e45d37a2d7b634f6e1de\/small_hram_sviatyh_muchenikov_Guriya_Samona_Aviva_04.jpg"",""distance"":1276,""url"":""\/monastyri\/monastery\/podvore-svyato-mikhaylo-afonskoy-zakubanskoy-pustyni-v-chest-muchenikov-guriya-samona-i-aviva-v-p-kh\/"",""props"":{""eparhia"":null,""mitropolia"":null,""boss"":null,""type"":""подворье епархиального монастыря"",""founded"":""""}}"
"{""name"":""Подворье святых мучениц Веры, Надежды, Любови и матери их Софии мужского монастыря в честь Святых Царственных страстотерпцев Белоцерковской епархии "",""lat"":""49.562176"",""long"":""30.488978"",""img"":null,""distance"":872,""url"":""\/monastyri\/monastery\/podvore-svyatykh-muchenits-very-nadezhdy-lyubovi-i-materi-ikh-sofii-muzhskogo-monastyrya-v-chest-svya\/"",""props"":{""eparhia"":null,""mitropolia"":null,""boss"":null,""type"":""подворье епархиального монастыря"",""founded"":""""}}"
"{""name"":""Подворье Слободского Христорождественского женского монастыря в селе Холуново"",""lat"":""59.056454614637"",""long"":""50.118639763229"",""img"":""\/upload\/iblock\/7e8\/7e8a40b07b8124674d69fbffddecb9c7\/podvore.jpg"",""distance"":780,""url"":""\/monastyri\/monastery\/podvore-slobodskogo-khristorozhdestvenskogo-zhenskogo-monastyrya-v-sele-kholunovo\/"",""props"":{""eparhia"":null,""mitropolia"":null,""boss"":null,""type"":""подворье епархиального монастыря"",""founded"":""""}}"
"{""name"":"" Подворье Спасо-Евфросиниевского ставропигиального  женского монастыря в деревне Захарничи "",""lat"":""55.545942881672"",""long"":""28.862695251252"",""img"":""\/upload\/iblock\/ee5\/ee553848feffe4e87edfd907bf999ae5\/2.jpg"",""distance"":630,""url"":""\/monastyri\/monastery\/podvore-spaso-evfrosinievskogo-stavropigialnogo-zhenskogo-monastyrya-v-derevne-zakharnichi-\/"",""props"":{""eparhia"":null,""mitropolia"":null,""boss"":null,""type"":""подворье ставропигиального монастыря"",""founded"":""""}}"
"{""name"":""Подворье Спасо-Казанского женского монастыря в с. Михайловский погост"",""lat"":""57.373789035534"",""long"":""28.16331090741"",""img"":""\/upload\/iblock\/628\/628de2620155c08c52f6593169b82754\/pogost.jpg"",""distance"":689,""url"":""\/monastyri\/monastery\/podvore-spaso-kazanskogo-zhenskogo-monastyrya-v-s-mikhaylovskiy-pogost\/"",""props"":{""eparhia"":null,""mitropolia"":null,""boss"":null,""type"":""подворье епархиального монастыря"",""founded"":""""}}"
"{""name"":""Подворье Сызранского Вознесенского мужского  монастыря"",""lat"":""53.046775976057"",""long"":""48.438726746033"",""img"":""\/upload\/iblock\/e2a\/e2a0f7499c13d2852289fb9a89989f41\/C_h1phSrcKE.jpg"",""distance"":679,""url"":""\/monastyri\/monastery\/podvore-syzranskogo-voznesenskogo-muzhskogo-monastyrya\/"",""props"":{""eparhia"":null,""mitropolia"":null,""boss"":null,""type"":""подворье епархиального монастыря"",""founded"":""2007""}}"
"{""name"":""Подворье Тихвинского женского монастыря Днепропетровской епархии  в с. Кочережки"",""lat"":""48.669500175004"",""long"":""35.669733472058"",""img"":null,""distance"":794,""url"":""\/monastyri\/monastery\/podvore-tikhvinskogo-zhenskogo-monastyrya-dnepropetrovskoy-eparkhii-v-s-kocherezhki\/"",""props"":{""eparhia"":null,""mitropolia"":null,""boss"":null,""type"":""подворье епархиального монастыря"",""founded"":""""}}"
"{""name"":""Подворье Троицкого Чуфаровского  мужского монастыря в п.Ромоданов"",""lat"":""54.421454828592"",""long"":""45.329737926789"",""img"":""\/upload\/iblock\/de1\/de162761f2f52c0fa75c6c8ebf108ee4\/P1090894_1024x768.jpg"",""distance"":430,""url"":""\/monastyri\/monastery\/podvore-troitskogo-chufarovskogo-muzhskogo-monastyrya-v-p-romodanov\/"",""props"":{""eparhia"":null,""mitropolia"":null,""boss"":null,""type"":""подворье епархиального монастыря"",""founded"":""2012""}}"
"{""name"":""Подворье Успенского Вышенского монастыря Быкова гора"",""lat"":""54.034614800442"",""long"":""42.063050703145"",""img"":""\/upload\/iblock\/bb0\/bb0f38fa9680afa731bc6d8c33baa373\/rrrr.jpg"",""distance"":264,""url"":""\/monastyri\/monastery\/podvore-uspenskogo-vyshenskogo-monastyrya-bykova-gora\/"",""props"":{""eparhia"":null,""mitropolia"":null,""boss"":null,""type"":""подворье епархиального монастыря"",""founded"":""2004""}}"
"{""name"":""Подворье Успенского Святогорского мужского монастыря в Мехово"",""lat"":""57.025308675824"",""long"":""28.886526388855"",""img"":""\/upload\/iblock\/1d3\/1d31d263d2ae49ae8fe3b7684828cb1c\/podvore.jpg"",""distance"":638,""url"":""\/monastyri\/monastery\/podvore-uspenskogo-svyatogorskogo-muzhskogo-monastyrya-v-mekhovo\/"",""props"":{""eparhia"":null,""mitropolia"":null,""boss"":null,""type"":""подворье епархиального монастыря"",""founded"":""""}}"
"{""name"":""Подсобное хозяйство Успенского Святогорского мужского монастыря в местечке Подборье"",""lat"":""57.033355486146"",""long"":""28.900678249738"",""img"":""\/upload\/iblock\/e36\/e3618532146a3c89a5b9770dc2ff7c77\/IMG_1046.jpg"",""distance"":638,""url"":""\/monastyri\/monastery\/podsobnoe-khozyaystvo-uspenskogo-svyatogorskogo-muzhskogo-monastyrya-v-mestechke-podbore\/"",""props"":{""eparhia"":null,""mitropolia"":null,""boss"":null,""type"":""подворье епархиального монастыря"",""founded"":""""}}"
"{""name"":""Покрово-Тервенический  женский монастырь"",""lat"":""60.319597930489"",""long"":""34.103693150787"",""img"":""\/upload\/iblock\/e07\/e07541b66a5ce607cb4bff08cc2ad015\/01.jpg"",""distance"":603,""url"":""\/monastyri\/monastery\/pokrovo-tervenicheskiy-monastyr\/"",""props"":{""eparhia"":null,""mitropolia"":null,""boss"":null,""type"":""Епархиальные монастыри Русской Православной Церкви"",""founded"":""1991""}}"
"{""name"":""Покровский   скит Спасо-Преображенского Мгарского мужского  монастыря Полтавской епархии"",""lat"":""50.034089"",""long"":""33.059832"",""img"":""\/upload\/iblock\/ebc\/udakaqzbm636o6ehytn32hf5ts9rgpl4\/01.jpg"",""distance"":726,""url"":""\/monastyri\/monastery\/pokrovskiy-skit-spaso-preobrazhenskogo-mgarskogo-muzhskogo-monastyrya-poltavskoy-eparkhii\/"",""props"":{""eparhia"":null,""mitropolia"":null,""boss"":null,""type"":""скит епархиального монастыря"",""founded"":""""}}"
"{""name"":""Свято-Покровский Хотынский мужской монастырь Сарненской епархии"",""lat"":""50.94757"",""long"":""26.858968"",""img"":""\/upload\/iblock\/3d7\/0i2p25m06ovnatr0k7l1tt6iyqtggpc9\/00.jpg"",""distance"":947,""url"":""\/monastyri\/monastery\/svyato-pokrovskiy-khotynskiy-muzhskoy-monastyr-sarnenskoy-eparkhii\/"",""props"":{""eparhia"":null,""mitropolia"":null,""boss"":null,""type"":""Монастыри УПЦ МП"",""founded"":""2001""}}"
"{""name"":""Свято-Покровский Авраамиево-Городецкий мужской монастырь"",""lat"":""58.814586137175"",""long"":""42.613715446005"",""img"":""\/upload\/iblock\/acd\/acd8bda8a1f4ca9255aab417b41334cf\/1.jpg"",""distance"":429,""url"":""\/monastyri\/monastery\/svyato-pokrovskiy-avraamievo-gorodetskiy-muzhskoy-monastyr\/"",""props"":{""eparhia"":null,""mitropolia"":null,""boss"":null,""type"":""Епархиальные монастыри Русской Православной Церкви"",""founded"":""1350""}}"
"{""name"":""Покровский Александро-Невский женский монастырь р.п. Колывань"",""lat"":""55.299633977718"",""long"":""82.732630296295"",""img"":""\/upload\/iblock\/055\/0553277bad57207b2c7eaf2bacc53f66\/ssssss.png"",""distance"":2722,""url"":""\/monastyri\/monastery\/pokrovskiy-aleksandro-nevskiy-zhenskiy-monastyr-r-p-kolyvan\/"",""props"":{""eparhia"":null,""mitropolia"":null,""boss"":null,""type"":""Епархиальные монастыри Русской Православной Церкви"",""founded"":""1992""}}"
"{""name"":""Покровский Александро-Чагринский женский монастырь поселка Кировский "",""lat"":""52.688965"",""long"":""49.838529"",""img"":""\/upload\/iblock\/804\/i4ut2zyq01sfiowcgpjf0dd4q3bi8t2w\/1.jpg"",""distance"":781,""url"":""\/monastyri\/monastery\/pokrovskiy-aleksandro-chagrinskiy-zhenskiy-monastyr-poselka-kirovskiy-\/"",""props"":{""eparhia"":null,""mitropolia"":null,""boss"":null,""type"":""Епархиальные монастыри Русской Православной Церкви"",""founded"":""""}}"
"{""name"":""Покровский Архангело-Михайловский женский монастырь Каменской епархии"",""lat"":""48.522073"",""long"":""34.513512"",""img"":""\/upload\/iblock\/372\/evvha0pwjxm83bcauyja7pvyvv0aiu5f\/NedavneeProshloe_0.gif"",""distance"":835,""url"":""\/monastyri\/monastery\/pokrovskiy-arkhangelo-mikhaylovskiy-zhenskiy-monastyr-kamenskoy-eparkhii\/"",""props"":{""eparhia"":null,""mitropolia"":null,""boss"":null,""type"":""Монастыри УПЦ МП"",""founded"":""1995""}}"
"{""name"":""Свято-Покровский Балтско-Феодосиевский мужской монастырь Балтской епархии"",""lat"":""47.926781164205"",""long"":""29.625520738013"",""img"":""\/upload\/iblock\/ac5\/yucl89gyurvrmtn831o712bhtjq0m91x\/00.jpg"",""distance"":1057,""url"":""\/monastyri\/monastery\/svyato-pokrovskiy-baltsko-feodosievskiy-muzhskoy-monastyr-baltskoy-eparkhii\/"",""props"":{""eparhia"":null,""mitropolia"":null,""boss"":null,""type"":""Монастыри УПЦ МП"",""founded"":""1907""}}"
"{""name"":""Покровский Верхнемакеевский мужской монастырь"",""lat"":""49.162364179673"",""long"":""41.072698398811"",""img"":""\/upload\/iblock\/e01\/e01cbd1f0df8d67924b50bcb1cb33e6b\/o.jpg"",""distance"":724,""url"":""\/monastyri\/monastery\/pokrovskiy-verkhnemakeevskiy-muzhskoy-monastyr\/"",""props"":{""eparhia"":null,""mitropolia"":null,""boss"":null,""type"":""Епархиальные монастыри Русской Православной Церкви"",""founded"":""2004""}}"
"{""name"":""Свято-Покровский  мужской монастырь с. Доброе"",""lat"":""54.1824"",""long"":""36.324153"",""img"":""\/upload\/iblock\/003\/003972b1cf7c265012f9631e79022ee7\/4.jpg"",""distance"":222,""url"":""\/monastyri\/monastery\/svyato-pokrovskiy-muzhskoy-monastyr-s-dobroe\/"",""props"":{""eparhia"":null,""mitropolia"":null,""boss"":null,""type"":""Епархиальные монастыри Русской Православной Церкви"",""founded"":""14""}}"
"{""name"":""Покровский женский монастырь, с. Лукино"",""lat"":""55.980345385749"",""long"":""43.602754669311"",""img"":""\/upload\/iblock\/f7d\/f7da3fd877ee7a62bfcfff8e76869c5a\/Pokrovskiy_monastyr_s._Lukino.jpg"",""distance"":300,""url"":""\/monastyri\/monastery\/pokrovskiy-zhenskiy-monastyr-s-lukino\/"",""props"":{""eparhia"":null,""mitropolia"":null,""boss"":null,""type"":""Епархиальные монастыри Русской Православной Церкви"",""founded"":""""}}"
"{""name"":""Свято-Покровский женский монастырь г. Верхотурье"",""lat"":""58.854926250308"",""long"":""60.812486357117"",""img"":""\/upload\/iblock\/2b2\/59.jpg"",""distance"":1366,""url"":""\/monastyri\/monastery\/svyato-pokrovskiy-zhenskiy-monastyr-g-verkhoture\/"",""props"":{""eparhia"":null,""mitropolia"":null,""boss"":null,""type"":""Епархиальные монастыри Русской Православной Церкви"",""founded"":""1621""}}"
"{""name"":""Свято-Покровский женский монастырь Горловской епархии"",""lat"":""48.984673"",""long"":""37.792519"",""img"":""\/upload\/iblock\/d34\/2pcxzjgm0j1nqeji3117fgwhmb6sfdwk\/00.jpg"",""distance"":732,""url"":""\/monastyri\/monastery\/svyato-pokrovskiy-zhenskiy-monastyr-gorlovskoy-eparkhii\/"",""props"":{""eparhia"":null,""mitropolia"":null,""boss"":null,""type"":""Монастыри УПЦ МП"",""founded"":""2016""}}"
"{""name"":""Свято-Покровский женский монастырь город Дустабад Ташкентской и Узбекистанской епархия"",""lat"":""40.855427"",""long"":""68.933094"",""img"":""\/upload\/iblock\/11a\/11a446b191a538285ea78525accbd0ec\/ppp.jpg"",""distance"":2727,""url"":""\/monastyri\/monastery\/svyato-pokrovskiy-zhenskiy-monastyr-gorod-dustabad-tashkentskoy-i-uzbekistanskoy-eparkhiya\/"",""props"":{""eparhia"":null,""mitropolia"":null,""boss"":null,""type"":""Монастыри Среднеазиатского митрополичьего округа Русской Православной Церкви"",""founded"":""1998""}}"
"{""name"":""Покровский женский монастырь Ивано-Франковской епархии"",""lat"":""49.126783"",""long"":""24.769545"",""img"":""\/upload\/iblock\/46c\/k7wmxfooxoam0ji859hl0qf9kloj9059\/00.jpg"",""distance"":1191,""url"":""\/monastyri\/monastery\/pokrovskiy-zhenskiy-monastyr-ivano-frankovskoy-eparkhii\/"",""props"":{""eparhia"":null,""mitropolia"":null,""boss"":null,""type"":""Монастыри УПЦ МП"",""founded"":""1995""}}"
"{""name"":""Свято-Покровский женский монастырь Киевской епархии"",""lat"":""50.459029392632"",""long"":""30.493412279099"",""img"":""\/upload\/iblock\/160\/cklhct0ozbehbkaf5f8qhn2beu2h67zi\/00.jpg"",""distance"":795,""url"":""\/monastyri\/monastery\/svyato-pokrovskiy-zhenskiy-monastyr-kievskoy-eparkhii\/"",""props"":{""eparhia"":null,""mitropolia"":null,""boss"":null,""type"":""Монастыри УПЦ МП"",""founded"":""1889""}}"
"{""name"":""Свято-Покровский женский монастырь Криворожской епархии"",""lat"":""47.971776114675"",""long"":""33.431792235818"",""img"":""\/upload\/iblock\/019\/dvgjl62yq6oumlapacj00qezjthrk54a\/00-_1_.jpg"",""distance"":920,""url"":""\/monastyri\/monastery\/svyato-pokrovskiy-zhenskiy-monastyr-krivorozhskoy-eparkhii\/"",""props"":{""eparhia"":null,""mitropolia"":null,""boss"":null,""type"":""Монастыри УПЦ МП"",""founded"":""1995""}}"
"{""name"":""Покровский женский монастырь Кэлинешты Бельцко-Фалештской епархии"",""lat"":""47.576809788594"",""long"":""27.471033010498"",""img"":null,""distance"":1182,""url"":""\/monastyri\/monastery\/pokrovskiy-zhenskiy-monastyr-kelineshty-beltsko-faleshtskoy-eparkhii\/"",""props"":{""eparhia"":null,""mitropolia"":null,""boss"":null,""type"":""Монастыри Православной Церкви Молдовы"",""founded"":""1774""}}"
"{""name"":""Свято-Покровский женский монастырь Ровенской епархии"",""lat"":""50.587688108499"",""long"":""26.665373808839"",""img"":""\/upload\/iblock\/f2b\/o16j55n50g34hx2xwhlfqo0079v5jnal\/00-_1_.jpg"",""distance"":982,""url"":""\/monastyri\/monastery\/svyato-pokrovskiy-zhenskiy-monastyr-rovenskoy-eparkhii\/"",""props"":{""eparhia"":null,""mitropolia"":null,""boss"":null,""type"":""Монастыри УПЦ МП"",""founded"":""1639""}}"
"{""name"":""Покровский женский монастырь с. Колчедан"",""lat"":""56.366236410171"",""long"":""62.19027732209"",""img"":""\/upload\/iblock\/ca6\/ca6ef1a67779ddfe932b3878a19bdcc4\/ee.jpg"",""distance"":1448,""url"":""\/monastyri\/monastery\/pokrovskiy-zhenskiy-monastyr-s-kolchedan\/"",""props"":{""eparhia"":null,""mitropolia"":null,""boss"":null,""type"":""Епархиальные монастыри Русской Православной Церкви"",""founded"":""1857""}}"
"{""name"":""Покровский женский монастырь с. Шаморга "",""lat"":""54.04452"",""long"":""42.032614"",""img"":""\/upload\/iblock\/fa3\/fa3b497c6d3964052e3fecae97d466b9\/1.jpg"",""distance"":262,""url"":""\/monastyri\/monastery\/pokrovskiy-zhenskiy-monastyr-s-shamorga-\/"",""props"":{""eparhia"":null,""mitropolia"":null,""boss"":null,""type"":""Епархиальные монастыри Русской Православной Церкви"",""founded"":""2002""}}"
"{""name"":""Свято-Покровский женский монастырь Черновицко-Буковинской епархии"",""lat"":""48.209340655069"",""long"":""26.031920129912"",""img"":""\/upload\/iblock\/3e5\/0wpycunph98mi6pqs949mrjm17vee5jv\/00.jpg"",""distance"":1197,""url"":""\/monastyri\/monastery\/svyato-pokrovskiy-zhenskiy-monastyr-chernovitsko-bukovinskoy-eparkhii\/"",""props"":{""eparhia"":null,""mitropolia"":null,""boss"":null,""type"":""Монастыри УПЦ МП"",""founded"":""2011""}}"
"{""name"":""Свято-Покровский женский монастырь, г. Хойники Туровской епархии"",""lat"":""51.907289304295"",""long"":""29.975156131288"",""img"":""\/upload\/iblock\/28a\/28acb6b47fc9b71e2789c955668ae542\/1.jpg"",""distance"":710,""url"":""\/monastyri\/monastery\/svyato-pokrovskiy-zhenskiy-monastyr-g-khoyniki-turovskoy-eparkhii\/"",""props"":{""eparhia"":null,""mitropolia"":null,""boss"":null,""type"":""Монастыри Белорусской Православной Церкви"",""founded"":""1705""}}"
"{""name"":""Покровский Косэуцкий мужской монастырь Кишиневской епархии"",""lat"":""48.209093"",""long"":""28.244892"",""img"":""\/upload\/iblock\/cf1\/k9d1gfkx2hdkt2184flghkmgt3nee8dz\/1.jpg"",""distance"":1092,""url"":""\/monastyri\/monastery\/pokrovskiy-koseutskiy-muzhskoy-monastyr-kishinevskoy-eparkhii\/"",""props"":{""eparhia"":null,""mitropolia"":null,""boss"":null,""type"":""Монастыри Православной Церкви Молдовы"",""founded"":""0""}}"
"{""name"":""Свято-Покровский Красногорский женский монастырь Черкасской епархии"",""lat"":""49.705962062591"",""long"":""32.04749074177"",""img"":""\/upload\/iblock\/868\/x253nlpu0fxyxr1fhwu5lc0dl06a812j\/00.jpg"",""distance"":795,""url"":""\/monastyri\/monastery\/svyato-pokrovskiy-krasnogorskiy-zhenskiy-monastyr-cherkasskoy-eparkhii\/"",""props"":{""eparhia"":null,""mitropolia"":null,""boss"":null,""type"":""Монастыри УПЦ МП"",""founded"":""""}}"
"{""name"":""Свято-Покровский монастырь Голосеевская пустынь Киевской епархии"",""lat"":""50.377880079366"",""long"":""30.509474185181"",""img"":""\/upload\/iblock\/55c\/69kequwq0rx9ipe0m25ws6ipc363r1aa\/000.jpg"",""distance"":801,""url"":""\/monastyri\/monastery\/svyato-pokrovskiy-monastyr-goloseevskaya-pustyn-kievskoy-eparkhii\/"",""props"":{""eparhia"":null,""mitropolia"":null,""boss"":null,""type"":""Монастыри УПЦ МП"",""founded"":""""}}"
"{""name"":""Покровский мужской монастырь  Херсонской епархии"",""lat"":""46.735906536432"",""long"":""32.574378018675"",""img"":""\/upload\/iblock\/96d\/wl2xe9z36jdwaq23f42o66xj0uw2t5x5\/2.jpg"",""distance"":1072,""url"":""\/monastyri\/monastery\/pokrovskiy-muzhskoy-monastyr-khersonskoy-eparkhii\/"",""props"":{""eparhia"":null,""mitropolia"":null,""boss"":null,""type"":""Монастыри УПЦ МП"",""founded"":""2009""}}"
"{""name"":""Покровский мужской монастырь в с. Дедово"",""lat"":""53.03148884951"",""long"":""55.118181790255"",""img"":""\/upload\/iblock\/465\/465267454ba2eac7e69a846c1be51507\/73524605_141442633893653_5199964970246209536_o.jpg"",""distance"":1088,""url"":""\/monastyri\/monastery\/pokrovskiy-muzhskoy-monastyr-v-s-dedovo\/"",""props"":{""eparhia"":null,""mitropolia"":null,""boss"":null,""type"":""Епархиальные монастыри Русской Православной Церкви"",""founded"":""1898""}}"
"{""name"":""Покровский мужской монастырь в с. Дракино"",""lat"":""54.046573485782"",""long"":""43.259062059525"",""img"":""\/upload\/iblock\/432\/432adc076f11fb153000e29d037dd92d\/EFA57AD6D5CE_15.jpg"",""distance"":326,""url"":""\/monastyri\/monastery\/pokrovskiy-muzhskoy-monastyr-v-s-drakino\/"",""props"":{""eparhia"":null,""mitropolia"":null,""boss"":null,""type"":""Епархиальные монастыри Русской Православной Церкви"",""founded"":""1998""}}"
"{""name"":""Свято-Покровский мужской монастырь Мукачевской епархии"",""lat"":""48.711846249429"",""long"":""22.455851736274"",""img"":""\/upload\/iblock\/c09\/inidc1r2nsq2rpff5x4jvwb8t9rdly62\/00.jpg"",""distance"":1349,""url"":""\/monastyri\/monastery\/svyato-pokrovskiy-muzhskoy-monastyr-mukachevskoy-eparkhii\/"",""props"":{""eparhia"":null,""mitropolia"":null,""boss"":null,""type"":""Монастыри УПЦ МП"",""founded"":""2006""}}"
"{""name"":""Свято-Покровский мужской монастырь с Ракошино  Мукачевской епархии"",""lat"":""48.455187600456"",""long"":""22.591102662875"",""img"":""\/upload\/iblock\/d0c\/v8gs6p4q9zh9t2537wcfvokiftz74cih\/07.jpg"",""distance"":1360,""url"":""\/monastyri\/monastery\/svyato-pokrovskiy-muzhskoy-monastyr-s-rakoshino-mukachevskoy-eparkhii\/"",""props"":{""eparhia"":null,""mitropolia"":null,""boss"":null,""type"":""Монастыри УПЦ МП"",""founded"":""2002""}}"
"{""name"":""Свято-Покровский мужской монастырь Сарненской епархии"",""lat"":""51.380898"",""long"":""26.382856"",""img"":""\/upload\/iblock\/aab\/gch5sm0siqeh60c147qeacskjiuoff5i\/00-_1_.jpg"",""distance"":946,""url"":""\/monastyri\/monastery\/svyato-pokrovskiy-muzhskoy-monastyr-sarnenskoy-eparkhii\/"",""props"":{""eparhia"":null,""mitropolia"":null,""boss"":null,""type"":""Монастыри УПЦ МП"",""founded"":""2002""}}"
"{""name"":""Покровский мужской монастырь Харьковской епархии"",""lat"":""49.991432417342"",""long"":""36.228841163195"",""img"":""\/upload\/iblock\/34a\/2r41219vc5wwc95s8k90ugnr8hpmt0pa\/2.jpg"",""distance"":642,""url"":""\/monastyri\/monastery\/pokrovskiy-muzhskoy-monastyr-kharkovskoy-eparkhii\/"",""props"":{""eparhia"":null,""mitropolia"":null,""boss"":null,""type"":""Монастыри УПЦ МП"",""founded"":""1726""}}"
"{""name"":""Покровский мужской скит Георгиевского мужского монастыря Хустской епархии "",""lat"":""48.200322"",""long"":""23.616384"",""img"":""\/upload\/iblock\/fb0\/eqni9hyq9ymz396h10l0agevp4986y9i\/00-_1_.jpg"",""distance"":1323,""url"":""\/monastyri\/monastery\/pokrovskiy-muzhskoy-skit-georgievskogo-muzhskogo-monastyrya-khustskoy-eparkhii-\/"",""props"":{""eparhia"":null,""mitropolia"":null,""boss"":null,""type"":""скит епархиального монастыря"",""founded"":""""}}"
"{""name"":""Свято-Покровский мужской скит с  Кострино  Покровского мужского монастыря   с. Ракошино  Мукачевской епархии"",""lat"":""48.941907009948"",""long"":""22.590099118862"",""img"":""\/upload\/iblock\/22b\/7pgdrnessuvxxe2chj16c39r0gbiyo90\/00.jpg"",""distance"":1325,""url"":""\/monastyri\/monastery\/svyato-pokrovskiy-muzhskoy-skit-s-kostrino-pokrovskogo-muzhskogo-monastyrya-s-rakoshino-mukachevskoy\/"",""props"":{""eparhia"":null,""mitropolia"":null,""boss"":null,""type"":""скит епархиального монастыря"",""founded"":""2006""}}"
"{""name"":""Покровский скит села Боброво Рыльского Свято-Николаевского мужского монастыря"",""lat"":""51.575548289842"",""long"":""34.542899459742"",""img"":""\/upload\/iblock\/e3d\/e3d41060d04c765015259fdefe99c87f\/skit1.jpg"",""distance"":525,""url"":""\/monastyri\/monastery\/pokrovskiy-skit-sela-bobrovo-rylskogo-svyato-nikolaevskogo-muzhskogo-monastyrya\/"",""props"":{""eparhia"":null,""mitropolia"":null,""boss"":null,""type"":""скит епархиального монастыря"",""founded"":""1996""}}"
"{""name"":""Покровский скит Серафимо - Дивеевского монастыря в селе Канерга"",""lat"":""55.0886989878"",""long"":""43.116762351898"",""img"":""\/upload\/iblock\/02c\/kenerga.jpg"",""distance"":273,""url"":""\/monastyri\/monastery\/pokrovskiy-skit-serafimo-diveevskogo-monastyrya-v-sele-kanerga\/"",""props"":{""eparhia"":null,""mitropolia"":null,""boss"":null,""type"":""скит епархиального монастыря"",""founded"":""1993""}}"
"{""name"":""Покровский ставропигиальный женский монастырь у Покровской заставы г. Москвы"",""lat"":""55.737929455027"",""long"":""37.66992510015"",""img"":""\/upload\/iblock\/434\/monasterium.ru_00.jpg"",""distance"":80,""url"":""\/monastyri\/monastery\/pokrovskiy-stavropigialnyy-zhenskiy-monastyr-u-pokrovskoy-zastavy-g-moskvy\/"",""props"":{""eparhia"":null,""mitropolia"":null,""boss"":null,""type"":""Ставропигиальные монастыри Русской Православной Церкви"",""founded"":""1635""}}"
"{""name"":""Свято-Покровский Суздальский женский монастырь"",""lat"":""56.429475891568"",""long"":""40.437206584656"",""img"":""\/upload\/iblock\/88b\/88b0674bbb1e883bfa92d9d0ddc553d5\/09.jpg"",""distance"":140,""url"":""\/monastyri\/monastery\/svyato-pokrovskiy-suzdalskiy-zhenskiy-monastyr\/"",""props"":{""eparhia"":null,""mitropolia"":null,""boss"":null,""type"":""Епархиальные монастыри Русской Православной Церкви"",""founded"":""1364""}}"
"{""name"":""Покровский Хотьков ставропигиальный женский монастырь"",""lat"":""56.251252845187"",""long"":""37.993740764182"",""img"":""\/upload\/iblock\/5d2\/5d2a36769dfeb18b0b50f54a6bb2efd7\/Pokrovskiy-KHotkov-monastyr-vid.jpg"",""distance"":98,""url"":""\/monastyri\/monastery\/pokrovskiy-khotkov-stavropigialnyy-zhenskiy-monastyr\/"",""props"":{""eparhia"":null,""mitropolia"":null,""boss"":null,""type"":""Ставропигиальные монастыри Русской Православной Церкви"",""founded"":""1308""}}"
"{""name"":""Покровский Шиханский женский монастырь"",""lat"":""53.615394"",""long"":""46.303566"",""img"":""\/upload\/iblock\/fd2\/fd29dd807e8d135c7f29ed05ab819e8a\/110.jpg"",""distance"":524,""url"":""\/monastyri\/monastery\/pokrovskiy-shikhanskiy-zhenskiy-monastyr\/"",""props"":{""eparhia"":null,""mitropolia"":null,""boss"":null,""type"":""Епархиальные монастыри Русской Православной Церкви"",""founded"":""1890""}}"
"{""name"":""Покровско-Васильевский мужской монастырь"",""lat"":""55.78891711677"",""long"":""38.652112323806"",""img"":""\/upload\/iblock\/f7f\/f7f8ad702096f78bb6ebef2337fb3ca9\/2.jpg"",""distance"":32,""url"":""\/monastyri\/monastery\/pokrovsko-vasilevskiy-muzhskoy-monastyr\/"",""props"":{""eparhia"":null,""mitropolia"":null,""boss"":null,""type"":""Епархиальные монастыри Русской Православной Церкви"",""founded"":""1903""}}"
"{""name"":""Покровское Отмицкое подворье  Николаевского Малицкого монастыря"",""lat"":""56.851285982208"",""long"":""35.674100537048"",""img"":""\/upload\/iblock\/704\/70496d4327544fa74f4a15e7f76b5832\/P6140643.JPG"",""distance"":247,""url"":""\/monastyri\/monastery\/boriso-glebskoe-podvore-nikolaevskogo-malitskogo-monastyrya\/"",""props"":{""eparhia"":null,""mitropolia"":null,""boss"":null,""type"":""подворье епархиального монастыря"",""founded"":""2012""}}"
"{""name"":""Покровское подворье Введенского женского монастыря г. Иваново"",""lat"":""56.893375249833"",""long"":""40.794503331936"",""img"":""\/upload\/iblock\/acc\/accebdc7ca3fca8ba886cb8c213ca9ed\/Pokrovskoe-podvore.JPG"",""distance"":193,""url"":""\/monastyri\/monastery\/pokrovskoe-podvore-vvedenskogo-zhenskogo-monastyrya-g-ivanovo\/"",""props"":{""eparhia"":null,""mitropolia"":null,""boss"":null,""type"":""подворье епархиального монастыря"",""founded"":""1993""}}"
"{""name"":""Свято-Покровское подворье Свято-Успенской Святогорской Лавры Донецкой епархии"",""lat"":""48.946549438827"",""long"":""37.630468817127"",""img"":""\/upload\/iblock\/76a\/fnx490mvakypkutcw2qa9plng0yk8dvt\/00.jpg"",""distance"":738,""url"":""\/monastyri\/monastery\/svyato-pokrovskoe-podvore-svyato-uspenskoy-svyatogorskoy-lavry-donetskoy-eparkhii\/"",""props"":{""eparhia"":null,""mitropolia"":null,""boss"":null,""type"":""подворье епархиального монастыря"",""founded"":""2018""}}"
"{""name"":""Почаевский Свято-Духовский мужской монастырь Тернопольской епархии"",""lat"":""49.994503473373"",""long"":""25.547495139391"",""img"":""\/upload\/iblock\/3fb\/yl1qfacpbh90y8z2razkuzeravqbhm9x\/1024px_Svyato_Dukhovskiy_Pochaevskiy_monastyr.jpg"",""distance"":1085,""url"":""\/monastyri\/monastery\/pochaevskiy-svyato-dukhovskiy-muzhskoy-monastyr-ternopolskoy-eparkhii\/"",""props"":{""eparhia"":null,""mitropolia"":null,""boss"":null,""type"":""Монастыри УПЦ МП"",""founded"":""1219""}}"
"{""name"":""Предтеченский скит Свято-Иверского Одесского мужского монастыря Одесской епархии"",""lat"":""46.947375051716"",""long"":""30.234567032565"",""img"":""\/upload\/iblock\/61d\/tnfan7q7eufv96l45ek53fq10j00a4hp\/skit.jpg"",""distance"":1127,""url"":""\/monastyri\/monastery\/predtechenskiy-skit-svyato-iverskogo-odesskogo-muzhskogo-monastyrya-odesskoy-eparkhii\/"",""props"":{""eparhia"":null,""mitropolia"":null,""boss"":null,""type"":""скит епархиального монастыря"",""founded"":""2012""}}"
"{""name"":""Свято-Преображенский мужской монастырь Житомирской епархии  "",""lat"":""50.198149531194"",""long"":""28.372778884218"",""img"":""\/upload\/iblock\/01c\/l761qk9z6ztjkzrkvijfvq6tqmb8orec\/02.jpg"",""distance"":920,""url"":""\/monastyri\/monastery\/svyato-preobrazhenskiy-muzhskoy-monastyr-zhitomirskoy-eparkhii-\/"",""props"":{""eparhia"":null,""mitropolia"":null,""boss"":null,""type"":""Монастыри УПЦ МП"",""founded"":""1575""}}"
"{""name"":""Преображенское подворье Введенского женского монастыря г. Иваново"",""lat"":""56.971686962804"",""long"":""40.641907344383"",""img"":""\/upload\/iblock\/d28\/d280220259f7df9bc2323a49261d7a7e\/hzH8qKj2ty4.jpg"",""distance"":194,""url"":""\/monastyri\/monastery\/preobrazhenskoe-podvore-vvedenskogo-zhenskogo-monastyrya-g-ivanovo\/"",""props"":{""eparhia"":null,""mitropolia"":null,""boss"":null,""type"":""подворье епархиального монастыря"",""founded"":""1991""}}"
"{""name"":""Преподобного Лазаря Муромского мужской монастырь  "",""lat"":""44.823557794673"",""long"":""33.996940305557"",""img"":""\/upload\/iblock\/502\/502eb9cd9925ea76c269992bb3f7c2d8\/1.jpg"",""distance"":1240,""url"":""\/monastyri\/monastery\/prepodobnogo-lazarya-muromskogo-muzhskoy-monastyr-simferopolskoy-i-krymskoy-eparkhii\/"",""props"":{""eparhia"":null,""mitropolia"":null,""boss"":null,""type"":""Епархиальные монастыри Русской Православной Церкви"",""founded"":""2013""}}"
"{""name"":""Преподобных Сергия и Германа Валаамских чудотворцев мужской монастырь г. Волжского"",""lat"":""48.812381677134"",""long"":""44.722082069159"",""img"":""\/upload\/iblock\/aaa\/aaafb4b17868a1bdbb558161881a339d\/u.jpg"",""distance"":847,""url"":""\/monastyri\/monastery\/prepodobnykh-sergiya-i-germana-valaamskikh-chudotvortsev-muzhskoy-monastyr-g-volzhskogo\/"",""props"":{""eparhia"":null,""mitropolia"":null,""boss"":null,""type"":""Епархиальные монастыри Русской Православной Церкви"",""founded"":""2008""}}"
"{""name"":""Приписная часовня Благовещенского женского монастыря г. Красноярска в честь мученика Василия Мангазейского "",""lat"":""56.0220953299"",""long"":""92.887126604959"",""img"":""\/upload\/iblock\/2f1\/i.jpg"",""distance"":3291,""url"":""\/monastyri\/monastery\/pripisnaya-chasovnya-blagoveshchenskogo-zhenskogo-monastyrya-g-krasnoyarska-v-chest-muchenika-vasili\/"",""props"":{""eparhia"":null,""mitropolia"":null,""boss"":null,""type"":""часовня епархиального монастыря"",""founded"":""""}}"
"{""name"":""Приписная часовня в честь святителя Николая Чудотворца"",""lat"":""56.989899838403"",""long"":""41.420244200912"",""img"":""\/upload\/iblock\/609\/609192506efb1f6361db213da0a9a1ed\/CHasovnya-v-chest-svyatitelya-Nikolaya-CHudotvortsa-m.jpg"",""distance"":226,""url"":""\/monastyri\/monastery\/pripisnaya-asovnya-v-chest-svyatitelya-nikolaya-chudotvortsa\/"",""props"":{""eparhia"":null,""mitropolia"":null,""boss"":null,""type"":""часовня епархиального монастыря"",""founded"":""""}}"
"{""name"":""Приписная часовня в честь Усекновения главы Пророка,Предтечи и Крестителя Господня Иоанна"",""lat"":""58.192484"",""long"":""41.682216"",""img"":""\/upload\/iblock\/658\/658536024bbc2a64dc918c9482bd2f62\/gg.jpg"",""distance"":342,""url"":""\/monastyri\/monastery\/pripisnaya-chasovnya-v-chest-useknoveniya-glavy-proroka-predtechi-i-krestitelya-gospodnya-ioanna\/"",""props"":{""eparhia"":null,""mitropolia"":null,""boss"":null,""type"":""часовня епархиального монастыря"",""founded"":""1913""}}"
"{""name"":""Приписной  храм в честь первоверховных апостолов Петра и Павла в с. Большепетровское"",""lat"":""56.459300482755"",""long"":""39.322980906293"",""img"":""\/upload\/iblock\/747\/7475f63c8e5a1cb2116462387aa1a332\/008_Petropavlovskiy-pripisnoy-khram-v-s.-Bolshepetrovskoe.jpg"",""distance"":107,""url"":""\/monastyri\/monastery\/pripisnoy-khram-v-chest-pervoverkhovnykh-apostolov-petra-i-pavla\/"",""props"":{""eparhia"":null,""mitropolia"":null,""boss"":null,""type"":""приписной храм епархиального монастыря"",""founded"":""""}}"
"{""name"":""Приписной к Иоанно-Предтеченскому подворью Новоспасского монастыря в Сумароково  храм в честь святителя Иоанна Милостивого в д. Щербинке"",""lat"":""55.433867777132"",""long"":""37.651054613161"",""img"":""\/upload\/iblock\/6d5\/me7fhzsgqui27nv8cubj79rmif3sqavm\/foto-otsutstvuet.jpg"",""distance"":78,""url"":""\/monastyri\/monastery\/pripisnoy-k-ioanno-predtechenskomu-podvoryu-novospasskogo-monastyrya-v-sumarokovo-khram-v-chest-svya\/"",""props"":{""eparhia"":null,""mitropolia"":null,""boss"":null,""type"":""приписной храм ставропигиального монастыря"",""founded"":""""}}"
"{""name"":""Приписной храм в честь Живоначальной Троицы"",""lat"":""53.047513369926"",""long"":""37.539429696408"",""img"":""\/upload\/iblock\/e6d\/e6d9f4fdcdb720026c9dc465f38ca798\/SVYATO_TROITSKIY_KHRAM_V_S._PANKOVO.jpg"",""distance"":290,""url"":""\/monastyri\/monastery\/pripisnoy-khram-v-chest-zhivonachalnoy-troitsy\/"",""props"":{""eparhia"":null,""mitropolia"":null,""boss"":null,""type"":""приписной храм епархиального монастыря"",""founded"":""2004""}}"
"{""name"":""Приписной храм в честь иконы  Божией Матери «Всех скорбящих Радость»"",""lat"":""53.269638687443"",""long"":""37.401280517844"",""img"":""\/upload\/iblock\/83a\/83a4915ee9e26144148c6d7330792313\/korsakovo.jpg"",""distance"":269,""url"":""\/monastyri\/monastery\/pripisnoy-khram-v-chest-ikony-bozhiey-materi-vsekh-skorbyashchikh-radost\/"",""props"":{""eparhia"":null,""mitropolia"":null,""boss"":null,""type"":""приписной храм епархиального монастыря"",""founded"":""""}}"
"{""name"":""Приписной храм в честь Никандра пустынножителя,Псковского чудотворца"",""lat"":""56.927387702078"",""long"":""29.058893541273"",""img"":""\/upload\/iblock\/beb\/bebedb4054264da13bae965d9e4e6618\/u1DSCF5099.jpg"",""distance"":626,""url"":""\/monastyri\/monastery\/khram-v-chest-nikandra-pustynnozhitelya-pskovskogo-chudotvortsa\/"",""props"":{""eparhia"":null,""mitropolia"":null,""boss"":null,""type"":""приписной храм епархиального монастыря"",""founded"":""2014""}}"
"{""name"":""Приписной храм Воскресения Христова в с. Шипилово"",""lat"":""56.522456210364"",""long"":""39.896201588144"",""img"":""\/upload\/iblock\/ef7\/ef7b6c3d737022f9db24dae176350e6c\/009_Voskresenskiy-pripisnoy-khram-v-s.-SHipilovo.jpg"",""distance"":128,""url"":""\/monastyri\/monastery\/pripisnoy-khram-voskreseniya-khristova-v-s-shipilovo\/"",""props"":{""eparhia"":null,""mitropolia"":null,""boss"":null,""type"":""приписной храм епархиального монастыря"",""founded"":""""}}"
"{""name"":""Пронский Спасо-Преображенский мужской монастырь"",""lat"":""54.10445"",""long"":""39.626063"",""img"":""\/upload\/iblock\/c02\/c02ab68170a1f7421480e9cee112df59\/9T6B10mPTkQ.jpg"",""distance"":166,""url"":""\/monastyri\/monastery\/pronskiy-spaso-preobrazhenskiy-muzhskoy-monastyr\/"",""props"":{""eparhia"":null,""mitropolia"":null,""boss"":null,""type"":""Епархиальные монастыри Русской Православной Церкви"",""founded"":""""}}"
"{""name"":""Пророко-Илиинский мужской монастырь с. Месягутово "",""lat"":""55.532247356711"",""long"":""58.247992100525"",""img"":""\/upload\/iblock\/767\/767714e1975a4c6d18b1b4450f9b65c9\/YBkBax7cFq8.jpg"",""distance"":1216,""url"":""\/monastyri\/monastery\/proroko-iliinskiy-muzhskoy-monastyr-s-mesyagutovo-\/"",""props"":{""eparhia"":null,""mitropolia"":null,""boss"":null,""type"":""Епархиальные монастыри Русской Православной Церкви"",""founded"":""1998""}}"
"{""name"":""Пророко-Илиинский скит Богородице-Тихвинского женского монастыря"",""lat"":""53.993959"",""long"":""54.035819"",""img"":""\/upload\/iblock\/1c5\/1c5beb702d792c14bdfac0a5a2d3be30\/P1080251_300x225.jpg"",""distance"":986,""url"":""\/monastyri\/monastery\/proroko-iliinskiy-skit-bogoroditse-tikhvinskogo-zhenskogo-monastyr\/"",""props"":{""eparhia"":null,""mitropolia"":null,""boss"":null,""type"":""скит епархиального монастыря"",""founded"":""2005""}}"
"{""name"":""Псковский Рождества Богородицы Снетогорский женский монастырь"",""lat"":""57.835157347494"",""long"":""28.263417546594"",""img"":""\/upload\/iblock\/9a4\/9a40b8e448d8c82ad97a88500e6fb6b4\/111.jpg"",""distance"":696,""url"":""\/monastyri\/monastery\/pskovskiy-rozhdestva-bogoroditsy-snetogorskiy-zhenskiy-monastyr\/"",""props"":{""eparhia"":null,""mitropolia"":null,""boss"":null,""type"":""Епархиальные монастыри Русской Православной Церкви"",""founded"":""1299""}}"
"{""name"":""Псковское подворье Успенского Псково-Печерского мужского монастыря"",""lat"":""57.815111391233"",""long"":""28.33150949269"",""img"":""\/upload\/iblock\/ecc\/ecc77b7b18317481f5ed4f57710ebe8c\/DPvR6AgwH9k.jpg"",""distance"":692,""url"":""\/monastyri\/monastery\/pskovskoe-podvore-uspenskogo-pskovo-pecherskogo-muzhskogo-monastyrya\/"",""props"":{""eparhia"":null,""mitropolia"":null,""boss"":null,""type"":""подворье епархиального монастыря"",""founded"":""1906""}}"
"{""name"":""Пустынно-Николаевский скит Свято-Покровского женского монастыря г. Киева Киевской епархии "",""lat"":""51.20888"",""long"":""29.87371"",""img"":""\/upload\/iblock\/84e\/3jsn2e5l0zink8aux16l2hksabl0j2m6\/0000.jpg"",""distance"":766,""url"":""\/monastyri\/monastery\/pustynno-nikolaevskiy-skit-svyato-pokrovskogo-zhenskogo-monastyrya-g-kieva-kievskoy-eparkhii-\/"",""props"":{""eparhia"":null,""mitropolia"":null,""boss"":null,""type"":""скит епархиального монастыря"",""founded"":""2011""}}"
"{""name"":""Свято-Пустынский Успенский мужской монастырь, д. Пустынки Могилевской епархии"",""lat"":""54.101082"",""long"":""31.746551"",""img"":""\/upload\/iblock\/102\/102f89b4f68fb55a10fd6422c3f028ee\/c9dd3dc6ad98bc655455bc5b4253c17e.jpg"",""distance"":484,""url"":""\/monastyri\/monastery\/svyato-pustynskiy-uspenskiy-muzhskoy-monastyr-d-pustynki-mogilevskoy-eparkhii\/"",""props"":{""eparhia"":null,""mitropolia"":null,""boss"":null,""type"":""Монастыри Белорусской Православной Церкви"",""founded"":""1380""}}"
"{""name"":""Пюхтицкий Успенский ставропигиальный женский монастырь в Эстонии"",""lat"":""59.199666"",""long"":""27.534501"",""img"":""\/upload\/iblock\/ffd\/ffd16a767e626bfaaef56b1dc4391ed5\/Panorama_bez_nazvaniya1.jpg"",""distance"":792,""url"":""\/monastyri\/monastery\/pyukhtitskiy-uspenskiy-stavropigialnyy-zhenskiy-monastyr-v-estonii\/"",""props"":{""eparhia"":null,""mitropolia"":null,""boss"":null,""type"":""Ставропигиальные монастыри Русской Православной Церкви"",""founded"":""1891""}}"
"{""name"":""Равноапостольных  Константина и Елены мужской монастырь Николаевской епархии"",""lat"":""46.987731040368"",""long"":""32.313436147472"",""img"":""\/upload\/iblock\/4a1\/kinbwln84h41b5hnr9k20hqo4pb675pa\/07.jpg"",""distance"":1053,""url"":""\/monastyri\/monastery\/ravnoapostolnykh-konstantina-i-eleny-muzhskoy-monastyr-nikolaevskoy-eparkhii\/"",""props"":{""eparhia"":null,""mitropolia"":null,""boss"":null,""type"":""Монастыри УПЦ МП"",""founded"":""1998""}}"
"{""name"":""Раифский Богородицкий мужской монастырь"",""lat"":""55.901831801746"",""long"":""48.729495707657"",""img"":""\/upload\/iblock\/f6b\/f6bddd06714c009f8bf74d3eff51ca46\/1.jpg"",""distance"":619,""url"":""\/monastyri\/monastery\/raifskiy-bogoroditskiy-muzhskoy-monastyr\/"",""props"":{""eparhia"":null,""mitropolia"":null,""boss"":null,""type"":""Епархиальные монастыри Русской Православной Церкви"",""founded"":""1613""}}"
"{""name"":""Речульский Богородично-Рождественский женский монастырь  Унгенской и Ниспоренской епархии"",""lat"":""47.307528"",""long"":""28.356646"",""img"":""\/upload\/iblock\/ebe\/307qgfl13n76cx58klha3m8brvh8p7ic\/8.jpg"",""distance"":1168,""url"":""\/monastyri\/monastery\/rechulskiy-bogorodichno-rozhdestvenskiy-zhenskiy-monastyr-ungenskoy-i-nisporenskoy-eparkhii\/"",""props"":{""eparhia"":null,""mitropolia"":null,""boss"":null,""type"":""Монастыри Православной Церкви Молдовы"",""founded"":""1798""}}"
"{""name"":""Рижский Сергиев во имя Святой Троицы женский монастырь Рижской епархии"",""lat"":""56.963957303871"",""long"":""24.147653169312"",""img"":""\/upload\/iblock\/9e9\/0_1568373399_baznica_182.jpg"",""distance"":922,""url"":""\/monastyri\/monastery\/rizhskiy-sergiev-vo-imya-svyatoy-troitsy-zhenskiy-monastyr-rizhskoy-eparkhii\/"",""props"":{""eparhia"":null,""mitropolia"":null,""boss"":null,""type"":""Монастыри Латвийской Православной Церкви "",""founded"":""1892""}}"
"{""name"":""Ризоположенский женский монастырь города Суздаля"",""lat"":""56.424247177602"",""long"":""40.446903160049"",""img"":""\/upload\/iblock\/c1f\/c1f135e5d8f55a6b102e9d68bd1871d5\/HMsvuRlB0cM.jpg"",""distance"":140,""url"":""\/monastyri\/monastery\/rizopolozhenskiy-zhenskiy-monastyr-goroda-suzdalya\/"",""props"":{""eparhia"":null,""mitropolia"":null,""boss"":null,""type"":""Епархиальные монастыри Русской Православной Церкви"",""founded"":""1207""}}"
"{""name"":""Ризоположенский  женский монастырь в с. Люк"",""lat"":""56.913904448514"",""long"":""52.7931859021"",""img"":""\/upload\/iblock\/599\/monasheskaya_obshchina_rizopolozheniya_s._lyuk.jpg"",""distance"":873,""url"":""\/monastyri\/monastery\/rizopolozhenskiy-zhenskiy-monastyr-v-s-lyuk\/"",""props"":{""eparhia"":null,""mitropolia"":null,""boss"":null,""type"":""Епархиальные монастыри Русской Православной Церкви"",""founded"":""2016""}}"
"{""name"":""Рождества Богородицы (Глинская пустынь) ставропигиальный мужской монастырь Киевской епархии"",""lat"":""51.600421463427"",""long"":""34.079113777771"",""img"":""\/upload\/iblock\/a33\/oo7m0k9lry1igxr83cgsa8li6ahmvrr2\/00.jpg"",""distance"":540,""url"":""\/monastyri\/monastery\/rozhdestva-bogoroditsy-glinskaya-pustyn-stavropigialnyy-muzhskoy-monastyr-kievskoy-eparkhii\/"",""props"":{""eparhia"":null,""mitropolia"":null,""boss"":null,""type"":""Монастыри УПЦ МП"",""founded"":""""}}"
"{""name"":""Рождества Богородицы Анастасов мужской монастырь"",""lat"":""53.944973554653"",""long"":""36.715485187805"",""img"":""\/upload\/iblock\/122\/12258d62796339815329efbba1bc03c6\/111.jpg"",""distance"":225,""url"":""\/monastyri\/monastery\/rozhdestva-bogoroditsy-anastasov-muzhskoy-monastyr\/"",""props"":{""eparhia"":null,""mitropolia"":null,""boss"":null,""type"":""Епархиальные монастыри Русской Православной Церкви"",""founded"":""16""}}"
"{""name"":""Свято-Рождества Богородицы Городищенский мужской монастырь Шепетовской епархии"",""lat"":""50.123736"",""long"":""27.069293"",""img"":""\/upload\/iblock\/6cc\/oi2y6b2c0s1jrpl4r3gx4o0g06nsb7bs\/ujhjlbotycrbq.jpg"",""distance"":994,""url"":""\/monastyri\/monastery\/svyato-rozhdestva-bogoroditsy-gorodishchenskiy-muzhskoy-monastyr-shepetovskoy-eparkhii\/"",""props"":{""eparhia"":null,""mitropolia"":null,""boss"":null,""type"":""Монастыри УПЦ МП"",""founded"":""1538""}}"
"{""name"":""Рождества Богородицы Десятинный мужской монастырь Киевской епархии"",""lat"":""50.458104447344"",""long"":""30.517213468262"",""img"":""\/upload\/iblock\/a02\/a6hw04r67y6qwtqvmjd63vs2ex0bilav\/11.jpg"",""distance"":794,""url"":""\/monastyri\/monastery\/rozhdestva-bogoroditsy-desyatinnyy-muzhskoy-monastyr-kievskoy-eparkhii\/"",""props"":{""eparhia"":null,""mitropolia"":null,""boss"":null,""type"":""Монастыри УПЦ МП"",""founded"":""""}}"
"{""name"":""Рождества Богородицы женский монастырь города Ростова Великого"",""lat"":""57.184882202648"",""long"":""39.420851920624"",""img"":""\/upload\/iblock\/6fe\/foto-21.jpg"",""distance"":187,""url"":""\/monastyri\/monastery\/rozhdestva-bogoroditsy-zhenskiy-monastyr-goroda-rostova-velikogo\/"",""props"":{""eparhia"":null,""mitropolia"":null,""boss"":null,""type"":""Епархиальные монастыри Русской Православной Церкви"",""founded"":""""}}"
"{""name"":""Рождества Богородицы Козельщанский женский монастырь Кременчугской епархии"",""lat"":""49.214367703899"",""long"":""33.851101488287"",""img"":""\/upload\/iblock\/9af\/0j5m1glbyfwbznf6ns56g0gx0p0et8tf\/00-_1_.jpg"",""distance"":781,""url"":""\/monastyri\/monastery\/rozhdestva-bogoroditsy-kozelshchanskiy-zhenskiy-monastyr-kremenchugskoy-eparkhii\/"",""props"":{""eparhia"":null,""mitropolia"":null,""boss"":null,""type"":""Монастыри УПЦ МП"",""founded"":""1885""}}"
"{""name"":""Рождества Богородицы Молченский Печерский женский монастырь Конотопской епархии"",""lat"":""51.325059723851"",""long"":""33.875221270212"",""img"":""\/upload\/iblock\/03a\/gruyz0dwlnmajiutgrmpdmltd2zw9h1a\/20.jpg"",""distance"":573,""url"":""\/monastyri\/monastery\/rozhdestva-bogoroditsy-molchenskiy-pecherskiy-zhenskiy-monastyr-konotopskoy-eparkhii\/"",""props"":{""eparhia"":null,""mitropolia"":null,""boss"":null,""type"":""Монастыри УПЦ МП"",""founded"":""1591""}}"
"{""name"":""Рождества Богородицы мужской монастырь Черкасской епархии"",""lat"":""49.42078035371"",""long"":""32.090354777877"",""img"":""\/upload\/iblock\/786\/g2ox3kndpmqkqk54zqd22mxp3oizpavx\/00.jpg"",""distance"":820,""url"":""\/monastyri\/monastery\/rozhdestva-bogoroditsy-muzhskoy-monastyr-cherkasskoy-eparkhii\/"",""props"":{""eparhia"":null,""mitropolia"":null,""boss"":null,""type"":""Монастыри УПЦ МП"",""founded"":""2002""}}"
"{""name"":""Рождества Христова Свято-Лаврентьев мужской монастырь города Калуги"",""lat"":""54.535079798804"",""long"":""36.245237741935"",""img"":""\/upload\/iblock\/ca7\/ca7103d5676b06c6c835bb6478fab666\/528_0273862b.jpg"",""distance"":201,""url"":""\/monastyri\/monastery\/rozhdestva-khristova-svyato-lavrentev-muzhskoy-monastyr-goroda-kalugi\/"",""props"":{""eparhia"":null,""mitropolia"":null,""boss"":null,""type"":""Епархиальные монастыри Русской Православной Церкви"",""founded"":""1515""}}"
"{""name"":""Рождества Христова Червонский женский монастырь Житомирской епархии"",""lat"":""49.957108"",""long"":""28.881203"",""img"":""\/upload\/iblock\/1c5\/eyn16e0dtvgwiwxgd0a9dsdvuv1i3lq6\/00.jpg"",""distance"":914,""url"":""\/monastyri\/monastery\/rozhdestva-khristova-chervonskiy-zhenskiy-monastyr-zhitomirskoy-eparkhii\/"",""props"":{""eparhia"":null,""mitropolia"":null,""boss"":null,""type"":""Монастыри УПЦ МП"",""founded"":""2001""}}"
"{""name"":""Свято-Рождества-Богородичный женский монастырь Луганской епархии "",""lat"":""48.854584904793"",""long"":""39.824966666773"",""img"":""\/upload\/iblock\/748\/qvidvqahcnesvkl7eeer7p1dx58f5fsi\/kk.jpg"",""distance"":746,""url"":""\/monastyri\/monastery\/svyato-rozhdestva-bogorodichnyy-zhenskiy-monastyr-luganskoy-eparkhii-\/"",""props"":{""eparhia"":null,""mitropolia"":null,""boss"":null,""type"":""Монастыри УПЦ МП"",""founded"":""2015""}}"
"{""name"":""Свято-Рождества-Богородичный женский монастырь Хустской епархии"",""lat"":""48.277468788079"",""long"":""23.383402553789"",""img"":""\/upload\/iblock\/42d\/x8x4hdiejqjp615vay6x6wutzldcsj9k\/00.jpg"",""distance"":1330,""url"":""\/monastyri\/monastery\/svyato-rozhdestva-bogorodichnyy-zhenskiy-monastyr-khustskoy-eparkhii\/"",""props"":{""eparhia"":null,""mitropolia"":null,""boss"":null,""type"":""Монастыри УПЦ МП"",""founded"":""1925""}}"
"{""name"":""Рождественский скит - подворье АлатырскогоТроицкого мужского монастыря"",""lat"":""54.830547"",""long"":""46.460651"",""img"":""\/upload\/iblock\/b0b\/b0bb4a21d2420bdb082705a49a804d1e\/image157_800x599_.jpg"",""distance"":488,""url"":""\/monastyri\/monastery\/rozhdestvenskiy-skit-podvore-alatyrskogotroitskogo-muzhskogo-monastyrya\/"",""props"":{""eparhia"":null,""mitropolia"":null,""boss"":null,""type"":""подворье епархиального монастыря"",""founded"":""1999""}}"
"{""name"":""Рождество-Богородичный  скит Архангело-Михайловского Одесского женского монастыря Одесской епархии"",""lat"":""46.926145005307"",""long"":""30.416727704764"",""img"":""\/upload\/iblock\/e7a\/qtsh5ugxybb4uhytut08yjh2vgv7zo4k\/2._Monakhini_u_khrama.jpg"",""distance"":1122,""url"":""\/monastyri\/monastery\/rozhdestvo-bogorodichnyy-skit-arkhangelo-mikhaylovskogo-odesskogo-zhenskogo-monastyrya-odesskoy-epar\/"",""props"":{""eparhia"":null,""mitropolia"":null,""boss"":null,""type"":""скит епархиального монастыря"",""founded"":""1997""}}"
"{""name"":""Свято-Рождество-Богородичный женский монастырь в с. Александровка Одесской епархии"",""lat"":""45.886480264559"",""long"":""28.963951448907"",""img"":""\/upload\/iblock\/740\/3utvs14dhqg6vwg9t0hkt4tcq4tmvudl\/26221723697_57cfe71da4_b.jpg"",""distance"":1277,""url"":""\/monastyri\/monastery\/svyato-rozhdestvo-bogorodichnyy-zhenskiy-monastyr-v-s-aleksandrovka-odesskoy-eparkhii\/"",""props"":{""eparhia"":null,""mitropolia"":null,""boss"":null,""type"":""Монастыри УПЦ МП"",""founded"":""1925""}}"
"{""name"":""Свято-Рождество-Богородичный женский монастырь, г. Брест Брестской епархии"",""lat"":""52.07652305878"",""long"":""23.657544981476"",""img"":""\/upload\/iblock\/99a\/99ab63cfe19ffdf982e47345149d8bdc\/img_7907.jpg"",""distance"":1068,""url"":""\/monastyri\/monastery\/svyato-rozhdestvo-bogorodichnyy-zhenskiy-monastyr-g-brest-brestskoy-eparkhii\/"",""props"":{""eparhia"":null,""mitropolia"":null,""boss"":null,""type"":""Монастыри Белорусской Православной Церкви"",""founded"":""2001""}}"
"{""name"":""Свято-Рождество-Богородичный митрополичий женский монастырь в г. Гродно"",""lat"":""53.677026853934"",""long"":""23.826643982803"",""img"":""\/upload\/iblock\/2e0\/2e0dc2665adab72d9cbfe2aee82542cf\/1.jpg"",""distance"":989,""url"":""\/monastyri\/monastery\/svyato-rozhdestvo-bogorodichnyy-stavropigialnyy-zhenskiy-monastyr-v-g-grodno\/"",""props"":{""eparhia"":null,""mitropolia"":null,""boss"":null,""type"":""Монастыри Белорусской Православной Церкви"",""founded"":""""}}"
"{""name"":""Рождество-Богородичный Санаксарский мужской монастырь"",""lat"":""54.653540048127"",""long"":""43.165161093254"",""img"":""\/upload\/iblock\/1ef\/1efc4d6f54b568923c54f0c7d3d0be26\/pp.jpg"",""distance"":290,""url"":""\/monastyri\/monastery\/rozhdestvo-bogorodichnyy-sanaksarskiy-muzhskoy-monastyr\/"",""props"":{""eparhia"":null,""mitropolia"":null,""boss"":null,""type"":""Епархиальные монастыри Русской Православной Церкви"",""founded"":""1659""}}"
"{""name"":""Свято-Рождество-Богородичный Юровичский мужской монастырь  Туровской епархии"",""lat"":""51.942022"",""long"":""29.532536"",""img"":""\/upload\/iblock\/c77\/c77637c21f465704cc2ddc81ae6e70e1\/d7c1d1d103a62c7ea5b6ee8674ac32c6.jpg"",""distance"":732,""url"":""\/monastyri\/monastery\/svyato-rozhdestvo-bogorodichnyy-yurovichskiy-muzhskoy-monastyr-turovskoy-eparkhii\/"",""props"":{""eparhia"":null,""mitropolia"":null,""boss"":null,""type"":""Монастыри Белорусской Православной Церкви"",""founded"":""""}}"
"{""name"":""Русский Спасо-Вознесенский женский монастырь на святой горе Елеон"",""lat"":""31.781195589295"",""long"":""35.221787389532"",""img"":""\/upload\/iblock\/da6\/vw0q18clfx0d5oq59xxg4fl5gbeewown\/1.jpg"",""distance"":2657,""url"":""\/monastyri\/monastery\/russkiy-spaso-voznesenskiy-zhenskiy-monastyr-na-svyatoy-gore-eleon\/"",""props"":{""eparhia"":null,""mitropolia"":null,""boss"":null,""type"":""Монастыри РПЦЗ"",""founded"":""1906""}}"
"{""name"":""Рыльский Свято-Николаевский мужской монастырь"",""lat"":""51.584604986011"",""long"":""34.693935171966"",""img"":""\/upload\/iblock\/277\/277a00a792a22ba1abcbdd67f7e8a420\/11.jpg"",""distance"":519,""url"":""\/monastyri\/monastery\/rylskiy-svyato-nikolaevskiy-muzhskoy-monastyr\/"",""props"":{""eparhia"":null,""mitropolia"":null,""boss"":null,""type"":""Епархиальные монастыри Русской Православной Церкви"",""founded"":""1505""}}"
"{""name"":""Рязанский Казанский женский монастырь"",""lat"":""54.631777"",""long"":""39.76309"",""img"":""\/upload\/iblock\/7ca\/7ca2ad64af7c24b93d512683d9f39bb1\/5DjjSzr_G2E.jpg"",""distance"":115,""url"":""\/monastyri\/monastery\/rzanskiy-kazanskiy-zhenskiy-monastyr\/"",""props"":{""eparhia"":null,""mitropolia"":null,""boss"":null,""type"":""Епархиальные монастыри Русской Православной Церкви"",""founded"":""""}}"
"{""name"":""Рязанский Спасо-Преображенский мужской монастырь"",""lat"":""54.635221084457"",""long"":""39.749684847885"",""img"":""\/upload\/iblock\/681\/681c1ae2711c7d952b4222adffec850c\/spas.jpg"",""distance"":115,""url"":""\/monastyri\/monastery\/ryazanskiy-spaso-preobrazhenskiy-muzhskoy-monastyr\/"",""props"":{""eparhia"":null,""mitropolia"":null,""boss"":null,""type"":""Епархиальные монастыри Русской Православной Церкви"",""founded"":""""}}"
"{""name"":""Рязанский Троицкий монастырь"",""lat"":""54.634312632873"",""long"":""39.699789531738"",""img"":""\/upload\/iblock\/46e\/46e80e7eb7194ff6922f8fbae9d16548\/Screenshot_2018_11_13-Svyato_Troitskiy-muzhskoy-monastyr-goroda-Ryazani.png"",""distance"":113,""url"":""\/monastyri\/monastery\/ryazanskiy-troitskiy-monastyr\/"",""props"":{""eparhia"":null,""mitropolia"":null,""boss"":null,""type"":""Епархиальные монастыри Русской Православной Церкви"",""founded"":""""}}"
"{""name"":""Рязанское подворье Иоанно-Богословского монастыря"",""lat"":""54.630028630415"",""long"":""39.734903269176"",""img"":""\/upload\/iblock\/0ba\/0ba9e73ee5f3d33d4138fb2f4ee0bdca\/podvor.jpg"",""distance"":115,""url"":""\/monastyri\/monastery\/ryazanskoe-podvore-ioanno-bogoslovskogo-monastyrya\/"",""props"":{""eparhia"":null,""mitropolia"":null,""boss"":null,""type"":""подворье епархиального монастыря"",""founded"":""2006""}}"
"{""name"":""Саввино-Сторожевский ставропигиальный мужской монастырь"",""lat"":""55.728561128303"",""long"":""36.816932094858"",""img"":""\/upload\/iblock\/c24\/monasterium.ru_savvastor_00.jpg"",""distance"":132,""url"":""\/monastyri\/monastery\/savvino-storozhevskiy-stavropigialnyy-muzhskoy-monastyr\/"",""props"":{""eparhia"":null,""mitropolia"":null,""boss"":null,""type"":""Ставропигиальные монастыри Русской Православной Церкви"",""founded"":""1398""}}"
"{""name"":""Самарский Свято-Николаевский пустынный мужской монастырь Днепропетровской епархии"",""lat"":""48.631171"",""long"":""35.285683"",""img"":""\/upload\/iblock\/4e9\/yg0cp0zi0pfrbohnu02jrkiq1axuftv0\/02.jpg"",""distance"":806,""url"":""\/monastyri\/monastery\/samarskiy-svyato-nikolaevskiy-pustynnyy-muzhskoy-monastyr-dnepropetrovskoy-eparkhii\/"",""props"":{""eparhia"":null,""mitropolia"":null,""boss"":null,""type"":""Монастыри УПЦ МП"",""founded"":""1602""}}"
"{""name"":""Самарское подворье Заволжского мужского монастыря в честь Честного и Животворящего Креста Господня"",""lat"":""53.207346917704"",""long"":""50.190492211639"",""img"":""\/upload\/iblock\/727\/7278b5709ca51a11952b9e32e800c2b6\/x_d02bec97.jpg"",""distance"":777,""url"":""\/monastyri\/monastery\/samarskoe-podvore-zavolzhskogo-muzhskogo-monastyrya-v-chest-chestnogo-i-zhivotvoryashchego-kresta-go\/"",""props"":{""eparhia"":null,""mitropolia"":null,""boss"":null,""type"":""подворье епархиального монастыря"",""founded"":""2007""}}"
"{""name"":""Саратовский Свято-Алексиевский женский монастырь"",""lat"":""51.559698118491"",""long"":""45.98056432209"",""img"":""\/upload\/iblock\/691\/6911ff7c791f70ccd1e54193bb65275c\/z_b0a5d61c.jpg"",""distance"":644,""url"":""\/monastyri\/monastery\/saratovskiy-svyato-aleksievskiy-zhenskiy-monastyr\/"",""props"":{""eparhia"":null,""mitropolia"":null,""boss"":null,""type"":""Епархиальные монастыри Русской Православной Церкви"",""founded"":""1850""}}"
"{""name"":""Саратовский Свято-Никольский мужской монастырь"",""lat"":""51.518038513769"",""long"":""45.991431559525"",""img"":""\/upload\/iblock\/1da\/1da60482b6dbc0193c803f5bfdc44959\/Eb9QtJ9bW8c.jpg"",""distance"":648,""url"":""\/monastyri\/monastery\/saratovskiy-svyato-nikolskiy-muzhskoy-monastyr\/"",""props"":{""eparhia"":null,""mitropolia"":null,""boss"":null,""type"":""Епархиальные монастыри Русской Православной Церкви"",""founded"":""""}}"
"{""name"":""Саратовский Спасо-Преображенский мужской монастырь "",""lat"":""51.556134224341"",""long"":""45.993754246033"",""img"":""\/upload\/iblock\/6eb\/6eb8ff964ea8750fa99109112a09462f\/1.JPG"",""distance"":645,""url"":""\/monastyri\/monastery\/saratovskiy-spaso-preobrazhenskiy-muzhskoy-monastyr-\/"",""props"":{""eparhia"":null,""mitropolia"":null,""boss"":null,""type"":""Епархиальные монастыри Русской Православной Церкви"",""founded"":""1814""}}"
"{""name"":""Сарсинский Боголюбский женский монастырь"",""lat"":""56.234376966107"",""long"":""57.983604646102"",""img"":""\/upload\/iblock\/f0c\/4uj7fgp5t9y.jpg"",""distance"":1191,""url"":""\/monastyri\/monastery\/sarsinskiy-bogolyubskiy-zhenskiy-monastyr\/"",""props"":{""eparhia"":null,""mitropolia"":null,""boss"":null,""type"":""Епархиальные монастыри Русской Православной Церкви"",""founded"":""1896""}}"
"{""name"":""Свенский Успенский мужской монастырь п. Супонево"",""lat"":""53.205529733368"",""long"":""34.328363975048"",""img"":""\/upload\/iblock\/92d\/92d0405b7e7938e1a1298aa1ed7d12e8\/20120515143901.jpg"",""distance"":392,""url"":""\/monastyri\/monastery\/svenskiy-uspenskiy-muzhskoy-monastyr-p-suponevo\/"",""props"":{""eparhia"":null,""mitropolia"":null,""boss"":null,""type"":""Епархиальные монастыри Русской Православной Церкви"",""founded"":""1288""}}"
"{""name"":""Свияжский Богородице-Успенский мужской монастырь "",""lat"":""55.770309549577"",""long"":""48.653252178543"",""img"":""\/upload\/iblock\/af1\/3kn9xpyz2s09hyq7h004qaeun6hxr99f\/DJI_0200_690.jpg"",""distance"":614,""url"":""\/monastyri\/monastery\/sviyazhskiy-bogoroditse-uspenskiy-muzhskoy-monastyr-\/"",""props"":{""eparhia"":null,""mitropolia"":null,""boss"":null,""type"":""Епархиальные монастыри Русской Православной Церкви"",""founded"":""1555""}}"
"{""name"":""Свято - Георгиевский женский монастырь близ станицы Ессентукской"",""lat"":""44.027710205536"",""long"":""42.81273661377"",""img"":""\/upload\/iblock\/415\/415f6a8762d898bc04ee867eeb19d276\/243400.p.jpg"",""distance"":1310,""url"":""\/monastyri\/monastery\/svyato-georgievskiy-zhenskiy-monastyr-bliz-stanitsy-essentukskoy\/"",""props"":{""eparhia"":null,""mitropolia"":null,""boss"":null,""type"":""Епархиальные монастыри Русской Православной Церкви"",""founded"":""2006""}}"
"{""name"":""Свято - Троицкий Чуфаровский  мужской монастырь"",""lat"":""54.422623892596"",""long"":""45.518750454414"",""img"":""\/upload\/iblock\/0b6\/0b6c4ad18d8ac4ff182b31f5145e44e3\/20140615_065805_1024x505.jpg"",""distance"":442,""url"":""\/monastyri\/monastery\/svyato-troitskiy-chufarovskiy-muzhskoy-monastyr\/"",""props"":{""eparhia"":null,""mitropolia"":null,""boss"":null,""type"":""Епархиальные монастыри Русской Православной Церкви"",""founded"":""1885""}}"
"{""name"":""Свято - Успенский скит в с. Серебряно, подворье Казанского Девичьего монастыря в г. Калуге "",""lat"":""54.336530492788"",""long"":""35.254126837683"",""img"":""\/upload\/iblock\/39e\/39e35c3cd9892c6a122d37d4000b561a\/Serebr_mon2019.jpg"",""distance"":267,""url"":""\/monastyri\/monastery\/svyato-uspenskiy-skit-v-s-serebryano-podvore-kazanskogo-devichego-monastyrya-v-g-kaluge-\/"",""props"":{""eparhia"":null,""mitropolia"":null,""boss"":null,""type"":""подворье епархиального монастыря"",""founded"":""2017""}}"
"{""name"":""Свято-Архангельский монастырь Чикагской и Средне-Американской епархии"",""lat"":""38.40793477665"",""long"":""-90.570119386619"",""img"":""\/upload\/iblock\/772\/ai9fmfya8j2gugr09vmn3pgeimks9d7a\/IMG_3331.jpg"",""distance"":8527,""url"":""\/monastyri\/monastery\/svyato-arkhangelskiy-monastyr-chikagskoy-i-sredne-amerikanskoy-eparkhii\/"",""props"":{""eparhia"":null,""mitropolia"":null,""boss"":null,""type"":""Монастыри РПЦЗ"",""founded"":""""}}"
"{""name"":""Свято-Афанасьевский мужской монастырь, г. Брест, Брестской епархии"",""lat"":""52.057375854153"",""long"":""23.699278162704"",""img"":""\/upload\/iblock\/99f\/99f3a7137807c00fcde603c9bf9d6b12\/32b8db9257d9a87d3c199f6afe0ee982.jpg"",""distance"":1067,""url"":""\/monastyri\/monastery\/svyato-afanasevskiy-muzhskoy-monastyr-g-brest-brestskoy-eparkhii\/"",""props"":{""eparhia"":null,""mitropolia"":null,""boss"":null,""type"":""Монастыри Белорусской Православной Церкви"",""founded"":""1996""}}"
"{""name"":""Свято-Богородичный Казанский мужской монастырь с. Винновка "",""lat"":""53.187940493337"",""long"":""49.688101728836"",""img"":""\/upload\/iblock\/f5c\/f5cfa580541d79560419a4a95a963717\/22_big.jpg"",""distance"":747,""url"":""\/monastyri\/monastery\/svyato-bogorodichnyy-kazanskiy-muzhskoy-monastyr-s-vinnovka-\/"",""props"":{""eparhia"":null,""mitropolia"":null,""boss"":null,""type"":""Епархиальные монастыри Русской Православной Церкви"",""founded"":""2006""}}"
"{""name"":""Свято-Введенский Макарьевский Жабынский мужской монастырь"",""lat"":""53.849188991824"",""long"":""36.206707960943"",""img"":""\/upload\/iblock\/999\/9993f564a893a8289a5ffeaa6f2197b4\/okkk.jpg"",""distance"":254,""url"":""\/monastyri\/monastery\/svyato-vvedenskiy-makarevskiy-zhabynskiy-muzhskoy-monastyr\/"",""props"":{""eparhia"":null,""mitropolia"":null,""boss"":null,""type"":""Епархиальные монастыри Русской Православной Церкви"",""founded"":""1585""}}"
"{""name"":""Свято-Владимирский мужской монастырь на истоке Днепра"",""lat"":""55.778744005218"",""long"":""33.982866885643"",""img"":""\/upload\/iblock\/aa7\/aa7553e997509cd7623372f3328d60c9\/1.jpg"",""distance"":309,""url"":""\/monastyri\/monastery\/svyato-vladimirskiy-muzhskoy-monastyr-na-istoke-dnepra\/"",""props"":{""eparhia"":null,""mitropolia"":null,""boss"":null,""type"":""Епархиальные монастыри Русской Православной Церкви"",""founded"":""2016""}}"
"{""name"":""Свято-Вознесенский мужской монастырь Восточно-Американской епархии"",""lat"":""34.580818806435"",""long"":""-84.942254428558"",""img"":""\/upload\/iblock\/645\/z8mldqnz85yiiiw1mivbor2nciwezty8\/resaca.jpg"",""distance"":8669,""url"":""\/monastyri\/monastery\/svyato-voznesenskiy-muzhskoy-monastyr-vostochno-amerikanskoy-eparkhii\/"",""props"":{""eparhia"":null,""mitropolia"":null,""boss"":null,""type"":""Монастыри РПЦЗ"",""founded"":""""}}"
"{""name"":""Свято-Воскресенский женский скит  монастыря в честь Святых Царственных страстотерпцев Белоцерковской епархии"",""lat"":""49.518023"",""long"":""30.615413"",""img"":""\/upload\/iblock\/e80\/ts3gs70343g031bhxmqltekxdmafyjcu\/00.jpg"",""distance"":871,""url"":""\/monastyri\/monastery\/svyato-voskresenskiy-zhenskiy-skit-monastyrya-v-chest-svyatykh-tsarstvennykh-strastoterptsev-belotse\/"",""props"":{""eparhia"":null,""mitropolia"":null,""boss"":null,""type"":""скит епархиального монастыря"",""founded"":""2008""}}"
"{""name"":""Свято-Воскресенский мужской монастырь г.Самара "",""lat"":""53.232195261965"",""long"":""50.244290009262"",""img"":""\/upload\/iblock\/cb2\/cb21e23d5e6e58cad28ac7bea186f21d\/111.jpg"",""distance"":779,""url"":""\/monastyri\/monastery\/svyato-voskresenskiy-muzhskoy-monastyr-g-samara-\/"",""props"":{""eparhia"":null,""mitropolia"":null,""boss"":null,""type"":""Епархиальные монастыри Русской Православной Церкви"",""founded"":""1992""}}"
"{""name"":""Свято-Донской Старочеркасский мужской монастырь"",""lat"":""47.236819859113"",""long"":""40.043218632294"",""img"":""\/upload\/iblock\/f11\/f11d2f8f3493df6d038ff5a35ea12940\/1.jpg"",""distance"":926,""url"":""\/monastyri\/monastery\/svyato-donskoy-starocherkasskiy-muzhskoy-monastyr\/"",""props"":{""eparhia"":null,""mitropolia"":null,""boss"":null,""type"":""Епархиальные монастыри Русской Православной Церкви"",""founded"":""1836""}}"
"{""name"":""Свято-Духов женский монастырь, г. Витебск, Витебской епархии."",""lat"":""55.194928960656"",""long"":""30.201905347885"",""img"":""\/upload\/iblock\/1e0\/1e0ef4e6819f735c1eac80373576fcb2\/33873e566d48bfac4105a177a6e6923a.jpg"",""distance"":550,""url"":""\/monastyri\/monastery\/svyato-dukhov-zhenskiy-monastyr-g-vitebsk\/"",""props"":{""eparhia"":null,""mitropolia"":null,""boss"":null,""type"":""Монастыри Белорусской Православной Церкви"",""founded"":""1345""}}"
"{""name"":""Свято-Духов Иаковлев Боровичский мужской монастырь"",""lat"":""58.393467697021"",""long"":""33.897600576057"",""img"":""\/upload\/iblock\/de1\/de1bf866b0a1024bff23b1e5ddfefebb\/ooooooooooooooooooo.jpg"",""distance"":439,""url"":""\/monastyri\/monastery\/svyato-dukhov-iakovlev-borovichskiy-muzhskoy-monastyr\/"",""props"":{""eparhia"":null,""mitropolia"":null,""boss"":null,""type"":""Епархиальные монастыри Русской Православной Церкви"",""founded"":""1327""}}"
"{""name"":""Свято-Духов мужской монастырь в с. Задушное"",""lat"":""52.981610507691"",""long"":""36.984801164048"",""img"":""\/upload\/iblock\/733\/733e12c1561a8287c0675f2254b6ec29\/1.jpg"",""distance"":309,""url"":""\/monastyri\/monastery\/svyato-dukhov-muzhskoy-monastyr-v-s-zadushnoe\/"",""props"":{""eparhia"":null,""mitropolia"":null,""boss"":null,""type"":""Епархиальные монастыри Русской Православной Церкви"",""founded"":""1113""}}"
"{""name"":""Свято-Духов мужской монастырь г. Тимашевска"",""lat"":""45.601244640335"",""long"":""38.954443261238"",""img"":""\/upload\/iblock\/6a9\/6a934921da6972cbb0d99cf0eec73e0a\/jk.jpg"",""distance"":1105,""url"":""\/monastyri\/monastery\/svyato-dukhov-muzhskoy-monastyr-g-timashevska\/"",""props"":{""eparhia"":null,""mitropolia"":null,""boss"":null,""type"":""Епархиальные монастыри Русской Православной Церкви"",""founded"":""1992""}}"
"{""name"":""Свято-Духов скит Успенской Почаевской лавры"",""lat"":""49.995354"",""long"":""25.543567"",""img"":""\/upload\/iblock\/48e\/7kxor23u598zh52x2v5ofkkj5kj30s3m\/pochaev22.jpg"",""distance"":1086,""url"":""\/monastyri\/monastery\/svyato-dukhov-skit-uspenskoy-pochaevskoy-lavry\/"",""props"":{""eparhia"":null,""mitropolia"":null,""boss"":null,""type"":""скит епархиального монастыря"",""founded"":""1901""}}"
"{""name"":""Свято-Духовский мужской монастырь Днепропетровской епархии"",""lat"":""48.404740740117"",""long"":""34.952242383064"",""img"":""\/upload\/iblock\/d97\/6qdb98aujy4vyuq331018i3u4nrftsgg\/00-_1_.jpg"",""distance"":837,""url"":""\/monastyri\/monastery\/svyato-dukhovskiy-muzhskoy-monastyr-dnepropetrovskoy-eparkhii\/"",""props"":{""eparhia"":null,""mitropolia"":null,""boss"":null,""type"":""Монастыри УПЦ МП"",""founded"":""2017""}}"
"{""name"":""Свято-Елисаветинский женский монастырь   "",""lat"":""54.985619240606"",""long"":""21.761768113892"",""img"":""\/upload\/iblock\/c72\/c7271b17c3728be83c2e0b28e7a3a183\/a.jpg"",""distance"":1084,""url"":""\/monastyri\/monastery\/svyato-elisavetinskiy-zhenskiy-monastyr-\/"",""props"":{""eparhia"":null,""mitropolia"":null,""boss"":null,""type"":""Епархиальные монастыри Русской Православной Церкви"",""founded"":""2001""}}"
"{""name"":""Свято-Иверский женский монастырь г. Ростова-на-Дону"",""lat"":""47.281423985286"",""long"":""39.697059833344"",""img"":""\/upload\/iblock\/c44\/c44a8b46b5b9de8c6dfa43ea0a49f832\/4.png"",""distance"":920,""url"":""\/monastyri\/monastery\/svyato-iverskiy-zhenskiy-monastyr-g-rostova-na-donu\/"",""props"":{""eparhia"":null,""mitropolia"":null,""boss"":null,""type"":""Епархиальные монастыри Русской Православной Церкви"",""founded"":""1903""}}"
"{""name"":""Свято-Казанский женский монастырь  с. Папоротка"",""lat"":""53.631598506543"",""long"":""38.351318534424"",""img"":""\/upload\/iblock\/75a\/75ad1450091a2af3cc5d53a0801a9e69\/005.JPG"",""distance"":214,""url"":""\/monastyri\/monastery\/svyato-kazanskiy-zhenskiy-monastyr-s-paporotka\/"",""props"":{""eparhia"":null,""mitropolia"":null,""boss"":null,""type"":""Епархиальные монастыри Русской Православной Церкви"",""founded"":""2001""}}"
"{""name"":""Свято-Казанский женский монастырь с. Колюпаново"",""lat"":""54.477048933935"",""long"":""37.074093773819"",""img"":""\/upload\/iblock\/301\/30154b8a89ab77feddd16265bca1a62a\/1.jpg"",""distance"":165,""url"":""\/monastyri\/monastery\/svyato-kazanskiy-zhenskiy-monastyr-s-kolyupanovo\/"",""props"":{""eparhia"":null,""mitropolia"":null,""boss"":null,""type"":""Епархиальные монастыри Русской Православной Церкви"",""founded"":""1995""}}"
"{""name"":""Свято-Казанский скит Мстёрского Богоявленского мужского монастыря урочища Акиньшино"",""lat"":""56.356543826121"",""long"":""41.864988336216"",""img"":""\/upload\/iblock\/6b9\/6b93a8a48ca5eaccbb3edc940ba73d49\/2.jpg"",""distance"":208,""url"":""\/monastyri\/monastery\/svyato-kazanskiy-skit-mstyerskogo-bogoyavlenskogo-muzhskogo-monastyrya-urochishcha-akinshino\/"",""props"":{""eparhia"":null,""mitropolia"":null,""boss"":null,""type"":""скит епархиального монастыря"",""founded"":""2001""}}"
"{""name"":""Женский монастырь в честь блаженной Ксении Петербургской в д. Барань Борисовской епархии"",""lat"":""54.494742492344"",""long"":""28.68241128336"",""img"":""\/upload\/iblock\/2c3\/2c35e96d6e0615ffd3dfd8ee49c9ff40\/3b66267d759c692cbd2a283b162e6b0e.jpg"",""distance"":660,""url"":""\/monastyri\/monastery\/zhenskiy-monastyr-v-chest-blazhennoy-ksenii-peterburgskoy-v-d-baran-borisovskoy-eparkhii\/"",""props"":{""eparhia"":null,""mitropolia"":null,""boss"":null,""type"":""Монастыри Белорусской Православной Церкви"",""founded"":""2002""}}"
"{""name"":""Свято-Михайло-Афонская Закубанская общежительная Пустынь - мужской монастырь по.Победа"",""lat"":""44.290502144852"",""long"":""40.318088701772"",""img"":""\/upload\/iblock\/02a\/02a9a8f68b460ddac547a5c5bb0d3b30\/hram_uspeniya_bogoroditsy_11big.jpg"",""distance"":1255,""url"":""\/monastyri\/monastery\/svyato-mikhaylo-afonskaya-zakubanskaya-obshchezhitelnaya-pustyn-muzhskoy-monastyr-po-pobeda\/"",""props"":{""eparhia"":null,""mitropolia"":null,""boss"":null,""type"":""Епархиальные монастыри Русской Православной Церкви"",""founded"":""1877""}}"
"{""name"":""Свято-Никитский скит Пафнутьев-Боровского"",""lat"":""55.120745"",""long"":""36.351426"",""img"":""\/upload\/iblock\/7f6\/53r7kv41ep02ghs63lfnhrsumr77s4sd\/408_0300936b.jpg"",""distance"":167,""url"":""\/monastyri\/monastery\/svyato-nikitskiy-skit-pafnutev-borovskogo\/"",""props"":{""eparhia"":null,""mitropolia"":null,""boss"":null,""type"":""скит епархиального монастыря"",""founded"":""2011""}}"
"{""name"":""Свято-Николаевский женский монастырь в с. Покровка"",""lat"":""51.997768"",""long"":""53.892809"",""img"":""\/upload\/iblock\/07a\/07a68bbb36b693ed469485c11f31e0b6\/1000_865_e3c8bcabf26758d689b582b67ad8.jpg"",""distance"":1060,""url"":""\/monastyri\/monastery\/svyato-nikolaevskiy-zhenskiy-monastyr-v-s-pokrovka\/"",""props"":{""eparhia"":null,""mitropolia"":null,""boss"":null,""type"":""Епархиальные монастыри Русской Православной Церкви"",""founded"":""1896""}}"
"{""name"":""Свято-Николаевский женский монастырь г. Туринска"",""lat"":""58.057339866263"",""long"":""63.69260164418"",""img"":""\/upload\/iblock\/0e5\/0e5ac36c6ed6a6d31281232f2fc0687b\/4.jpg"",""distance"":1529,""url"":""\/monastyri\/monastery\/svyato-nikolaevskiy-zhenskiy-monastyr-g-turinska\/"",""props"":{""eparhia"":null,""mitropolia"":null,""boss"":null,""type"":""Епархиальные монастыри Русской Православной Церкви"",""founded"":""1624""}}"
"{""name"":""Свято-Николаевский скит  во Фрихолде  Восточно-Американской епархии"",""lat"":""40.261051522638"",""long"":""-74.263495099167"",""img"":""\/upload\/iblock\/fc0\/8x9geofn6ust3ubcin9xo8gh7699t2yz\/ed2hp485p3dtmzqj8biva59uuforqqjj.jpg"",""distance"":7641,""url"":""\/monastyri\/monastery\/svyato-nikolaevskiy-skit-vo-frikholde-vostochno-amerikanskoy-eparkhii\/"",""props"":{""eparhia"":null,""mitropolia"":null,""boss"":null,""type"":""Монастыри РПЦЗ"",""founded"":""""}}"
"{""name"":""Свято-Никольский женский монастырь с. Венев"",""lat"":""54.337449754486"",""long"":""38.03503131485"",""img"":""\/upload\/iblock\/675\/Vneshniy-vid-monastyrya-.JPG"",""distance"":144,""url"":""\/monastyri\/monastery\/svyato-nikolskiy-zhenskiy-monastyr-s-venev\/"",""props"":{""eparhia"":null,""mitropolia"":null,""boss"":null,""type"":""Епархиальные монастыри Русской Православной Церкви"",""founded"":""13""}}"
"{""name"":""Свято-Никольский скит Нило-Столобенской пустыни"",""lat"":""57.552880735126"",""long"":""33.52232312531"",""img"":""\/upload\/iblock\/718\/7189e139e5b1acc2180e3da27badecf4\/jabny.jpg"",""distance"":398,""url"":""\/monastyri\/monastery\/svyato-nikolskiy-skit-nilo-stolobenskoy-pustyni\/"",""props"":{""eparhia"":null,""mitropolia"":null,""boss"":null,""type"":""скит епархиального монастыря"",""founded"":""2006""}}"
"{""name"":""Свято-Никольский скит Серафимо - Дивеевского монастыря в селе Автодеево"",""lat"":""55.179901369399"",""long"":""43.107253285311"",""img"":""\/upload\/iblock\/0cf\/avtodeevo.jpg"",""distance"":271,""url"":""\/monastyri\/monastery\/svyato-nikolskiy-skit-serafimo-diveevskogo-monastyrya-v-sele-avtodeevo\/"",""props"":{""eparhia"":null,""mitropolia"":null,""boss"":null,""type"":""скит епархиального монастыря"",""founded"":""""}}"
"{""name"":""Свято-Пантелеимонов мужской монастырь г. Петропавловск-Камчатский"",""lat"":""53.031650638456"",""long"":""158.63482249766"",""img"":""\/upload\/iblock\/d5c\/d5c47dadbed248ba5966ae03c092ceea\/eW2fAxtEgzI.jpg"",""distance"":6747,""url"":""\/monastyri\/monastery\/svyato-panteleimonov-muzhskoy-monastyr-g-petropavlovsk-kamchatskiy\/"",""props"":{""eparhia"":null,""mitropolia"":null,""boss"":null,""type"":""Епархиальные монастыри Русской Православной Церкви"",""founded"":""2000""}}"
"{""name"":""Свято-Пантелеимоновский женский монастырь, г. Краснотурьинск"",""lat"":""59.773789850556"",""long"":""60.221705556263"",""img"":""\/upload\/iblock\/bd0\/6.jpg"",""distance"":1348,""url"":""\/monastyri\/monastery\/svyato-panteleimonovskiy-zhenskiy-monastyr-g-verkhoture\/"",""props"":{""eparhia"":null,""mitropolia"":null,""boss"":null,""type"":""Епархиальные монастыри Русской Православной Церкви"",""founded"":""1995""}}"
"{""name"":""Свято-Пантелеимоновский скит Восточно-Американской епархии"",""lat"":""26.245378431557"",""long"":""-80.183131297977"",""img"":""\/upload\/iblock\/2dc\/ycshc5dlsvt3d3oec37utwvy0ndo2gn4\/coconutcreekskete.jpg"",""distance"":9254,""url"":""\/monastyri\/monastery\/svyato-panteleimonovskiy-skit-vostochno-amerikanskoy-eparkhii\/"",""props"":{""eparhia"":null,""mitropolia"":null,""boss"":null,""type"":""Монастыри РПЦЗ"",""founded"":""""}}"
"{""name"":""Свято-Покровский женский монастырь г. Якутск"",""lat"":""62.047650696762"",""long"":""129.72332282639"",""img"":""\/upload\/iblock\/27b\/27b1d073c88a991a3e6bd3631fbffa6a\/6Z7V0065.jpg"",""distance"":4847,""url"":""\/monastyri\/monastery\/svyato-pokrovskiy-zhenskiy-monastyr-g-yakutsk\/"",""props"":{""eparhia"":null,""mitropolia"":null,""boss"":null,""type"":""Епархиальные монастыри Русской Православной Церкви"",""founded"":""1996""}}"
"{""name"":""Свято-Покровский мужской монастырь  г. Александрия  Александрийской епархии"",""lat"":""48.686998407746"",""long"":""33.118483015869"",""img"":""\/upload\/iblock\/712\/de01636eyqnamcd7zsm03h0caf97tare\/00.jpg"",""distance"":856,""url"":""\/monastyri\/monastery\/svyato-pokrovskiy-muzhskoy-monastyr-g-aleksandriya-aleksandriyskoy-eparkhii\/"",""props"":{""eparhia"":null,""mitropolia"":null,""boss"":null,""type"":""Монастыри УПЦ МП"",""founded"":""2012""}}"
"{""name"":""Свято-Покровский мужской монастырь города Корсакова"",""lat"":""46.6446515185"",""long"":""142.76589094048"",""img"":""\/upload\/iblock\/0fe\/0fea4da8d357cf7697d556c651a75001\/2.jpg"",""distance"":6627,""url"":""\/monastyri\/monastery\/svyato-pokrovskiy-muzhskoy-monastyr-goroda-korsakova\/"",""props"":{""eparhia"":null,""mitropolia"":null,""boss"":null,""type"":""Епархиальные монастыри Русской Православной Церкви"",""founded"":""1999""}}"
"{""name"":""Свято-Предтеченский Иаково-Железноборовский монастырь"",""lat"":""58.353655946494"",""long"":""41.622323954053"",""img"":""\/upload\/iblock\/f5d\/f5d94d07c994bb4cb9eef74802482006\/iakov_1smal.jpg"",""distance"":356,""url"":""\/monastyri\/monastery\/svyato-predtechenskiy-iakovo-zheleznoborovskiy-monastyr\/"",""props"":{""eparhia"":null,""mitropolia"":null,""boss"":null,""type"":""Епархиальные монастыри Русской Православной Церкви"",""founded"":""1390""}}"
"{""name"":""Свято-Преображенский мужской монастырь с. Большой Волок"",""lat"":""57.788007088811"",""long"":""83.607655564487"",""img"":""\/upload\/iblock\/5e3\/5e3c393d68b382e1d699786032a5a847\/2.jpg"",""distance"":2696,""url"":""\/monastyri\/monastery\/svyato-preobrazhenskiy-muzhskoy-monastyr-s-bolshoy-volok\/"",""props"":{""eparhia"":null,""mitropolia"":null,""boss"":null,""type"":""Епархиальные монастыри Русской Православной Церкви"",""founded"":""2000""}}"
"{""name"":""Свято-Преображенский Оковецкий скит Нило-Столобенской пустыни"",""lat"":""56.64708107906"",""long"":""33.489246102594"",""img"":""\/upload\/iblock\/c38\/c38c57249f87d9e4c7d8d5ed74665d3d\/Spaso_Preobrazhenskiy-skit-_Okovetskiy-istochnik_.png"",""distance"":357,""url"":""\/monastyri\/monastery\/svyato-preobrazhenskiy-okovetskiy-skit-nilo-stolobenskoy-pustyni\/"",""props"":{""eparhia"":null,""mitropolia"":null,""boss"":null,""type"":""скит епархиального монастыря"",""founded"":""""}}"
"{""name"":""Свято-Преображенское подворье  Данилова ставропигиального мужского монастыря в деревне Ланьшино "",""lat"":""54.849985323206"",""long"":""37.307854868599"",""img"":""\/upload\/iblock\/b37\/b374c5f5c038e4e7bf7579f251e16a6c\/dji_0087.jpg"",""distance"":126,""url"":""\/monastyri\/monastery\/svyato-preobrazhenskoe-podvore-danilova-stavropigialnogo-muzhskogo-monastyrya-v-derevne-lanshino-\/"",""props"":{""eparhia"":null,""mitropolia"":null,""boss"":null,""type"":""скит ставропигиального монастыря"",""founded"":""2007""}}"
"{""name"":""Свято-Серафимо-Покровский женский монастырь г.Ленинск-Кузнецкий "",""lat"":""54.652492802063"",""long"":""86.134230220238"",""img"":""\/upload\/iblock\/c1b\/d54vsqumfp3136fveqg75042y86njsjh\/glavnoe-foto.jpg"",""distance"":2951,""url"":""\/monastyri\/monastery\/svyato-serafimo-pokrovskiy-zhenskiy-monastyr-g-leninsk-kuznetskiy-\/"",""props"":{""eparhia"":null,""mitropolia"":null,""boss"":null,""type"":""Епархиальные монастыри Русской Православной Церкви"",""founded"":""1987""}}"
"{""name"":""Свято-Серафимовский мужской монастырь о. Русский"",""lat"":""43.043969"",""long"":""131.821436"",""img"":""\/upload\/iblock\/7f2\/7f25ed59e5615c1fb630edd33a2cd775\/1_1_.jpg"",""distance"":6363,""url"":""\/monastyri\/monastery\/svyato-serafimovskiy-muzhskoy-monastyr-o-russkiy\/"",""props"":{""eparhia"":null,""mitropolia"":null,""boss"":null,""type"":""Епархиальные монастыри Русской Православной Церкви"",""founded"":""2001""}}"
"{""name"":""Свято-Сергиевский женский монастырь в с. Алексеевка Базарно-Карабулакского района"",""lat"":""52.233027"",""long"":""46.356339"",""img"":""\/upload\/iblock\/e28\/e2808a79579fd70d08ead04f3c4f0b64\/zhzh.jpg"",""distance"":612,""url"":""\/monastyri\/monastery\/svyato-sergievskiy-zhenskiy-monastyr-v-s-alekseevka-bazarno-karabulakskogo-rayona\/"",""props"":{""eparhia"":null,""mitropolia"":null,""boss"":null,""type"":""Епархиальные монастыри Русской Православной Церкви"",""founded"":""2007""}}"
"{""name"":""Свято-Сергиевский женский монастырь г. Белебей"",""lat"":""54.111617844912"",""long"":""54.134382984131"",""img"":""\/upload\/iblock\/b8f\/b8f5f7ce174e7356f7f86dfdaa419d7e\/b24bccf31933f359683282db276ca778_L.jpg"",""distance"":989,""url"":""\/monastyri\/monastery\/svyato-sergievskiy-zhenskiy-monastyr-g-belebey\/"",""props"":{""eparhia"":null,""mitropolia"":null,""boss"":null,""type"":""Епархиальные монастыри Русской Православной Церкви"",""founded"":""2017""}}"
"{""name"":""Свято-Силуановский мужской монастырь в  поселке  Сонора, Западно-Американской епархии"",""lat"":""37.982255038816"",""long"":""-120.38099035294"",""img"":""\/upload\/iblock\/d1a\/88ztglrhh1vj92md34757rtfcmyhjxw0\/St_Silouan_06.jpg"",""distance"":9433,""url"":""\/monastyri\/monastery\/svyato-siluanovskiy-muzhskoy-monastyr-v-poselke-sonora-zapadno-amerikanskoy-eparkhii\/"",""props"":{""eparhia"":null,""mitropolia"":null,""boss"":null,""type"":""Монастыри РПЦЗ"",""founded"":""2015""}}"
"{""name"":""Свято-Симеоновское подворье Александро-Невского Ново-Тихвинского женского монастыря"",""lat"":""58.760475505348"",""long"":""61.592769287697"",""img"":""\/upload\/iblock\/6fe\/015.jpg"",""distance"":1410,""url"":""\/monastyri\/monastery\/svyato-simeonovskoe-podvore-aleksandro-nevskogo-novo-tikhvinskogo-zhenskogo-monastyrya\/"",""props"":{""eparhia"":null,""mitropolia"":null,""boss"":null,""type"":""подворье епархиального монастыря"",""founded"":""""}}"
"{""name"":""Свято-Тихвинский женский  монастырь в селе Курилово"",""lat"":""54.456069"",""long"":""45.466662"",""img"":""\/upload\/iblock\/2f5\/2f5148b2a6181dd36e95c31754a136e8\/jr2a3019.JPG"",""distance"":437,""url"":""\/monastyri\/monastery\/svyato-tikhvinskiy-zhenskiy-monastyr-v-sele-kurilovo\/"",""props"":{""eparhia"":null,""mitropolia"":null,""boss"":null,""type"":""Епархиальные монастыри Русской Православной Церкви"",""founded"":""1890""}}"
"{""name"":""Свято-Тихоновский женский монастырь г. Торопец"",""lat"":""56.499336293122"",""long"":""31.636878228836"",""img"":""\/upload\/iblock\/ae0\/ae068540ea5367b73506cda255821ba8\/0.jpg"",""distance"":463,""url"":""\/monastyri\/monastery\/svyato-tikhonovskiy-zhenskiy-monastyr-g-toropets\/"",""props"":{""eparhia"":null,""mitropolia"":null,""boss"":null,""type"":""Епархиальные монастыри Русской Православной Церкви"",""founded"":""6""}}"
"{""name"":""Свято-Троицкий Белопесоцкий монастырь"",""lat"":""54.854162385905"",""long"":""38.150289031799"",""img"":""\/upload\/iblock\/7eb\/7eb9550ddd4e14186a27af6a025d18c1\/dji_0041.jpg"",""distance"":89,""url"":""\/monastyri\/monastery\/svyato-troitskiy-belopesotskiy-monastyr\/"",""props"":{""eparhia"":null,""mitropolia"":null,""boss"":null,""type"":""Епархиальные монастыри Русской Православной Церкви"",""founded"":""1498""}}"
"{""name"":""Свято-Троицкий Болдин мужской монастырь "",""lat"":""54.927105367614"",""long"":""33.521283156128"",""img"":""\/upload\/iblock\/98d\/98d4314c95dd4178550680757cb7e69a\/svyato_troitskiy_gerasimo_boldinskiy_m.jpg"",""distance"":346,""url"":""\/monastyri\/monastery\/svyato-troitskiy-boldin-muzhskoy-monastyr-\/"",""props"":{""eparhia"":null,""mitropolia"":null,""boss"":null,""type"":""Епархиальные монастыри Русской Православной Церкви"",""founded"":""1530""}}"
"{""name"":""Свято-Троицкий женский монастырь в с. Старый Ковыляй"",""lat"":""54.647044"",""long"":""43.515432"",""img"":""\/upload\/iblock\/185\/185530b53833f9848d22b684144e1529\/monasterium.ru_22.jpg"",""distance"":312,""url"":""\/monastyri\/monastery\/svyato-troitskiy-zhenskiy-monastyr-v-s-staryy-kovylyay\/"",""props"":{""eparhia"":null,""mitropolia"":null,""boss"":null,""type"":""Епархиальные монастыри Русской Православной Церкви"",""founded"":""1834""}}"
"{""name"":""Свято-Троицкий женский монастырь г. Смоленска "",""lat"":""54.786249563781"",""long"":""32.054056084656"",""img"":""\/upload\/iblock\/496\/4965d860f88d700fc7e53fc542ef52f8\/1.jpg"",""distance"":441,""url"":""\/monastyri\/monastery\/svyato-troitskiy-zhenskiy-monastyr-g-smolenska-\/"",""props"":{""eparhia"":null,""mitropolia"":null,""boss"":null,""type"":""Епархиальные монастыри Русской Православной Церкви"",""founded"":""1390""}}"
"{""name"":""Свято-Троицкий женский монастырь с. Совхозное"",""lat"":""43.795206856894"",""long"":""43.146884238433"",""img"":""\/upload\/iblock\/638\/6389fa7cc580b729d88022b41e12e256\/monastic_trinity_20110621_9_thumb240_.jpg"",""distance"":1341,""url"":""\/monastyri\/monastery\/svyato-troitskiy-zhenskiy-monastyr-s-sovkhoznoe\/"",""props"":{""eparhia"":null,""mitropolia"":null,""boss"":null,""type"":""Епархиальные монастыри Русской Православной Церкви"",""founded"":""1902""}}"
"{""name"":""Свято-Троицкий Михаило-Клопский мужской монастырь"",""lat"":""58.376176"",""long"":""31.12164"",""img"":""\/upload\/iblock\/c3d\/c3d57611e899e8f68f322b0fd0ad1842\/klopskiy.jpg"",""distance"":567,""url"":""\/monastyri\/monastery\/svyato-troitskiy-mikhailo-klopskiy-muzhskoy-monastyr\/"",""props"":{""eparhia"":null,""mitropolia"":null,""boss"":null,""type"":""Епархиальные монастыри Русской Православной Церкви"",""founded"":""1220""}}"
"{""name"":""Свято-Троицкий мужской  монастырь  в городе Мехико (Мексика) Западно-Американской епархии"",""lat"":""19.432442"",""long"":""-99.168774"",""img"":""\/upload\/iblock\/3b2\/m03jpc27cu0lz80ekczopelm63jzhxyd\/8.jpg"",""distance"":10791,""url"":""\/monastyri\/monastery\/svyato-troitskiy-muzhskoy-monastyr-v-gorode-mekhiko-meksika-zapadno-amerikanskoy-eparkhii\/"",""props"":{""eparhia"":null,""mitropolia"":null,""boss"":null,""type"":""Монастыри РПЦЗ"",""founded"":""2007""}}"
"{""name"":""Свято-Троицкий мужской монастырь с. Троицкое "",""lat"":""50.758550977331"",""long"":""127.94099266661"",""img"":""\/upload\/iblock\/849\/849dc1dca13ed04602ec0e2f223b8b75\/Svyato_Troitskiy_muzhskoy_monastyr_s._Troitskoe_Ivanovskogo_rayona.jpg"",""distance"":5547,""url"":""\/monastyri\/monastery\/svyato-troitskiy-muzhskoy-monastyr-s-troitskoe-\/"",""props"":{""eparhia"":null,""mitropolia"":null,""boss"":null,""type"":""Епархиальные монастыри Русской Православной Церкви"",""founded"":""2003""}}"
"{""name"":""Свято-Троицкий Никандров женский монастырь"",""lat"":""58.830564745148"",""long"":""33.836651320718"",""img"":""\/upload\/iblock\/0e8\/0e8813e53f5c2ac5933935f570012fd4\/1fMgnxXhnVU.jpg"",""distance"":476,""url"":""\/monastyri\/monastery\/svyato-troitskiy-nikandrov-zhenskiy-monastyr\/"",""props"":{""eparhia"":null,""mitropolia"":null,""boss"":null,""type"":""Епархиальные монастыри Русской Православной Церкви"",""founded"":""1550""}}"
"{""name"":""Свято-Троицкий Николаевский мужской монастырь п. Горные Ключи "",""lat"":""45.226509681869"",""long"":""133.51116939748"",""img"":""\/upload\/iblock\/833\/83393c47671e35b8007d042ace94e962\/1muhskoi_monastir_gornie_klyh_5.jpg"",""distance"":6275,""url"":""\/monastyri\/monastery\/svyato-troitskiy-nikolaevskiy-muzhskoy-monastyr-p-gornye-klyuchi-\/"",""props"":{""eparhia"":null,""mitropolia"":null,""boss"":null,""type"":""Епархиальные монастыри Русской Православной Церкви"",""founded"":""1895""}}"
"{""name"":""Свято-Троицкий Павло-Обнорский мужской монастырь с. Юношеское "",""lat"":""58.761077550016"",""long"":""40.338931152115"",""img"":""\/upload\/iblock\/5ae\/5ae8a43c7f1676f5c3d3996c00ca15a3\/IAS_2005.jpg"",""distance"":370,""url"":""\/monastyri\/monastery\/svyato-troitskiy-pavlo-obnorskiy-muzhskoy-monastyr-s-yunosheskoe-\/"",""props"":{""eparhia"":null,""mitropolia"":null,""boss"":null,""type"":""Епархиальные монастыри Русской Православной Церкви"",""founded"":""1414""}}"
"{""name"":""Свято-Троицкий скит в д. Сенно Введенского женского монастыря г. Тихвина."",""lat"":""59.532748646469"",""long"":""33.916675607067"",""img"":""\/upload\/iblock\/d81\/d81f17f4af284b6086fa9f34b264c7c0\/10.jpg"",""distance"":535,""url"":""\/monastyri\/monastery\/svyato-troitskiy-skit-v-d-senno-vvedenskogo-zhenskogo-monastyrya-g-tikhvina\/"",""props"":{""eparhia"":null,""mitropolia"":null,""boss"":null,""type"":""скит епархиального монастыря"",""founded"":""1996""}}"
"{""name"":""Свято-Троицкий скит Воскресенского Новодевичьего монастыря"",""lat"":""56.150852634191"",""long"":""28.349676639826"",""img"":""\/upload\/iblock\/3de\/img_0231.jpg"",""distance"":661,""url"":""\/monastyri\/monastery\/svyato-troitskiy-skit-novodev-mon-spb\/"",""props"":{""eparhia"":null,""mitropolia"":null,""boss"":null,""type"":""скит епархиального монастыря"",""founded"":""2012""}}"
"{""name"":""Свято-Троицкий ставропигиальный мужской монастырь в Джорданвилле"",""lat"":""42.927394"",""long"":""-74.93503"",""img"":""\/upload\/iblock\/9c3\/ld2mtm4apwd9enrn01a60tlcqrn4uncs\/0.jpg"",""distance"":7427,""url"":""\/monastyri\/monastery\/svyato-troitskiy-stavropigialnyy-muzhskoy-monastyr-v-dzhordanville\/"",""props"":{""eparhia"":null,""mitropolia"":null,""boss"":null,""type"":""Монастыри РПЦЗ"",""founded"":""1928""}}"
"{""name"":""Свято-Троицкий Туруханский мужской монастырь"",""lat"":""65.790510162157"",""long"":""87.975886660713"",""img"":""\/upload\/iblock\/e02\/e029323ac90f788211e55f1228fb396d\/20151221_125452.jpg"",""distance"":2817,""url"":""\/monastyri\/monastery\/svyato-troitskiy-turukhanskiy-muzhskoy-monastyr\/"",""props"":{""eparhia"":null,""mitropolia"":null,""boss"":null,""type"":""Епархиальные монастыри Русской Православной Церкви"",""founded"":""1660""}}"
"{""name"":""Свято-Троицкий Филиппо-Ирапский мужской монастырь, пос. Зеленый Берег"",""lat"":""59.32561347564"",""long"":""37.181467939774"",""img"":""\/upload\/iblock\/227\/22774f0edaa6e7f0444767d72cab15d7\/QusAKTxzRXc.jpg"",""distance"":434,""url"":""\/monastyri\/monastery\/svyato-troitskiy-filippo-irapskiy-muzhskoy-monastyr-pos-zelenyy-bereg\/"",""props"":{""eparhia"":null,""mitropolia"":null,""boss"":null,""type"":""Епархиальные монастыри Русской Православной Церкви"",""founded"":""1537""}}"
"{""name"":""Свято-Троицкий храм с. Большой Сундырь Моргаушского района, подворье Свято-Троицкого мужского монастыря"",""lat"":""56.114858814821"",""long"":""46.749869490114"",""img"":""\/upload\/iblock\/b4a\/b4a8b2ed590314100eae0150a764f16e\/sund.jpg"",""distance"":496,""url"":""\/monastyri\/monastery\/svyato-troitskiy-khram-s-bolshoy-sundyr-morgaushskogo-rayona-podvore-svyato-troitskogo-muzhskogo-mon\/"",""props"":{""eparhia"":null,""mitropolia"":null,""boss"":null,""type"":""подворье епархиального монастыря"",""founded"":""""}}"
"{""name"":""Свято-Успенская Киево-Печерская лавра Киевской епархии"",""lat"":""50.433617286739"",""long"":""30.559054812195"",""img"":""\/upload\/iblock\/570\/jp61979tq4uzy7ylso2ot6r5a13dgzgi\/00.jpg"",""distance"":794,""url"":""\/monastyri\/monastery\/svyato-uspenskaya-kievo-pecherskaya-lavra-kievskoy-eparkhii\/"",""props"":{""eparhia"":null,""mitropolia"":null,""boss"":null,""type"":""Монастыри УПЦ МП"",""founded"":""1051""}}"
"{""name"":""Свято-Успенская Макарьевская пустынь"",""lat"":""59.505872198972"",""long"":""31.384737024887"",""img"":""\/upload\/iblock\/4e7\/13301_20091021_084717.jpg"",""distance"":629,""url"":""\/monastyri\/monastery\/makareva-pustyn\/"",""props"":{""eparhia"":null,""mitropolia"":null,""boss"":null,""type"":""Епархиальные монастыри Русской Православной Церкви"",""founded"":""0""}}"
"{""name"":""Свято-Успенская Почаевская Лавра, мужской ставропигиальный монастырь  Киевской епархии"",""lat"":""50.004713021942"",""long"":""25.50748984523"",""img"":""\/upload\/iblock\/888\/xs5f24h3221c85l9fydgx7pymatv07yq\/enifing2.jpg"",""distance"":1087,""url"":""\/monastyri\/monastery\/svyato-uspenskaya-pochaevskaya-lavra-muzhskoy-stavropigialnyy-monastyr-kievskoy-eparkhii\/"",""props"":{""eparhia"":null,""mitropolia"":null,""boss"":null,""type"":""Монастыри УПЦ МП"",""founded"":""1240""}}"
"{""name"":""Свято-Успенский Дивногорский мужской монастырь"",""lat"":""50.980142052726"",""long"":""39.317259834532"",""img"":""\/upload\/iblock\/2b8\/v8vx6hv4i9a8ad5l65nr3x60v22odjba\/1dbfe068_9325_4742_a0ed_d220009aa9ac.jpg"",""distance"":507,""url"":""\/monastyri\/monastery\/svyato-uspenskiy-divnogorskiy-muzhskoy-monastyr\/"",""props"":{""eparhia"":null,""mitropolia"":null,""boss"":null,""type"":""Епархиальные монастыри Русской Православной Церкви"",""founded"":""1653""}}"
"{""name"":""Свято-Успенский женский монастырь г. Оренбурга"",""lat"":""51.772706258671"",""long"":""55.110438138692"",""img"":""\/upload\/iblock\/24a\/24a6fcc2fa93745df6b83ac5fe41f972\/11111.jpg"",""distance"":1146,""url"":""\/monastyri\/monastery\/svyato-uspenskiy-zhenskiy-monastyr-g-orenburga\/"",""props"":{""eparhia"":null,""mitropolia"":null,""boss"":null,""type"":""Епархиальные монастыри Русской Православной Церкви"",""founded"":""1872""}}"
"{""name"":""Свято-Успенский женский монастырь села Елыкаево"",""lat"":""55.300843"",""long"":""86.258728"",""img"":""\/upload\/iblock\/5ba\/5ba832b34e729fa3f22c25f055b82968\/rr.jpeg"",""distance"":2933,""url"":""\/monastyri\/monastery\/svyato-uspenskiy-zhenskiy-monastyr-sela-elykaevo\/"",""props"":{""eparhia"":null,""mitropolia"":null,""boss"":null,""type"":""Епархиальные монастыри Русской Православной Церкви"",""founded"":""2008""}}"
"{""name"":""Свято-Успенский мужской монастырь в г. Новомосковск "",""lat"":""54.017988117221"",""long"":""38.309388468421"",""img"":""\/upload\/iblock\/e5b\/020.jpg"",""distance"":173,""url"":""\/monastyri\/monastery\/svyato-uspenskiy-muzhskoy-monastyr-v-g-novomoskovsk-\/"",""props"":{""eparhia"":null,""mitropolia"":null,""boss"":null,""type"":""Епархиальные монастыри Русской Православной Церкви"",""founded"":""1995""}}"
"{""name"":""Свято-Юрьев мужской монастырь"",""lat"":""58.48746936202"",""long"":""31.284022313492"",""img"":""\/upload\/iblock\/cf3\/cf31f8c8a1f914e5d7b32c90df8fdda8\/L6m7FdMhV2w.jpg"",""distance"":565,""url"":""\/monastyri\/monastery\/svyato-yurev-muzhskoy-monastyr\/"",""props"":{""eparhia"":null,""mitropolia"":null,""boss"":null,""type"":""Епархиальные монастыри Русской Православной Церкви"",""founded"":""1119""}}"
"{""name"":""Святого Саввы Освященного мужской монастырь Запорожской епархии "",""lat"":""46.833728235534"",""long"":""35.376609315483"",""img"":""\/upload\/iblock\/3ea\/641ecmig2w0n1ab16qx4q9en1qmolmpr\/00.jpg"",""distance"":998,""url"":""\/monastyri\/monastery\/svyatogo-savvy-osvyashchennogo-muzhskoy-monastyr-zaporozhskoy-eparkhii-\/"",""props"":{""eparhia"":null,""mitropolia"":null,""boss"":null,""type"":""Монастыри УПЦ МП"",""founded"":""1994""}}"
"{""name"":""Святогорский Крестовоздвиженский женский монастырь с. Егорьевка "",""lat"":""50.679740312213"",""long"":""127.69620710849"",""img"":""\/upload\/iblock\/d83\/d83cf7b72efa824d0ead054b2269f6bd\/vVGU2bU9Nmw.jpg"",""distance"":5540,""url"":""\/monastyri\/monastery\/svyatogorskiy-krestovozdvizhenskiy-zhenskiy-monastyr-s-egorevka-\/"",""props"":{""eparhia"":null,""mitropolia"":null,""boss"":null,""type"":""Епархиальные монастыри Русской Православной Церкви"",""founded"":""2002""}}"
"{""name"":""Женский монастырь Святоезерская Иверская пустынь в с. Мугреевский"",""lat"":""56.602718524957"",""long"":""42.352482880231"",""img"":""\/upload\/iblock\/9db\/9dbf9cd9883ffb4eff857747607c0a9a\/11.jpg"",""distance"":247,""url"":""\/monastyri\/monastery\/zhenskiy-monastyr-svyatoezerskaya-iverskaya-pustyn-v-s-mugreevskiy\/"",""props"":{""eparhia"":null,""mitropolia"":null,""boss"":null,""type"":""Епархиальные монастыри Русской Православной Церкви"",""founded"":""1350""}}"
"{""name"":""Святой Троицы мужской монастырь, г. Хуст-Городилово Хустской епархии"",""lat"":""48.182288952086"",""long"":""23.266769437172"",""img"":""\/upload\/iblock\/fc8\/ous7ewe5wva0cp3ofb4ng5tyn65axe0m\/00.jpg"",""distance"":1343,""url"":""\/monastyri\/monastery\/svyatoy-troitsy-muzhskoy-monastyr-g-khust-gorodilovo-khustskoy-eparkhii\/"",""props"":{""eparhia"":null,""mitropolia"":null,""boss"":null,""type"":""Монастыри УПЦ МП"",""founded"":""1990""}}"
"{""name"":""Святых жен-мироносиц женский монастырь «Леорда»  Черновицко-Буковинской епархии"",""lat"":""48.082994286641"",""long"":""25.676362798874"",""img"":""\/upload\/iblock\/2ba\/11zfx9v24u7ayhj0ivvn3yviino10u9m\/00.jpg"",""distance"":1225,""url"":""\/monastyri\/monastery\/svyatykh-zhen-mironosits-zhenskiy-monastyr-leorda-chernovitsko-bukovinskoy-eparkhii\/"",""props"":{""eparhia"":null,""mitropolia"":null,""boss"":null,""type"":""Монастыри УПЦ МП"",""founded"":""1994""}}"
"{""name"":""Священномученика Владимира мужской монастырь Криворожской епархии"",""lat"":""48.011451254019"",""long"":""33.444325682728"",""img"":""\/upload\/iblock\/98e\/stnkbskyq06fnvqqgbjea2z4xz0totcb\/00.jpg"",""distance"":916,""url"":""\/monastyri\/monastery\/svyashchennomuchenika-vladimira-muzhskoy-monastyr-krivorozhskoy-eparkhii\/"",""props"":{""eparhia"":null,""mitropolia"":null,""boss"":null,""type"":""Монастыри УПЦ МП"",""founded"":""1996""}}"
"{""name"":""Севский Кресто-Воздвиженский женский монастырь"",""lat"":""52.161572277531"",""long"":""34.488799898148"",""img"":""\/upload\/iblock\/52c\/52cc8fe77d0e932f86f7636d705720b2\/49208.jpg"",""distance"":473,""url"":""\/monastyri\/monastery\/sevskiy-kresto-vozdvizhenskiy-zhenskiy-monastyr\/"",""props"":{""eparhia"":null,""mitropolia"":null,""boss"":null,""type"":""Епархиальные монастыри Русской Православной Церкви"",""founded"":""2000""}}"
"{""name"":""Севский Троицкий мужской монастырь"",""lat"":""52.153502475844"",""long"":""34.496855847221"",""img"":""\/upload\/iblock\/6f4\/6f47e0045872471689ef6661b1316afe\/36339.jpg"",""distance"":473,""url"":""\/monastyri\/monastery\/sevskiy-troitskiy-muzhskoy-monastyr\/"",""props"":{""eparhia"":null,""mitropolia"":null,""boss"":null,""type"":""Епархиальные монастыри Русской Православной Церкви"",""founded"":""1612""}}"
"{""name"":""Сезеновский Иоанно-Казанский  женский монастырь "",""lat"":""53.076098189298"",""long"":""39.312172597589"",""img"":""\/upload\/iblock\/ac4\/ac4201dc0c9e133866b79e212ad15073\/1.JPG"",""distance"":275,""url"":""\/monastyri\/monastery\/sezenovskiy-ioanno-kazanskiy-zhenskiy-monastyr-\/"",""props"":{""eparhia"":null,""mitropolia"":null,""boss"":null,""type"":""Епархиальные монастыри Русской Православной Церкви"",""founded"":""1853""}}"
"{""name"":""Серафимо - Понетаеевский монастырь - скит Серафимо - Дивеевского монастыря"",""lat"":""55.115833992402"",""long"":""43.886032628311"",""img"":""\/upload\/iblock\/4bc\/9.jpg"",""distance"":321,""url"":""\/monastyri\/monastery\/serafimo-ponetaeevskiy-monastyr-skit-serafimo-diveevskogo-monastyrya\/"",""props"":{""eparhia"":null,""mitropolia"":null,""boss"":null,""type"":""скит епархиального монастыря"",""founded"":""""}}"
"{""name"":""Серафимо-Алексеевский скит Белогорского Николаевского мужского монастыря"",""lat"":""57.376379"",""long"":""56.162088"",""img"":""\/upload\/iblock\/4cb\/4cb334926a80391fe6f07ad7085d4a6d\/kr5_yEEC5oo.jpg"",""distance"":1079,""url"":""\/monastyri\/monastery\/serafimo-alekseevskiy-skit-belogorskogo-nikolaevskogo-muzhskogo-monastyrya\/"",""props"":{""eparhia"":null,""mitropolia"":null,""boss"":null,""type"":""подворье епархиального монастыря"",""founded"":""""}}"
"{""name"":""Серафимо-Саровский мужской монастырь с. Новомакарово"",""lat"":""51.456792983157"",""long"":""41.23571624157"",""img"":""\/upload\/iblock\/79f\/79fd4ab7bcb48585ff05a98c572be0ae\/IMG_4295_.jpg"",""distance"":480,""url"":""\/monastyri\/monastery\/serafimo-sarovskiy-muzhskoy-monastyr-s-novomakarovo\/"",""props"":{""eparhia"":null,""mitropolia"":null,""boss"":null,""type"":""Епархиальные монастыри Русской Православной Церкви"",""founded"":""1995""}}"
"{""name"":""Свято-Серафимовский женский  монастырь Хустской епархии "",""lat"":""48.396571"",""long"":""24.02423"",""img"":""\/upload\/iblock\/889\/w81y1r9v33g8vuj3xluud8uy9moue6wa\/00.jpg"",""distance"":1286,""url"":""\/monastyri\/monastery\/svyato-serafimovskiy-zhenskiy-monastyr-khustskoy-eparkhii-\/"",""props"":{""eparhia"":null,""mitropolia"":null,""boss"":null,""type"":""Монастыри УПЦ МП"",""founded"":""2006""}}"
"{""name"":""Свято-Серафимовский женский монастырь Бердянской епархии"",""lat"":""47.331029357204"",""long"":""36.698809415344"",""img"":""\/upload\/iblock\/645\/p2ur56pteodutt97uoa8ugk89mqlt47m\/00.jpg"",""distance"":925,""url"":""\/monastyri\/monastery\/svyato-serafimovskiy-zhenskiy-monastyr-berdyanskoy-eparkhii\/"",""props"":{""eparhia"":null,""mitropolia"":null,""boss"":null,""type"":""Монастыри УПЦ МП"",""founded"":""2010""}}"
"{""name"":""Серафимовский женский монастырь близ ж\/д остановочного пункта Татьяновский "",""lat"":""54.959377"",""long"":""72.435664"",""img"":""\/upload\/iblock\/d40\/d40dc11ff6e9b994e189929b8ba16924\/a.jpg"",""distance"":2108,""url"":""\/monastyri\/monastery\/serafimovskiy-zhenskiy-monastyr-bliz-zh-d-ostanovochnogo-punkta-tatyanovskiy-\/"",""props"":{""eparhia"":null,""mitropolia"":null,""boss"":null,""type"":""Епархиальные монастыри Русской Православной Церкви"",""founded"":""2006""}}"
"{""name"":""Свято-Серафимовский женский монастырь Мукачевской епархии"",""lat"":""48.373027"",""long"":""23.220609"",""img"":""\/upload\/iblock\/80c\/mlrypskyg65wbxa2iol8yywd28lx3v2d\/00.jpg"",""distance"":1331,""url"":""\/monastyri\/monastery\/svyato-serafimovskiy-zhenskiy-monastyr-mukachevskoy-eparkhii\/"",""props"":{""eparhia"":null,""mitropolia"":null,""boss"":null,""type"":""Монастыри УПЦ МП"",""founded"":""1938""}}"
"{""name"":""Сергиева пустынь, женский монастырь Хустской епархии"",""lat"":""48.004763191387"",""long"":""23.767433207809"",""img"":""\/upload\/iblock\/c7e\/xotv07gnfb2nnuik06kh783hsezhxmq5\/00.jpg"",""distance"":1330,""url"":""\/monastyri\/monastery\/sergieva-pustyn-zhenskiy-monastyr-khustskoy-eparkhii\/"",""props"":{""eparhia"":null,""mitropolia"":null,""boss"":null,""type"":""Монастыри УПЦ МП"",""founded"":""2001""}}"
"{""name"":""Сергиева пустынь, подворье Введенского женского монастыря г. Иваново"",""lat"":""56.903291"",""long"":""40.756391"",""img"":""\/upload\/iblock\/f04\/f040de7195692835a71eb8907d545480\/IRcI88eW8Mk.jpg"",""distance"":192,""url"":""\/monastyri\/monastery\/sergieva-pustyn-podvore-vvedenskogo-zhenskogo-monastyrya-g-ivanovo\/"",""props"":{""eparhia"":null,""mitropolia"":null,""boss"":null,""type"":""подворье епархиального монастыря"",""founded"":""2014""}}"
"{""name"":""Свято-Сергиевский мужской монастырь Северодонецкой епархии"",""lat"":""49.035881025183"",""long"":""38.218788782274"",""img"":""\/upload\/iblock\/255\/ceogjka4u7u3l25b7zcov20jru7nnuu7\/00.jpg"",""distance"":724,""url"":""\/monastyri\/monastery\/svyato-sergievskiy-muzhskoy-monastyr-severodonetskoy-eparkhii\/"",""props"":{""eparhia"":null,""mitropolia"":null,""boss"":null,""type"":""Монастыри УПЦ МП"",""founded"":""2003""}}"
"{""name"":""Сергиевский скит Троицкого Серафимо-Дивеевского монастыря"",""lat"":""55.372402553875"",""long"":""43.792698135614"",""img"":""\/upload\/iblock\/0d1\/sskit.jpg"",""distance"":311,""url"":""\/monastyri\/monastery\/sergievskiy-skit-troitskogo-serafimo-diveevskogo-monastyrya\/"",""props"":{""eparhia"":null,""mitropolia"":null,""boss"":null,""type"":""скит епархиального монастыря"",""founded"":""""}}"
"{""name"":""Серпуховской Высоцкий ставропигиальный мужской монастырь"",""lat"":""54.901990626452"",""long"":""37.419426867073"",""img"":""\/upload\/iblock\/90f\/90fda8da0ad9f2a78e011a34da62c387\/1.jpg"",""distance"":116,""url"":""\/monastyri\/monastery\/vysotskiy-muzhskoy-monastyr\/"",""props"":{""eparhia"":null,""mitropolia"":null,""boss"":null,""type"":""Ставропигиальные монастыри Русской Православной Церкви"",""founded"":""1374""}}"
"{""name"":""Серпуховской Введенский Владычний женский монастырь"",""lat"":""54.898688094216"",""long"":""37.398685186508"",""img"":""\/upload\/iblock\/b0f\/b0f5a9fb61196fb648c6b938655f90e4\/1.JPG"",""distance"":118,""url"":""\/monastyri\/monastery\/serpukhovskoy-vvedenskiy-vladychniy-zhenskiy-monastyr\/"",""props"":{""eparhia"":null,""mitropolia"":null,""boss"":null,""type"":""Епархиальные монастыри Русской Православной Церкви"",""founded"":""1360""}}"
"{""name"":""Симбирский Спасский  женский монастырь"",""lat"":""54.316679"",""long"":""48.400084"",""img"":""\/upload\/iblock\/f4b\/f4b3b0b797cde00d89ff5addec68b89c\/fL_dB4rkXMQ.jpg"",""distance"":623,""url"":""\/monastyri\/monastery\/simbirskiy-spasskiy-zhenskiy-monastyr\/"",""props"":{""eparhia"":null,""mitropolia"":null,""boss"":null,""type"":""Епархиальные монастыри Русской Православной Церкви"",""founded"":""1663""}}"
"{""name"":""Свято-Симеоновский мужской монастырь Хустской епархии"",""lat"":""48.164326"",""long"":""23.046751"",""img"":""\/upload\/iblock\/bce\/yre2k4rqsnnslnueeympg18yidqkph3l\/00.jpg"",""distance"":1357,""url"":""\/monastyri\/monastery\/svyato-simeonovskiy-muzhskoy-monastyr-khustskoy-eparkhii\/"",""props"":{""eparhia"":null,""mitropolia"":null,""boss"":null,""type"":""Монастыри УПЦ МП"",""founded"":""2000""}}"
"{""name"":""Сирецкий во имя великомученика  Иакова Персянина мужской монастырь Кишиневской епархии"",""lat"":""47.125956"",""long"":""28.711032"",""img"":""\/upload\/iblock\/e4f\/sag6pvuizg25bkelacf1owjj2o8ug184\/29_2008.jpg"",""distance"":1169,""url"":""\/monastyri\/monastery\/siretskiy-vo-imya-velikomuchenika-iakova-persyanina-muzhskoy-monastyr-kishinevskoy-eparkhii\/"",""props"":{""eparhia"":null,""mitropolia"":null,""boss"":null,""type"":""Монастыри Православной Церкви Молдовы"",""founded"":""1999""}}"
"{""name"":""Скит  в честь преподобного Трифона Вятского, подворье Троицкого Соликамского мужского монастыря в селе Пыскор"",""lat"":""59.4876334526"",""long"":""56.564695712512"",""img"":""\/upload\/iblock\/0e8\/0e8291e0429dddea77f5e725e15a1948\/pyskor.jpg"",""distance"":1141,""url"":""\/monastyri\/monastery\/skit-v-chest-prepodobnogo-trifona-vyatskogo-podvore-troitskogo-solikamskogo-muzhskogo-monastyrya-v-s\/"",""props"":{""eparhia"":null,""mitropolia"":null,""boss"":null,""type"":""подворье епархиального монастыря"",""founded"":""2017""}}"
"{""name"":""Скит  в честь преподобной Марии Египетской Свято-Елисаветинсого женского монастыря"",""lat"":""55.001234882226"",""long"":""21.744296294292"",""img"":""\/upload\/iblock\/06e\/06e39b98503f277b6eb3bc775411ce6c\/12.jpg"",""distance"":1085,""url"":""\/monastyri\/monastery\/skit-v-chest-prepodobnoy-marii-egipetskoy-svyato-elisavetinsogo-zhenskogo-monastyrya\/"",""props"":{""eparhia"":null,""mitropolia"":null,""boss"":null,""type"":""скит епархиального монастыря"",""founded"":""2007""}}"
"{""name"":""Скит Анастасии Узорешительницы Успенского Бахчисарайского мужского монастыря"",""lat"":""44.698140999313"",""long"":""33.884323760512"",""img"":""\/upload\/iblock\/b32\/b324652da859ccc26643dc503e9d5763\/DSC_2808.jpg"",""distance"":1256,""url"":""\/monastyri\/monastery\/skit-anastasii-uzoreshitelnitsy-uspenskogo-bakhchisarayskogo-muzhskogo-monastyrya\/"",""props"":{""eparhia"":null,""mitropolia"":null,""boss"":null,""type"":""скит епархиального монастыря"",""founded"":""2005""}}"
"{""name"":""Скит Богородицкого Житенного женского монастыря в честь иконы Божией Матери «Экономисса»"",""lat"":""57.358071"",""long"":""33.263362"",""img"":""\/upload\/iblock\/cc4\/cc40f1bfd9f46ee09c3a9ff89b6d585b\/IMG_3433.jpg"",""distance"":401,""url"":""\/monastyri\/monastery\/skit-bogoroditskogo-zhitennogo-zhenskogo-monastyrya-v-chest-ikony-bozhiey-materi-ekonomissa\/"",""props"":{""eparhia"":null,""mitropolia"":null,""boss"":null,""type"":""скит епархиального монастыря"",""founded"":""""}}"
"{""name"":""Скит в честь  праведной Анны Николаевского Городокского  женского монастыря Ровенской епархии"",""lat"":""50.183159955378"",""long"":""25.629075300536"",""img"":""\/upload\/iblock\/8db\/7sfqy6xehpcvrup9cr4xljpdn5239sd0\/b_200_200_16777215_00_images_stories_sezd_nastoyatelnic_2009._454.jpg"",""distance"":1068,""url"":""\/monastyri\/monastery\/skit-v-chest-pravednoy-anny-nikolaevskogo-gorodokskogo-zhenskogo-monastyrya-rovenskoy-eparkhii\/"",""props"":{""eparhia"":null,""mitropolia"":null,""boss"":null,""type"":""скит епархиального монастыря"",""founded"":""2000""}}"
"{""name"":""Скит в честь «Владимирской» иконы Божией Матери"",""lat"":""54.614719731066"",""long"":""35.999278223319"",""img"":""\/upload\/iblock\/2d5\/2d5aa43ed87720849d8dff4c8c2df33f\/DJI_0006.JPG"",""distance"":210,""url"":""\/monastyri\/monastery\/skit-v-chest-vladimirskoy-ikony-bozhiey-materi\/"",""props"":{""eparhia"":null,""mitropolia"":null,""boss"":null,""type"":""скит епархиального монастыря"",""founded"":""""}}"
"{""name"":""Скит в честь Жен-мироносиц Свято-Покровского женского монастыря пгт. Гоща Ровенской епархии"",""lat"":""50.562951951812"",""long"":""26.632638885308"",""img"":""\/upload\/iblock\/7db\/ux63m2w7tpa94ohardd5iw7d6756f6qn\/00.jpg"",""distance"":986,""url"":""\/monastyri\/monastery\/skit-v-chest-zhen-mironosits-svyato-pokrovskogo-zhenskogo-monastyrya-pgt-goshcha-rovenskoy-eparkhii\/"",""props"":{""eparhia"":null,""mitropolia"":null,""boss"":null,""type"":""скит епархиального монастыря"",""founded"":""""}}"
"{""name"":""Скит в честь Иверской иконы Божией Матери ставропигиального женского монастыря в честь Афонской иконы Божией Матери  Киевской епархии "",""lat"":""50.117118"",""long"":""29.435651"",""img"":""\/upload\/iblock\/a7a\/k8e9142f43tgobzql5sm5hw7az2tybjq\/00-_1_.jpg"",""distance"":874,""url"":""\/monastyri\/monastery\/skit-v-chest-iverskoy-ikony-bozhiey-materi-stavropigialnogo-zhenskogo-monastyrya-v-chest-afonskoy-ik\/"",""props"":{""eparhia"":null,""mitropolia"":null,""boss"":null,""type"":""скит епархиального монастыря"",""founded"":""2013""}}"
"{""name"":""Скит в честь иконы Божией Матери  «Скоропослушница» Тихвинского женского монастыря Днепропетровской епархии"",""lat"":""48.4241"",""long"":""35.3346"",""img"":null,""distance"":827,""url"":""\/monastyri\/monastery\/skit-v-chest-ikony-bozhiey-materi-skoroposlushnitsa-tikhvinskogo-zhenskogo-monastyrya-dnepropetrovsk\/"",""props"":{""eparhia"":null,""mitropolia"":null,""boss"":null,""type"":""скит епархиального монастыря"",""founded"":""""}}"
"{""name"":""Скит в честь иконы Божией Матери «Валаамская» Московского подворья Валаамского мужского монастыря. "",""lat"":""55.220362336667"",""long"":""38.694030939117"",""img"":""\/upload\/iblock\/b01\/12.jpg"",""distance"":37,""url"":""\/monastyri\/monastery\/skit-v-chest-ikony-bozhiey-materi-valaamskaya\/"",""props"":{""eparhia"":null,""mitropolia"":null,""boss"":null,""type"":""скит ставропигиального монастыря"",""founded"":""1995""}}"
"{""name"":""Скит в честь иконы Божией Матери «Всех скорбящих Радость» Свято-Успенской Святогорской Лавры Донецкой епархии "",""lat"":""49.014927816629"",""long"":""37.514199549599"",""img"":""\/upload\/iblock\/3b6\/d14m5mw2giovk3fssyg53kf5wljqou4p\/00.jpg"",""distance"":731,""url"":""\/monastyri\/monastery\/skit-v-chest-ikony-bozhiey-materi-svyato-uspenskoy-svyatogorskoy-lavry-donetskoy-eparkhii-\/"",""props"":{""eparhia"":null,""mitropolia"":null,""boss"":null,""type"":""скит епархиального монастыря"",""founded"":""2005""}}"
"{""name"":""Скит в честь Печерской иконы Божией Матери Свято-Успенской Киево-Печерськой Лавры Киевской епархии "",""lat"":""50.369402091282"",""long"":""30.514396590711"",""img"":""\/upload\/iblock\/651\/8fnud84dvu3s3xmt63lca2ldvd3p8l80\/00-_1_.jpg"",""distance"":801,""url"":""\/monastyri\/monastery\/skit-v-chest-pecherskoy-ikony-bozhiey-materi-svyato-uspenskoy-kievo-pecherskoy-lavry-kievskoy-eparkh\/"",""props"":{""eparhia"":null,""mitropolia"":null,""boss"":null,""type"":""скит ставропигиального монастыря"",""founded"":""""}}"
"{""name"":""Скит в честь Почаевской иконы Божией Матери Троицкого ставропигиального женского монастыря Киевской епархии"",""lat"":""48.684599"",""long"":""29.226034"",""img"":""\/upload\/iblock\/ff6\/vfxhxnnyipkxokjo1rqvnk0drvelp7z0\/01.jpg"",""distance"":1006,""url"":""\/monastyri\/monastery\/skit-v-chest-pochaevskoy-ikony-bozhiey-materi-troitskogo-stavropigialnogo-zhenskogo-monastyrya-kievs\/"",""props"":{""eparhia"":null,""mitropolia"":null,""boss"":null,""type"":""скит ставропигиального монастыря"",""founded"":""2012""}}"
"{""name"":""Скит в честь преподобного Серафима Саровского  Курской Коренной Рождества Пресвятой Богородицы мужской пустыни"",""lat"":""51.96420138036"",""long"":""36.311812410528"",""img"":""\/upload\/iblock\/81e\/81eaab997557e873ada5637836710520\/skit1.jpg"",""distance"":431,""url"":""\/monastyri\/monastery\/skit-v-chest-prepodobnogo-serafima-sarovskogo-kurskoy-korennoy-rozhdestva-presvyatoy-bogoroditsy-muzh\/"",""props"":{""eparhia"":null,""mitropolia"":null,""boss"":null,""type"":""подворье епархиального монастыря"",""founded"":""""}}"
"{""name"":""Скит в честь преподобного Серафима Саровского. Тихвинского женского монастыря Днепропетровской епархии"",""lat"":""48.66262871315"",""long"":""35.378222706799"",""img"":null,""distance"":800,""url"":""\/monastyri\/monastery\/skit-v-chest-prepodobnogo-serafima-sarovskogo-tikhvinskogo-zhenskogo-monastyrya-dnepropetrovskoy-epa\/"",""props"":{""eparhia"":null,""mitropolia"":null,""boss"":null,""type"":""скит епархиального монастыря"",""founded"":""2005""}}"
"{""name"":""Скит в честь преподобного Ферапонта Лужнецкого Свято-Елисаветинского женского монастыря"",""lat"":""55.001348808325"",""long"":""21.749537240784"",""img"":""\/upload\/iblock\/ef0\/ef08e7abe96229ad2aefe412dc92724a\/vid_na_skit.JPG"",""distance"":1084,""url"":""\/monastyri\/monastery\/skit-v-chest-prepodobnogo-feraponta-luzhnetskogo-svyato-elisavetinskogo-zhenskogo-monastyrya\/"",""props"":{""eparhia"":null,""mitropolia"":null,""boss"":null,""type"":""скит епархиального монастыря"",""founded"":""2004""}}"
"{""name"":""Скит в честь преподобных Антония и Феодосия Печерских Свято-Успенской Святогорской Лавры Донецкой епархии "",""lat"":""49.029154"",""long"":""37.570327"",""img"":""\/upload\/iblock\/ce5\/r0hgzi250wum4gnxrfxvjj3zfd4hr7vi\/08.jpg"",""distance"":729,""url"":""\/monastyri\/monastery\/skit-v-chest-prepodobnykh-antoniya-i-feodosiya-pecherskikh-svyato-uspenskoy-svyatogorskoy-lavry-done\/"",""props"":{""eparhia"":null,""mitropolia"":null,""boss"":null,""type"":""скит епархиального монастыря"",""founded"":""2001""}}"
"{""name"":"" Скит в честь Рождества Иоанна Крестителя  Троицкого женского монастыря Фрумоаса "",""lat"":""47.327165872401"",""long"":""28.391659259225"",""img"":null,""distance"":1164,""url"":""\/monastyri\/monastery\/skit-v-chest-rozhdestva-ioanna-krestitelya-troitskogo-zhenskogo-monastyrya-frumoasa-\/"",""props"":{""eparhia"":null,""mitropolia"":null,""boss"":null,""type"":""скит епархиального монастыря"",""founded"":""2005""}}"
"{""name"":""Скит в честь свт. Иоанна Шанхайского Свято-Успенской Святогорской Лавры Донецкой епархии "",""lat"":""48.941503343153"",""long"":""37.45660819964"",""img"":""\/upload\/iblock\/de6\/vnrlgfb3504s87fi1dce0kji53t9i6fb\/01.jpg"",""distance"":740,""url"":""\/monastyri\/monastery\/skit-v-chest-svt-ioanna-shankhayskogo-svyato-uspenskoy-svyatogorskoy-lavry-donetskoy-eparkhii-\/"",""props"":{""eparhia"":null,""mitropolia"":null,""boss"":null,""type"":""скит епархиального монастыря"",""founded"":""2018""}}"
"{""name"":""Скит в честь святителя Нектария Эгинского Заволжского мужского монастыря в честь Честного и Животворящего Креста Господня"",""lat"":""53.32534356027"",""long"":""50.09478585582"",""img"":""\/upload\/iblock\/040\/0403c62325a37e48638a1752db50a0f7\/08988790ca53f7fc50d5c3cc53601e60.jpg"",""distance"":766,""url"":""\/monastyri\/monastery\/skit-v-chest-svyatitelya-nektariya-eginskogo-zavolzhskogo-muzhskogo-monastyrya-v-chest-chestnogo-i-zh\/"",""props"":{""eparhia"":null,""mitropolia"":null,""boss"":null,""type"":""скит епархиального монастыря"",""founded"":""2007""}}"
"{""name"":""Скит в честь святого мученика Александра Римского Свято-Кирилловского мужского монастыря Киевской епархии"",""lat"":""50.18198"",""long"":""31.278146"",""img"":""\/upload\/iblock\/496\/tgvhfuttewr76pyii0bh2rv64nm3rbmy\/00.jpg"",""distance"":783,""url"":""\/monastyri\/monastery\/skit-v-chest-svyatogo-muchenika-aleksandra-rimskogo-svyato-kirillovskogo-muzhskogo-monastyrya-kievsk\/"",""props"":{""eparhia"":null,""mitropolia"":null,""boss"":null,""type"":""скит епархиального монастыря"",""founded"":""2012""}}"
"{""name"":""Скит в честь Тихвинской иконы Божией Матери Свято-Николаевского женского монастыря Запорожской епархии"",""lat"":""47.567441574628"",""long"":""35.329711213217"",""img"":null,""distance"":919,""url"":""\/monastyri\/monastery\/skit-v-chest-tikhvinskoy-ikony-bozhiey-materi-svyato-nikolaevskogo-zhenskogo-monastyrya-zaporozhskoy\/"",""props"":{""eparhia"":null,""mitropolia"":null,""boss"":null,""type"":""скит епархиального монастыря"",""founded"":""2013""}}"
"{""name"":""Скит великомученика Димитрия Солунского  монастыря первоверховных апостолов Петра и Павла"",""lat"":""47.427054174114"",""long"":""27.666005451822"",""img"":""\/upload\/iblock\/098\/8lvbtsqjhrfhhftd63hmt4pt6lr299ml\/1.jpg"",""distance"":1187,""url"":""\/monastyri\/monastery\/skit-velikomuchenika-dimitriya-solunskogo-monastyrya-pervoverkhovnykh-apostolov-petra-i-pavla\/"",""props"":{""eparhia"":null,""mitropolia"":null,""boss"":null,""type"":""скит епархиального монастыря"",""founded"":""""}}"
"{""name"":""Скит Троицкого Рождества Богородицы Оптина женского монастыря в честь  великомученика и победоносца Георгия близ Кривцовского мемориала"",""lat"":""53.309870740106"",""long"":""36.159873915344"",""img"":""\/upload\/iblock\/352\/3521851ebf041e340ed9048080f62321\/skit.jpg"",""distance"":304,""url"":""\/monastyri\/monastery\/skit-troitskogo-rozhdestva-bogoroditsy-optina-zhenskogo-monastyrya-v-chest-velikomuchenika-i-pobedon\/"",""props"":{""eparhia"":null,""mitropolia"":null,""boss"":null,""type"":""скит епархиального монастыря"",""founded"":""""}}"
"{""name"":""Скит Верещагинского Лазаревского женского монастыря в честь праведного Лазаря Четверодневног"",""lat"":""58.150133782914"",""long"":""54.713054490484"",""img"":""\/upload\/iblock\/822\/82291906e4ecfe3866c38e8b016c47a2\/skit2.jpg"",""distance"":1004,""url"":""\/monastyri\/monastery\/skit-vereshchaginskogo-lazarevskogo-zhenskogo-monastyrya-v-chest-pravednogo-lazarya-chetverodnevnog\/"",""props"":{""eparhia"":null,""mitropolia"":null,""boss"":null,""type"":""скит епархиального монастыря"",""founded"":""""}}"
"{""name"":""Скит во имя  Всех Святых, Валаамский монастырь"",""lat"":""61.392450300864"",""long"":""30.913008755037"",""img"":""\/upload\/iblock\/6b7\/6b7eafdb1afa8ae213e35da4fb7f7d9b\/valaam_dost6.jpg"",""distance"":799,""url"":""\/monastyri\/monastery\/skit-vo-imya-vsekh-svyatykh\/"",""props"":{""eparhia"":null,""mitropolia"":null,""boss"":null,""type"":""скит ставропигиального монастыря"",""founded"":""""}}"
"{""name"":""Скит во имя Всех Святых Успенского Иосифо-Волоцкого ставропигиального монастыря"",""lat"":""56.173796929097"",""long"":""36.127512129639"",""img"":""\/upload\/iblock\/1ba\/1ba917151f2edbdd1aff26b95b01bb00\/005.jpg"",""distance"":186,""url"":""\/monastyri\/monastery\/skit-vo-imya-vsekh-svyatykh-uspenskogo-iosifo-volotskogo-stavropigialnogo-monastyrya\/"",""props"":{""eparhia"":null,""mitropolia"":null,""boss"":null,""type"":""скит ставропигиального монастыря"",""founded"":""""}}"
"{""name"":""Скит во имя святителя Николая Чудотворца Троицкой Александро-Невской лавры"",""lat"":""59.907111082314"",""long"":""29.699165047995"",""img"":""\/upload\/iblock\/543\/01.jpg"",""distance"":730,""url"":""\/monastyri\/monastery\/skit-vo-imya-svyatitelya-nikolaya-chudotvortsa\/"",""props"":{""eparhia"":null,""mitropolia"":null,""boss"":null,""type"":""скит епархиального монастыря"",""founded"":""""}}"
"{""name"":""Скит во имя Святого Духа Самарского Иверского женского монастыря"",""lat"":""53.174311555053"",""long"":""50.456277067459"",""img"":""\/upload\/iblock\/088\/088c77d215fb05ac54751ae997ec88fc\/m59.jpg"",""distance"":794,""url"":""\/monastyri\/monastery\/skit-vo-imya-svyatogo-dukha-samarskogo-iverskogo-zhenskogo-monastyrya\/"",""props"":{""eparhia"":null,""mitropolia"":null,""boss"":null,""type"":""подворье епархиального монастыря"",""founded"":""1996""}}"
"{""name"":""Скит Иверского женского монастыря в честь Турковицкой иконы Божьей Матери Донецкой епархии"",""lat"":""48.064659"",""long"":""37.662127"",""img"":""\/upload\/iblock\/7f6\/pksty5velyn0cqlex992r7hoyuedx92y\/1.jpg"",""distance"":835,""url"":""\/monastyri\/monastery\/skit-iverskogo-zhenskogo-monastyrya-v-chest-turkovitskoy-ikony-bozhey-materi-donetskoy-eparkhii\/"",""props"":{""eparhia"":null,""mitropolia"":null,""boss"":null,""type"":""скит епархиального монастыря"",""founded"":""2014""}}"
"{""name"":""Скит Камчатского Пантелеимонова мужского монастыря в честь Всех Святых"",""lat"":""52.851335"",""long"":""158.158876"",""img"":""\/upload\/iblock\/da0\/da079b737d3fd1002922dc7c9a354c7d\/140_1024x683.jpg"",""distance"":6746,""url"":""\/monastyri\/monastery\/skit-kamchatskogo-panteleimonova-muzhskogo-monastyrya-v-chest-vsekh-svyatykh\/"",""props"":{""eparhia"":null,""mitropolia"":null,""boss"":null,""type"":""скит епархиального монастыря"",""founded"":""""}}"
"{""name"":"" Скит мучеников Викентия и Доримедонта  Вознесенского Ново-Нямецкого Кицканского мужского монастыря Кишиневской епархии"",""lat"":""46.747113"",""long"":""29.566672"",""img"":""\/upload\/iblock\/62c\/v05tphxeabmkg3fgmofn25gm3yrjykca\/Schit1.jpg"",""distance"":1171,""url"":""\/monastyri\/monastery\/skit-muchenikov-vikentiya-i-dorimedonta-voznesenskogo-novo-nyametskogo-kitskanskogo-muzhskogo-monast\/"",""props"":{""eparhia"":null,""mitropolia"":null,""boss"":null,""type"":""скит епархиального монастыря"",""founded"":""1993""}}"
"{""name"":""Скит Николо - Шартомского монастыря в д. Большие Дворишки."",""lat"":""56.975818193099"",""long"":""41.528933824387"",""img"":""\/upload\/iblock\/9a9\/9a96ddae1b1d91e0ec9f94cb554921b3\/skit.jpg"",""distance"":230,""url"":""\/monastyri\/monastery\/skit-nikolo-shartomskogo-monastyrya-v-d-bolshie-dvorishki\/"",""props"":{""eparhia"":null,""mitropolia"":null,""boss"":null,""type"":""скит епархиального монастыря"",""founded"":""""}}"
"{""name"":""Скит Никольского мужского монастыря в честь преподобного Александра Свирского"",""lat"":""55.213531176504"",""long"":""73.245186833789"",""img"":null,""distance"":2150,""url"":""\/monastyri\/monastery\/skit-nikolskogo-muzhskogo-monastyrya-v-chest-prepodobnogo-aleksandra-svirskogo\/"",""props"":{""eparhia"":null,""mitropolia"":null,""boss"":null,""type"":""скит епархиального монастыря"",""founded"":""""}}"
"{""name"":""Скит Параклит Троице-Сергиевой лавры"",""lat"":""56.318175597546"",""long"":""38.235538299387"",""img"":""\/upload\/iblock\/e6e\/monasterium.rui_02.jpg"",""distance"":97,""url"":""\/monastyri\/monastery\/skit-paraklit-troitse-sergievoy-lavry\/"",""props"":{""eparhia"":null,""mitropolia"":null,""boss"":null,""type"":""подворье епархиального монастыря"",""founded"":""1858""}}"
"{""name"":""Скит Покровского женского монастыря Криворожской епархии"",""lat"":""48.098676366551"",""long"":""33.433154018058"",""img"":null,""distance"":907,""url"":""\/monastyri\/monastery\/skit-pokrovskogo-zhenskogo-monastyrya-krivorozhskoy-eparkhii\/"",""props"":{""eparhia"":null,""mitropolia"":null,""boss"":null,""type"":""скит епархиального монастыря"",""founded"":""2000""}}"
"{""name"":""Скит Покровского женского монастыря с. Дракино"",""lat"":""54.046912990295"",""long"":""43.27594245181"",""img"":""\/upload\/iblock\/b2d\/b2d7047f986174198dda35b2781bbccf\/475B9B0940D2_2.jpg"",""distance"":327,""url"":""\/monastyri\/monastery\/skit-pokrovskogo-zhenskogo-monastyrya-s-drakino\/"",""props"":{""eparhia"":null,""mitropolia"":null,""boss"":null,""type"":""скит епархиального монастыря"",""founded"":""2002""}}"
"{""name"":""Скит Рождества Пресвятой Богородицы в с.Сторожевое "",""lat"":""53.261276582125"",""long"":""36.317661418205"",""img"":""\/upload\/iblock\/7b1\/7b1621b9122f4569b2e9dd8273417cc8\/23376118_1884506371865897_7096039833405413226_n.jpg"",""distance"":302,""url"":""\/monastyri\/monastery\/skit-rozhdestva-presvyatoy-bogoroditsy-v-s-storozhevoe-\/"",""props"":{""eparhia"":null,""mitropolia"":null,""boss"":null,""type"":""Епархиальные монастыри Русской Православной Церкви"",""founded"":""2007""}}"
"{""name"":""Скит Рождества Пресвятой Богородицы села Коренское Рыльского Свято-Николаевского мужского монастыря"",""lat"":""51.537699409049"",""long"":""34.479591966613"",""img"":""\/upload\/iblock\/bab\/bab763a0ceb6696a4040d5d0556aad44\/skit4.jpg"",""distance"":531,""url"":""\/monastyri\/monastery\/skit-rozhdestva-presvyatoy-bogoroditsy-sela-korenskoe-rylskogo-svyato-nikolaevskogo-muzhskogo-monast\/"",""props"":{""eparhia"":null,""mitropolia"":null,""boss"":null,""type"":""скит епархиального монастыря"",""founded"":""""}}"
"{""name"":""Скит Святых новомучеников и исповедников Российских в городе Орле"",""lat"":""53.01762"",""long"":""36.16191"",""img"":""\/upload\/iblock\/9b1\/9b10ccf7603415433e82f670e46179df\/skit.jpg"",""distance"":331,""url"":""\/monastyri\/monastery\/skit-svyatykh-novomuchenikov-i-ispovednikov-rossiyskikh-v-gorode-orle\/"",""props"":{""eparhia"":null,""mitropolia"":null,""boss"":null,""type"":""скит епархиального монастыря"",""founded"":""2012""}}"
"{""name"":""Скит села Тимохино  Рыльского Свято-Николаевского мужского монастыря"",""lat"":""51.505323853307"",""long"":""34.680185527957"",""img"":""\/upload\/iblock\/d5b\/d5b8bc8f57a9c1acf7a61e495a658a6e\/skittimoh1.jpg"",""distance"":527,""url"":""\/monastyri\/monastery\/skit-sela-timokhino-rylskogo-svyato-nikolaevskogo-muzhskogo-monastyrya\/"",""props"":{""eparhia"":null,""mitropolia"":null,""boss"":null,""type"":""скит епархиального монастыря"",""founded"":""1999""}}"
"{""name"":""Скит Тамбовского Казанского монастыря в селе Воронцовка"",""lat"":""52.247641682283"",""long"":""41.152134251378"",""img"":""\/upload\/iblock\/5da\/5da51c7c8a08dba03e6b896a376f6af3\/skit.jpg"",""distance"":395,""url"":""\/monastyri\/monastery\/skit-tambovskogo-kazanskogo-monastyrya-v-sele-vorontsovka\/"",""props"":{""eparhia"":null,""mitropolia"":null,""boss"":null,""type"":""скит епархиального монастыря"",""founded"":""""}}"
"{""name"":""Скит Тихвинского женского монастыря Днепропетровской епархии в селе Волосское"",""lat"":""48.30347495683"",""long"":""35.129719115364"",""img"":null,""distance"":844,""url"":""\/monastyri\/monastery\/skit-tikhvinskogo-zhenskogo-monastyrya-dnepropetrovskoy-eparkhii-v-sele-volosskoe\/"",""props"":{""eparhia"":null,""mitropolia"":null,""boss"":null,""type"":""скит епархиального монастыря"",""founded"":""2001""}}"
"{""name"":""Скит Успенского мужского монастыря г. Красноярска во имя святителя Иоанна Милостивого пос. Манский"",""lat"":""55.893152253989"",""long"":""92.492058223526"",""img"":""\/upload\/iblock\/016\/18.jpg"",""distance"":3274,""url"":""\/monastyri\/monastery\/muzhskoy-skit-uspenskogo-muzhskogo-monastyrya-g-krasnoyarska-vo-imya-svyatitelya-ioanna-milostivogo-\/"",""props"":{""eparhia"":null,""mitropolia"":null,""boss"":null,""type"":""скит епархиального монастыря"",""founded"":""""}}"
"{""name"":""Скопинский Свято-Духов мужской монастырь"",""lat"":""53.800019475999"",""long"":""39.554951002625"",""img"":""\/upload\/iblock\/ec3\/ec32e1f2c4ba46b23c8e713404b49b81\/dukhov.png"",""distance"":198,""url"":""\/monastyri\/monastery\/skopinskiy-svyato-dukhov-muzhskoy-monastyr\/"",""props"":{""eparhia"":null,""mitropolia"":null,""boss"":null,""type"":""Епархиальные монастыри Русской Православной Церкви"",""founded"":""1385""}}"
"{""name"":""Скорбященский женский монастырь г. Нижний Тагил "",""lat"":""57.895493027069"",""long"":""59.997234566132"",""img"":""\/upload\/iblock\/367\/003.jpg.jpg"",""distance"":1310,""url"":""\/monastyri\/monastery\/skorbyashchenskiy-zhenskiy-monastyr-g-nizhniy-tagil-\/"",""props"":{""eparhia"":null,""mitropolia"":null,""boss"":null,""type"":""Епархиальные монастыри Русской Православной Церкви"",""founded"":""1902""}}"
"{""name"":""Скорбященский женский монастырь деревни Хмелево"",""lat"":""56.143303792114"",""long"":""39.143790341278"",""img"":""\/upload\/iblock\/ec6\/ec6948608b9041026bb8eacc0b32452d\/zh.jpg"",""distance"":71,""url"":""\/monastyri\/monastery\/skorbyashchenskiy-zhenskiy-monastyr-derevni-khmelevo\/"",""props"":{""eparhia"":null,""mitropolia"":null,""boss"":null,""type"":""Епархиальные монастыри Русской Православной Церкви"",""founded"":""1903""}}"
"{""name"":""Скорбященский женский монастырь Северодонецкой епархии"",""lat"":""49.276503020207"",""long"":""38.900080139391"",""img"":""\/upload\/iblock\/2cd\/1to2vudg50rucvw2cr1901div6zm6wq7\/00.jpg"",""distance"":696,""url"":""\/monastyri\/monastery\/skorbyashchenskiy-zhenskiy-monastyr-severodonetskoy-eparkhii\/"",""props"":{""eparhia"":null,""mitropolia"":null,""boss"":null,""type"":""Монастыри УПЦ МП"",""founded"":""1993""}}"
"{""name"":""Слуцкий женский монастырь в честь  праведной Софии Слуцкой в г. Слуцке Слуцкой епархии "",""lat"":""53.016343770706"",""long"":""27.564357228836"",""img"":""\/upload\/iblock\/df7\/df7f51c8c3724786a9a01f28371fd271\/9abcdca4ab402c9c549c0a81fe24f131.jpg"",""distance"":785,""url"":""\/monastyri\/monastery\/slutskiy-zhenskiy-monastyr-v-chest-pravednoy-sofii-slutskoy-v-g-slutske-slutskoy-eparkhii-\/"",""props"":{""eparhia"":null,""mitropolia"":null,""boss"":null,""type"":""Монастыри Белорусской Православной Церкви"",""founded"":""2013""}}"
"{""name"":""Свято-Смоленская Зосимова пустынь близ ст. Арсаки"",""lat"":""56.359105"",""long"":""38.42799"",""img"":""\/upload\/iblock\/ad9\/ad9d31c482deb42a6bd352916df233a7\/1.jpg"",""distance"":97,""url"":""\/monastyri\/monastery\/svyato-smolenskaya-zosimova-pustyn-bliz-st-arsaki\/"",""props"":{""eparhia"":null,""mitropolia"":null,""boss"":null,""type"":""Епархиальные монастыри Русской Православной Церкви"",""founded"":""1680""}}"
"{""name"":""Смоленско-Корнилиевская церковь . Приписной храм Переславского Никольского монастыря."",""lat"":""56.730823233147"",""long"":""38.839835253967"",""img"":""\/upload\/iblock\/331\/026.jpg"",""distance"":134,""url"":""\/monastyri\/monastery\/khram-v-chest-ikony-bozhiey-materi-smolenskoy-smolensko-kornilievskaya-tserkov-pripisnoy-khram-peres\/"",""props"":{""eparhia"":null,""mitropolia"":null,""boss"":null,""type"":""приписной храм епархиального монастыря"",""founded"":""1694""}}"
"{""name"":""Собор Казанской иконы Божией Матери"",""lat"":""56.086669311882"",""long"":""45.05997575924"",""img"":""\/upload\/iblock\/745\/745f2469e6a95b387cd56c709ec4c21c\/Sobor-Kazanskoy-ikony-Bozhiey-Materi.jpg"",""distance"":392,""url"":""\/monastyri\/monastery\/sobor-kazanskoy-ikony-bozhiey-materi\/"",""props"":{""eparhia"":null,""mitropolia"":null,""boss"":null,""type"":""подворье епархиального монастыря"",""founded"":""""}}"
"{""name"":""Соликамский Красносельский Иоанно-Предтеченский женский монастырь"",""lat"":""59.638424189836"",""long"":""56.738483923279"",""img"":""\/upload\/iblock\/53b\/bfvtm3eppprhwfn9a6sq3smr6jwdzm82\/IMG_6758.JPG"",""distance"":1155,""url"":""\/monastyri\/monastery\/solikamskiy-krasnoselskiy-ioanno-predtechenskiy-zhenskiy-monastyr\/"",""props"":{""eparhia"":null,""mitropolia"":null,""boss"":null,""type"":""Епархиальные монастыри Русской Православной Церкви"",""founded"":""1894""}}"
"{""name"":""Соликамский Свято-Троицкий мужской монастырь"",""lat"":""59.646050375045"",""long"":""56.760865398148"",""img"":""\/upload\/iblock\/2f4\/2f4e5ce8ad6b7c3a0ca0fb9e4890a097\/55.jpg"",""distance"":1156,""url"":""\/monastyri\/monastery\/solikamskiy-svyato-troitskiy-muzhskoy-monastyr\/"",""props"":{""eparhia"":null,""mitropolia"":null,""boss"":null,""type"":""Епархиальные монастыри Русской Православной Церкви"",""founded"":""1698""}}"
"{""name"":""Солотчинский Рождества Богородицы женский монастырь в г. Рязани"",""lat"":""54.791283"",""long"":""39.833737"",""img"":""\/upload\/iblock\/6d1\/6d107aaa502a8d29a1e7783d8ddf791a\/64.png"",""distance"":103,""url"":""\/monastyri\/monastery\/solotchinskiy-rozhdestva-bogoroditsy-zhenskiy-monastyr-v-g-ryazani\/"",""props"":{""eparhia"":null,""mitropolia"":null,""boss"":null,""type"":""Епархиальные монастыри Русской Православной Церкви"",""founded"":""1390""}}"
"{""name"":""Софийский женский монастырь г. Рыбинск"",""lat"":""58.0298253078"",""long"":""38.831513857748"",""img"":""\/upload\/iblock\/a5d\/004.jpg"",""distance"":278,""url"":""\/monastyri\/monastery\/sofiyskiy-zhenskiy-monastyr\/"",""props"":{""eparhia"":null,""mitropolia"":null,""boss"":null,""type"":""Епархиальные монастыри Русской Православной Церкви"",""founded"":""1860""}}"
"{""name"":""Софрониево-Молченская Печерская Пустынь Рождества Богородицы Конотопской епархии "",""lat"":""51.34156"",""long"":""34.153444"",""img"":""\/upload\/iblock\/1b0\/8tceymo6aarr6c3v20yvusdiramon03a\/00-_1_.jpg"",""distance"":561,""url"":""\/monastyri\/monastery\/sofronievo-molchenskaya-pecherskaya-pustyn-rozhdestva-bogoroditsy-konotopskoy-eparkhii-\/"",""props"":{""eparhia"":null,""mitropolia"":null,""boss"":null,""type"":""Монастыри УПЦ МП"",""founded"":""""}}"
"{""name"":""Спасо-Афанасиевский мужской монастырь"",""lat"":""57.624891140057"",""long"":""39.894862677246"",""img"":""\/upload\/iblock\/ead\/970d81b5_16e0_45ca_aa54_0ae754e81ca5.jpg"",""distance"":242,""url"":""\/monastyri\/monastery\/spaso-afanasievskiy-muzhskoy-monastyr\/"",""props"":{""eparhia"":null,""mitropolia"":null,""boss"":null,""type"":""Епархиальные монастыри Русской Православной Церкви"",""founded"":""1615""}}"
"{""name"":""Спасо-Бородинский женский монастырь"",""lat"":""55.504198839921"",""long"":""35.829295422667"",""img"":""\/upload\/iblock\/86d\/86d53c2fb25aaa25913a05162ec9ddcd\/3.jpg"",""distance"":192,""url"":""\/monastyri\/monastery\/spaso-borodinskiy-zhenskiy-monastyr\/"",""props"":{""eparhia"":null,""mitropolia"":null,""boss"":null,""type"":""Епархиальные монастыри Русской Православной Церкви"",""founded"":""1817""}}"
"{""name"":""Спасо-Вифанский монастырь"",""lat"":""56.288819171949"",""long"":""38.176894739426"",""img"":""\/upload\/iblock\/68c\/monasterium.ru_01.jpg"",""distance"":95,""url"":""\/monastyri\/monastery\/spaso-vifanskiy-monastyr\/"",""props"":{""eparhia"":null,""mitropolia"":null,""boss"":null,""type"":""скит ставропигиального монастыря"",""founded"":""1783""}}"
"{""name"":""Спасо-Влахернский женский монастырь с.Деденево"",""lat"":""56.240499725981"",""long"":""37.518826852043"",""img"":""\/upload\/iblock\/93f\/93f8558328c97750025f00cdf2586722\/gallery_6_23.jpg"",""distance"":116,""url"":""\/monastyri\/monastery\/spaso-vlakhernskiy-zhenskiy-monastyr-s-dedenevo\/"",""props"":{""eparhia"":null,""mitropolia"":null,""boss"":null,""type"":""Епархиальные монастыри Русской Православной Церкви"",""founded"":""1861""}}"
"{""name"":""Спасо-Евфросиниевский митрополичий женский монастырь в г. Полоцке"",""lat"":""55.503804788176"",""long"":""28.780207446938"",""img"":""\/upload\/iblock\/715\/71551e72470505babd52fc9b6a240216\/1.jpg"",""distance"":635,""url"":""\/monastyri\/monastery\/spaso-evfrosinievskiy-ctavropigialnyy-zhenskiy-monastyr-v-g-polotske\/"",""props"":{""eparhia"":null,""mitropolia"":null,""boss"":null,""type"":""Монастыри Белорусской Православной Церкви"",""founded"":""1125""}}"
"{""name"":""Спасо-Елеазаровский женский монастырь д. Елизарово "",""lat"":""58.049810585803"",""long"":""28.192355634888"",""img"":""\/upload\/iblock\/929\/929336f41824e0d141da0e9c1760e165\/0.jpg"",""distance"":708,""url"":""\/monastyri\/monastery\/spaso-eleazarovskiy-zhenskiy-monastyr-d-elezarovo\/"",""props"":{""eparhia"":null,""mitropolia"":null,""boss"":null,""type"":""Епархиальные монастыри Русской Православной Церкви"",""founded"":""1447""}}"
"{""name"":""Спасо-Казанский женский монастырь г. Остров"",""lat"":""57.339079453585"",""long"":""28.361397199753"",""img"":""\/upload\/iblock\/00d\/00d3e1f3220e79d5b26618ff0987ed1f\/00000.jpg"",""distance"":677,""url"":""\/monastyri\/monastery\/spaso-kazanskiy-zhenskiy-monastyr-g-ostrove\/"",""props"":{""eparhia"":null,""mitropolia"":null,""boss"":null,""type"":""Епархиальные монастыри Русской Православной Церкви"",""founded"":""1897""}}"
"{""name"":""Спасо-Каменный Преображенский мужской монастырь на о. Каменный"",""lat"":""59.60758"",""long"":""39.5729"",""img"":""\/upload\/iblock\/bf9\/bf94bec7001157dceef8b27c935fe50d\/1.jpg"",""distance"":456,""url"":""\/monastyri\/monastery\/spaso-kamennyy-preobrazhenskiy-muzhskoy-monastyr-na-o-kamennyy\/"",""props"":{""eparhia"":null,""mitropolia"":null,""boss"":null,""type"":""Епархиальные монастыри Русской Православной Церкви"",""founded"":""1260""}}"
"{""name"":""Спасо-Покровский женский монастырь Житомирской епархии"",""lat"":""50.207681"",""long"":""27.68958"",""img"":""\/upload\/iblock\/ace\/8jqj5sh1djt41s4hfdn5lud1ive8vxxa\/00-_1_.jpg"",""distance"":955,""url"":""\/monastyri\/monastery\/spaso-pokrovskiy-zhenskiy-monastyr-zhitomirskoy-eparkhii\/"",""props"":{""eparhia"":null,""mitropolia"":null,""boss"":null,""type"":""Монастыри УПЦ МП"",""founded"":""2017""}}"
"{""name"":""Спасо-Преображенская пустынь, скит  Рижского Свято-Троице-Сергиева женского монастыря"",""lat"":""56.73446"",""long"":""23.694313"",""img"":""\/upload\/iblock\/468\/0_1568373104_baznica_18_098.jpg"",""distance"":949,""url"":""\/monastyri\/monastery\/spaso-preobrazhenskaya-pustyn-skit-rizhskogo-svyato-troitse-sergieva-zhenskogo-monastyrya\/"",""props"":{""eparhia"":null,""mitropolia"":null,""boss"":null,""type"":""скит епархиального монастыря"",""founded"":""1894""}}"
"{""name"":""Спасо-Преображенский  женский монастырь Киевской епархии "",""lat"":""50.724214"",""long"":""29.611433"",""img"":""\/upload\/iblock\/cdf\/2vkc45jlznn6burpdvatvsrnyzxcunce\/img-_4_.jpg"",""distance"":816,""url"":""\/monastyri\/monastery\/spaso-preobrazhenskiy-zhenskiy-monastyr-kievskoy-eparkhii-\/"",""props"":{""eparhia"":null,""mitropolia"":null,""boss"":null,""type"":""Монастыри УПЦ МП"",""founded"":""2002""}}"
"{""name"":""Спасо-Преображенский  мужской монастырь в г. Рославль"",""lat"":""53.951562092377"",""long"":""32.863428671303"",""img"":""\/upload\/iblock\/ac1\/ac1d728f25cac583de244d21f400110c\/11.jpg"",""distance"":424,""url"":""\/monastyri\/monastery\/spaso-preobrazhenskiy-muzhskoy-monastyr-v-g-roslavl\/"",""props"":{""eparhia"":null,""mitropolia"":null,""boss"":null,""type"":""Епархиальные монастыри Русской Православной Церкви"",""founded"":""1560""}}"
"{""name"":""Спасо-Преображенский Авраамиев мужской монастырь в г. Смоленск"",""lat"":""54.784037350815"",""long"":""32.064097840614"",""img"":""\/upload\/iblock\/8cb\/8cb6e6883d4c102716efa1ca3c5f108e\/Foto-monastyrya-kak-na-Valaame.jpg"",""distance"":441,""url"":""\/monastyri\/monastery\/spaso-preobrazhenskiy-avraamiev-muzhskoy-monastyr-v-g-smolensk\/"",""props"":{""eparhia"":null,""mitropolia"":null,""boss"":null,""type"":""Епархиальные монастыри Русской Православной Церкви"",""founded"":""1210""}}"
"{""name"":""Спасо-Преображенский Антониево-Леохновский мужской монастырь "",""lat"":""58.025591"",""long"":""30.998281"",""img"":""\/upload\/iblock\/b7b\/omjd6tc17xlx9va57exqma1k9vdfy9yz\/cIsc30iQfWg.jpg"",""distance"":554,""url"":""\/monastyri\/monastery\/spaso-preobrazhenskiy-antonievo-leokhnovskiy-muzhskoy-monastyr-\/"",""props"":{""eparhia"":null,""mitropolia"":null,""boss"":null,""type"":""Епархиальные монастыри Русской Православной Церкви"",""founded"":""1556""}}"
"{""name"":""Спасо-Преображенский Борисовский женский монастырь Одесской епархии"",""lat"":""45.754006"",""long"":""29.618477"",""img"":""\/upload\/iblock\/11c\/d7wi92lq9qbzcqaqrendecocn1zy9568\/01.jpg"",""distance"":1266,""url"":""\/monastyri\/monastery\/spaso-preobrazhenskiy-borisovskiy-zhenskiy-monastyr-odesskoy-eparkhii\/"",""props"":{""eparhia"":null,""mitropolia"":null,""boss"":null,""type"":""Монастыри УПЦ МП"",""founded"":""1905""}}"
"{""name"":""Спасо-Преображенский Валаамский ставропигиальный мужской монастырь"",""lat"":""61.38895645346"",""long"":""30.949373155689"",""img"":""\/upload\/iblock\/cda\/111.jpg"",""distance"":797,""url"":""\/monastyri\/monastery\/valaamskiy-spaso-preobrazhenskiy-stavropigialnyy-muzhskoy-monastyr\/"",""props"":{""eparhia"":null,""mitropolia"":null,""boss"":null,""type"":""Ставропигиальные монастыри Русской Православной Церкви"",""founded"":""0""}}"
"{""name"":""Спасо-Преображенский Варлаамо-Хутынский женский монастырь "",""lat"":""58.587138604697"",""long"":""31.395122152561"",""img"":""\/upload\/iblock\/dfb\/dfb1251da82a10b5093f83424a77fd0e\/01.jpg"",""distance"":566,""url"":""\/monastyri\/monastery\/spaso-preobrazhenskiy-varlaamo-khutynskiy-zhenskiy-monastyr-\/"",""props"":{""eparhia"":null,""mitropolia"":null,""boss"":null,""type"":""Епархиальные монастыри Русской Православной Церкви"",""founded"":""1192""}}"
"{""name"":""Спасо-Преображенский Геннадиев мужской монастырь"",""lat"":""58.208799421731"",""long"":""40.928045865143"",""img"":""\/upload\/iblock\/e20\/1-_2_.jpg"",""distance"":323,""url"":""\/monastyri\/monastery\/spaso-preobrazhenskiy-gennadiev-muzhskoy-monastyr\/"",""props"":{""eparhia"":null,""mitropolia"":null,""boss"":null,""type"":""Епархиальные монастыри Русской Православной Церкви"",""founded"":""1529""}}"
"{""name"":""Спасо-Преображенский женский монастырь города Севска "",""lat"":""52.170752113842"",""long"":""34.508210576721"",""img"":""\/upload\/iblock\/0f5\/0f5ebebf3754e1947667518cd630ed75\/K3IkHi52kH0.jpg"",""distance"":471,""url"":""\/monastyri\/monastery\/spaso-preobrazhenskiy-zhenskiy-monastyr-goroda-sevska-\/"",""props"":{""eparhia"":null,""mitropolia"":null,""boss"":null,""type"":""Епархиальные монастыри Русской Православной Церкви"",""founded"":""1631""}}"
"{""name"":""Спасо-Преображенский женский  монастырь на Владимирской горке"",""lat"":""56.134998308817"",""long"":""47.229654732788"",""img"":""\/upload\/iblock\/b9c\/b9c9977e241eff22f0fa2022facfc493\/1.jpg"",""distance"":526,""url"":""\/monastyri\/monastery\/spaso-preobrazhenskiy-zhenskiy-monastyr-na-vladimirskoy-gorke\/"",""props"":{""eparhia"":null,""mitropolia"":null,""boss"":null,""type"":""Епархиальные монастыри Русской Православной Церкви"",""founded"":""1899""}}"
"{""name"":""Спасо-Преображенский женский монастырь на реке Угре в городе Калуге "",""lat"":""54.492693639493"",""long"":""36.096915085657"",""img"":""\/upload\/iblock\/44f\/q5n1is144817kif1dmq9s3tboxa7s34t\/080_1.jpg"",""distance"":212,""url"":""\/monastyri\/monastery\/spaso-preobrazhenskiy-zhenskiy-monastyr-na-reke-ugre-v-gorode-kaluge-\/"",""props"":{""eparhia"":null,""mitropolia"":null,""boss"":null,""type"":""Епархиальные монастыри Русской Православной Церкви"",""founded"":""1511""}}"
"{""name"":""Спасо-Преображенский женский монастырь села Спас-Купалище "",""lat"":""56.148009053907"",""long"":""40.819019145508"",""img"":""\/upload\/iblock\/18a\/image1.jpeg"",""distance"":140,""url"":""\/monastyri\/monastery\/spaso-preobrazhenskiy-zhenskiy-monastyr-sela-spas-kupalishche-\/"",""props"":{""eparhia"":null,""mitropolia"":null,""boss"":null,""type"":""Епархиальные монастыри Русской Православной Церкви"",""founded"":""2021""}}"
"{""name"":""Спасо-Преображенский женский монастырь Черкасской епархии"",""lat"":""49.396937"",""long"":""31.102625"",""img"":""\/upload\/iblock\/e84\/lij1kc88k71vutqevlhj33evnxxynjsy\/00.jpg"",""distance"":861,""url"":""\/monastyri\/monastery\/spaso-preobrazhenskiy-zhenskiy-monastyr-cherkasskoy-eparkhii\/"",""props"":{""eparhia"":null,""mitropolia"":null,""boss"":null,""type"":""Монастыри УПЦ МП"",""founded"":""2003""}}"
"{""name"":""Спасо-Преображенский Киево-Межигорский мужской монастырь Бориспольской епархии "",""lat"":""50.623359"",""long"":""30.466223"",""img"":""\/upload\/iblock\/a8b\/qo84wad89lw35nx6x1zvyxpky629wxvi\/00.jpg"",""distance"":783,""url"":""\/monastyri\/monastery\/spaso-preobrazhenskiy-kievo-mezhigorskiy-muzhskoy-monastyr-borispolskoy-eparkhii-\/"",""props"":{""eparhia"":null,""mitropolia"":null,""boss"":null,""type"":""Монастыри УПЦ МП"",""founded"":""2011""}}"
"{""name"":""Спасо-Преображенский Макариево-Писемский женский монастырь"",""lat"":""58.330796163977"",""long"":""41.35380883317"",""img"":""\/upload\/iblock\/bdb\/bdb917e681117374892bc376da2d7cf2\/preobr1.jpg"",""distance"":346,""url"":""\/monastyri\/monastery\/spaso-preobrazhenskiy-makarievo-pisemskiy-zhenskiy-monastyr\/"",""props"":{""eparhia"":null,""mitropolia"":null,""boss"":null,""type"":""Епархиальные монастыри Русской Православной Церкви"",""founded"":""1393""}}"
"{""name"":""Спасо-Преображенский Мгарский мужской монастырь Полтавской  епархии"",""lat"":""50.029234038411"",""long"":""33.055943141209"",""img"":""\/upload\/iblock\/f7c\/ptx6o7je5dpljnlf989w0sulkg071gwe\/00.jpg"",""distance"":726,""url"":""\/monastyri\/monastery\/spaso-preobrazhenskiy-mgarskiy-muzhskoy-monastyr-poltavskoy-eparkhii\/"",""props"":{""eparhia"":null,""mitropolia"":null,""boss"":null,""type"":""Монастыри УПЦ МП"",""founded"":""1616""}}"
"{""name"":""Спасо-Преображенский Мирожский мужской монастырь"",""lat"":""57.805853426953"",""long"":""28.328740194443"",""img"":""\/upload\/iblock\/af5\/af59c51497c652f6bd0bb29e87962a57\/1.jpg"",""distance"":692,""url"":""\/monastyri\/monastery\/spaso-preobrazhenskiy-mirozhskiy-muzhskoy-monastyr\/"",""props"":{""eparhia"":null,""mitropolia"":null,""boss"":null,""type"":""Епархиальные монастыри Русской Православной Церкви"",""founded"":""1156""}}"
"{""name"":""Спасо-Преображенский мужской монастырь Бориспольской епархии"",""lat"":""50.461412281297"",""long"":""30.782513515523"",""img"":""\/upload\/iblock\/860\/riwdz8w0atftau4j6pi9u4v19vyq29v4\/00.jpg"",""distance"":781,""url"":""\/monastyri\/monastery\/spaso-preobrazhenskiy-muzhskoy-monastyr-borispolskoy-eparkhii\/"",""props"":{""eparhia"":null,""mitropolia"":null,""boss"":null,""type"":""Монастыри УПЦ МП"",""founded"":""""}}"
"{""name"":""Спасо-Преображенский мужской монастырь в г. Муроме"",""lat"":""55.572848853491"",""long"":""42.065892915344"",""img"":""\/upload\/iblock\/98d\/98da95614718fd2e283c7c97a74b893e\/6.jpg"",""distance"":201,""url"":""\/monastyri\/monastery\/spaso-preobrazhenskiy-muzhskoy-monastyr-v-g-murome\/"",""props"":{""eparhia"":null,""mitropolia"":null,""boss"":null,""type"":""Епархиальные монастыри Русской Православной Церкви"",""founded"":""1096""}}"
"{""name"":""Спасо-Преображенский мужской монастырь в п. Преображенский"",""lat"":""54.378839110883"",""long"":""43.828470166687"",""img"":""\/upload\/iblock\/906\/90662a544d7441d59a5209799e5402bc\/spaso_preobrazhenskii_monastyr2.jpg"",""distance"":342,""url"":""\/monastyri\/monastery\/spaso-preobrazhenskiy-muzhskoy-monastyr-v-p-preobrazhenskiy\/"",""props"":{""eparhia"":null,""mitropolia"":null,""boss"":null,""type"":""Епархиальные монастыри Русской Православной Церкви"",""founded"":""""}}"
"{""name"":""Спасо-Преображенский мужской монастырь Вознесенской епархии"",""lat"":""47.630556"",""long"":""30.999104"",""img"":""\/upload\/iblock\/662\/c3p236m4auyr3c77hqyc2aaa2v37du32\/153.jpg"",""distance"":1032,""url"":""\/monastyri\/monastery\/spaso-preobrazhenskiy-muzhskoy-monastyr-voznesenskoy-eparkhii\/"",""props"":{""eparhia"":null,""mitropolia"":null,""boss"":null,""type"":""Монастыри УПЦ МП"",""founded"":""2018""}}"
"{""name"":""Спасо-Преображенский мужской монастырь Могилев-Подольской епархии "",""lat"":""48.646497"",""long"":""27.469964"",""img"":""\/upload\/iblock\/e09\/uodhoc83zutcs7tstwrmteozn2tc2rjz\/00.jpg"",""distance"":1090,""url"":""\/monastyri\/monastery\/spaso-preobrazhenskiy-muzhskoy-monastyr-mogilev-podolskoy-eparkhii-\/"",""props"":{""eparhia"":null,""mitropolia"":null,""boss"":null,""type"":""Монастыри УПЦ МП"",""founded"":""1248""}}"
"{""name"":""Спасо-Преображенский мужской монастырь с. Хмелево  Брестской епархии"",""lat"":""52.251706886008"",""long"":""23.887754042328"",""img"":""\/upload\/iblock\/4ee\/4ee528603d4786b5b5ebfb90f4ef8e12\/monastyr.jpg"",""distance"":1046,""url"":""\/monastyri\/monastery\/spaso-preobrazhenskiy-muzhskoy-monastyr-s-khmelevo-brestskoy-eparkhii\/"",""props"":{""eparhia"":null,""mitropolia"":null,""boss"":null,""type"":""Монастыри Белорусской Православной Церкви"",""founded"":""""}}"
"{""name"":""Спасо-Преображенский мужской монастырь Хустской епархии"",""lat"":""48.108501124376"",""long"":""23.562900752817"",""img"":""\/upload\/iblock\/41c\/93uu7415zpu6r6g9j9xiwm7f5hufutmd\/00.jpg"",""distance"":1333,""url"":""\/monastyri\/monastery\/spaso-preobrazhenskiy-muzhskoy-monastyr-khustskoy-eparkhii\/"",""props"":{""eparhia"":null,""mitropolia"":null,""boss"":null,""type"":""Монастыри УПЦ МП"",""founded"":""""}}"
"{""name"":""Спасо-Преображенский Нещеровский мужской монастырь Киевской епархии  "",""lat"":""50.149824317987"",""long"":""30.624362359093"",""img"":""\/upload\/iblock\/7ef\/o7sbmc6f0unsqwx51xtvhlnakcifs5jr\/00.jpg"",""distance"":815,""url"":""\/monastyri\/monastery\/spaso-preobrazhenskiy-neshcherovskiy-muzhskoy-monastyr-kievskoy-eparkhii-\/"",""props"":{""eparhia"":null,""mitropolia"":null,""boss"":null,""type"":""Монастыри УПЦ МП"",""founded"":""2005""}}"
"{""name"":""Спасо-Преображенский Посольский монастырь мужской  в селе Посольское"",""lat"":""52.017567459096"",""long"":""106.17841096455"",""img"":""\/upload\/iblock\/3ab\/3ab1dd9faa9f456c37a8ad0e66ce9181\/1.jpg"",""distance"":4265,""url"":""\/monastyri\/monastery\/spaso-preobrazhenskiy-posolskiy-monastyr-muzhskoy-v-sele-posolskoe\/"",""props"":{""eparhia"":null,""mitropolia"":null,""boss"":null,""type"":""Епархиальные монастыри Русской Православной Церкви"",""founded"":""1681""}}"
"{""name"":""Спасо-Преображенский Ржищевский мужской монастырь Белоцерковской епархии"",""lat"":""49.975716"",""long"":""31.100056"",""img"":""\/upload\/iblock\/e0a\/eybn0ib4gt6abomwtvzpppvq0443168k\/i.jpg"",""distance"":809,""url"":""\/monastyri\/monastery\/spaso-preobrazhenskiy-rzhishchevskiy-muzhskoy-monastyr-belotserkovskoy-eparkhii\/"",""props"":{""eparhia"":null,""mitropolia"":null,""boss"":null,""type"":""Монастыри УПЦ МП"",""founded"":""0""}}"
"{""name"":""Спасо-Преображенский собор. Приписной храм Переславского Никольского монастыря"",""lat"":""56.735934082897"",""long"":""38.852111415344"",""img"":""\/upload\/iblock\/fb6\/025.jpg"",""distance"":134,""url"":""\/monastyri\/monastery\/spaso-preobrazhenskiy-sobor-pripisnoy-khram-pereslavskogo-nikolskogo-monastyrya\/"",""props"":{""eparhia"":null,""mitropolia"":null,""boss"":null,""type"":""приписной храм епархиального монастыря"",""founded"":""1152""}}"
"{""name"":""Спасо-Преображенский собор, Лысково"",""lat"":""56.043367916573"",""long"":""45.031604747694"",""img"":""\/upload\/iblock\/6f5\/6f52ec849e11a9274fd3d8193b03eca4\/00000065444654.jpg"",""distance"":389,""url"":""\/monastyri\/monastery\/spaso-preobrazhenskiy-sobor-lyskovo\/"",""props"":{""eparhia"":null,""mitropolia"":null,""boss"":null,""type"":""подворье епархиального монастыря"",""founded"":""""}}"
"{""name"":""Спасо-Преображенский Соловецкий ставропигиальный мужской монастырь"",""lat"":""65.024281782521"",""long"":""35.710393015808"",""img"":""\/upload\/iblock\/c96\/0.jpg"",""distance"":1070,""url"":""\/monastyri\/monastery\/spaso-preobrazhenskiy-solovetskiy-stavropigialnyy-muzhskoy-monastyr\/"",""props"":{""eparhia"":null,""mitropolia"":null,""boss"":null,""type"":""Ставропигиальные монастыри Русской Православной Церкви"",""founded"":""""}}"
"{""name"":""Спасо-Преображенский Толшевский женский  монастырь г. Воронежа "",""lat"":""51.878275821357"",""long"":""39.657098609977"",""img"":""\/upload\/iblock\/8a3\/8a3fa3cb05df539a7645b901ace2927a\/001.jpg"",""distance"":410,""url"":""\/monastyri\/monastery\/spaso-preobrazhenskiy-tolshevskiy-zhenskiy-monastyr-g-voronezha-\/"",""props"":{""eparhia"":null,""mitropolia"":null,""boss"":null,""type"":""Епархиальные монастыри Русской Православной Церкви"",""founded"":""16""}}"
"{""name"":""Спасо-Прилуцкий Димитриев мужской  монастырь г. Вологды"",""lat"":""59.262093401769"",""long"":""39.889361397484"",""img"":""\/upload\/iblock\/7b5\/7b5fb4080dd8c2bc597c76bff4282015\/6F7yczvojuY.jpg"",""distance"":420,""url"":""\/monastyri\/monastery\/spaso-prilutskiy-dimitriev-muzhskoy-monastyr-g-vologdy\/"",""props"":{""eparhia"":null,""mitropolia"":null,""boss"":null,""type"":""Епархиальные монастыри Русской Православной Церкви"",""founded"":""1371""}}"
"{""name"":""Спасо-Рождественское подворье Ионо-Яшезерского мужского монастыря."",""lat"":""61.366170701359"",""long"":""35.355969854492"",""img"":""\/upload\/iblock\/86e\/86ef38a458af40d36986d6de70e01a5a\/wwsyhgBH0zs.jpg"",""distance"":681,""url"":""\/monastyri\/monastery\/spaso-rozhdestvenskoe-podvore-iono-yashezerskogo-muzhskogo-monastyrya\/"",""props"":{""eparhia"":null,""mitropolia"":null,""boss"":null,""type"":""подворье епархиального монастыря"",""founded"":""2004""}}"
"{""name"":""Спасо-Яковлевский Димитриев мужской монастырь в Ростове Великом"",""lat"":""57.17432762998"",""long"":""39.392644067459"",""img"":""\/upload\/iblock\/c61\/i.jpg"",""distance"":186,""url"":""\/monastyri\/monastery\/spaso-yakovlevskiy-dimitriev-muzhskoy-monastyr-v-rostove-velikom\/"",""props"":{""eparhia"":null,""mitropolia"":null,""boss"":null,""type"":""Епархиальные монастыри Русской Православной Церкви"",""founded"":""1386""}}"
"{""name"":""Спасский женский монастырь г. Кобрина Брестской епархии"",""lat"":""52.214740169709"",""long"":""24.355713008598"",""img"":""\/upload\/iblock\/8c0\/8c0c4fd9bd444170c9bef47c6d4bf421\/monastyr-1.jpg"",""distance"":1019,""url"":""\/monastyri\/monastery\/spasskiy-zhenskiy-monastyr-g-kobrina-brestskoy-eparkhii\/"",""props"":{""eparhia"":null,""mitropolia"":null,""boss"":null,""type"":""Монастыри Белорусской Православной Церкви"",""founded"":""1465""}}"
"{""name"":""Спасский женский монастырь с. Костомарово"",""lat"":""50.685254573208"",""long"":""39.748446427837"",""img"":""\/upload\/iblock\/11c\/013.jpg"",""distance"":542,""url"":""\/monastyri\/monastery\/spasskiy-zhenskiy-monastyr-s-kostomarovo\/"",""props"":{""eparhia"":null,""mitropolia"":null,""boss"":null,""type"":""Епархиальные монастыри Русской Православной Церкви"",""founded"":""""}}"
"{""name"":""Спасское подворье Троицкого Чуфаровского  мужского монастыря"",""lat"":""54.056365255725"",""long"":""44.739593973355"",""img"":""\/upload\/iblock\/fc7\/fc7888d61b3fc5c000506174c728be0b\/spp.jpg"",""distance"":411,""url"":""\/monastyri\/monastery\/spasskoe-podvore-troitskogo-chufarovskogo-muzhskogo-monastyrya\/"",""props"":{""eparhia"":null,""mitropolia"":null,""boss"":null,""type"":""подворье епархиального монастыря"",""founded"":""""}}"
"{""name"":""Сретенский женский монастырь в с. Батурино"",""lat"":""52.333803"",""long"":""107.857283"",""img"":""\/upload\/iblock\/ce7\/ce7254b6dc01db28c28de228a12fa90b\/1.jpg"",""distance"":4342,""url"":""\/monastyri\/monastery\/sretenskiy-zhenskiy-monastyr-v-s-baturino\/"",""props"":{""eparhia"":null,""mitropolia"":null,""boss"":null,""type"":""Епархиальные монастыри Русской Православной Церкви"",""founded"":""2000""}}"
"{""name"":""Сретенский женский монастырь г. Гороховца"",""lat"":""56.206637010663"",""long"":""42.679480835059"",""img"":""\/upload\/iblock\/101\/05852_20121212_145422.jpg"",""distance"":249,""url"":""\/monastyri\/monastery\/svyato-sretenskiy-zhenskiy-monastyr-g-gorokhovtsa\/"",""props"":{""eparhia"":null,""mitropolia"":null,""boss"":null,""type"":""Епархиальные монастыри Русской Православной Церкви"",""founded"":""1658""}}"
"{""name"":""Свято-Сретенский Михновский женский монастырь Волынской епархии"",""lat"":""51.656697"",""long"":""24.794465"",""img"":""\/upload\/iblock\/300\/uqn15o4rvrgvdxm75sz1ejrxbp7d0kv2\/00.jpg"",""distance"":1022,""url"":""\/monastyri\/monastery\/svyato-sretenskiy-mikhnovskiy-zhenskiy-monastyr-volynskoy-eparkhii\/"",""props"":{""eparhia"":null,""mitropolia"":null,""boss"":null,""type"":""Монастыри УПЦ МП"",""founded"":""1642""}}"
"{""name"":""Сретенский скит Успенской Тихоновой пустыни"",""lat"":""54.64154827427"",""long"":""36.140938793319"",""img"":""\/upload\/iblock\/87c\/87c487ede8190f89d9c86686fc7c34c0\/01468_20170728_072457.jpg"",""distance"":201,""url"":""\/monastyri\/monastery\/sretenskiy-skit\/"",""props"":{""eparhia"":null,""mitropolia"":null,""boss"":null,""type"":""скит епархиального монастыря"",""founded"":""""}}"
"{""name"":""Сретенский ставропигиальный мужской монастырь"",""lat"":""55.765509081868"",""long"":""37.630027736771"",""img"":""\/upload\/iblock\/e64\/00.jpg"",""distance"":83,""url"":""\/monastyri\/monastery\/sretenskiy-stavropigialnyy-muzhskoy-monastyr\/"",""props"":{""eparhia"":null,""mitropolia"":null,""boss"":null,""type"":""Ставропигиальные монастыри Русской Православной Церкви"",""founded"":""1395""}}"
"{""name"":""Сретенское подворье Свято-Троицкого Густынского женского монастыря Нежинской епархии"",""lat"":""50.59567686597"",""long"":""32.388098566132"",""img"":""\/upload\/iblock\/acb\/c90b8w1nucly27kgrsmff3at6zx111or\/00-_1_.jpg"",""distance"":699,""url"":""\/monastyri\/monastery\/sretenskoe-podvore-svyato-troitskogo-gustynskogo-zhenskogo-monastyrya-nezhinskoy-eparkhii\/"",""props"":{""eparhia"":null,""mitropolia"":null,""boss"":null,""type"":""Патриаршие приходы в США"",""founded"":""""}}"
"{""name"":""Ставропигиальный женский монастырь в честь Афонской иконы Божией Матери Киевской епархии "",""lat"":""50.809715695645"",""long"":""28.926320031738"",""img"":""\/upload\/iblock\/63a\/0y39itcn232qg77yfwqvmecvlpz0vumd\/25.jpg"",""distance"":845,""url"":""\/monastyri\/monastery\/stavropigialnyy-zhenskiy-monastyr-v-chest-afonskoy-ikony-bozhiey-materi-kievskoy-eparkhii-\/"",""props"":{""eparhia"":null,""mitropolia"":null,""boss"":null,""type"":""Монастыри УПЦ МП"",""founded"":""2007""}}"
"{""name"":""Ставропигиальный мужской монастырь Ново-Коренная пустынь "",""lat"":""41.370458814992"",""long"":""-73.727297657394"",""img"":""\/upload\/iblock\/2b2\/9yd4cq7ir290ko2z410obp3bpv34peep\/dZaYUApw0gY.jpg"",""distance"":7513,""url"":""\/monastyri\/monastery\/stavropigialnyy-muzhskoy-monastyr-novo-korennaya-pustyn-\/"",""props"":{""eparhia"":null,""mitropolia"":null,""boss"":null,""type"":""Монастыри РПЦЗ"",""founded"":""1949""}}"
"{""name"":""Ставропольский Иоанно-Мариинский женский монастырь"",""lat"":""45.069222375953"",""long"":""41.944677953056"",""img"":""\/upload\/iblock\/3ae\/3ae27a33e2c9c10f51ade533bf592043\/1.jpg"",""distance"":1184,""url"":""\/monastyri\/monastery\/stavropolskiy-ioanno-mariinskiy-zhenskiy-monastyr\/"",""props"":{""eparhia"":null,""mitropolia"":null,""boss"":null,""type"":""Епархиальные монастыри Русской Православной Церкви"",""founded"":""1848""}}"
"{""name"":""Старицкий Свято-Успенский мужской монастырь "",""lat"":""56.513421873566"",""long"":""34.929318615084"",""img"":""\/upload\/iblock\/672\/672db8140134868893ceb12b43dc4294\/1.jpg"",""distance"":269,""url"":""\/monastyri\/monastery\/staritskiy-svyato-uspenskiy-muzhskoy-monastyr-\/"",""props"":{""eparhia"":null,""mitropolia"":null,""boss"":null,""type"":""Епархиальные монастыри Русской Православной Церкви"",""founded"":""1110""}}"
"{""name"":""Старо-Кайнарский во имя  мучениц Веры, Надежды, Любови и матери их Софии женский монастырь Кишиневской епархии"",""lat"":""47.997913110922"",""long"":""28.140077701172"",""img"":null,""distance"":1115,""url"":""\/monastyri\/monastery\/staro-kaynarskiy-vo-imya-muchenits-very-nadezhdy-lyubovi-i-materi-ikh-sofii-zhenskiy-monastyr-kishin\/"",""props"":{""eparhia"":null,""mitropolia"":null,""boss"":null,""type"":""Монастыри Православной Церкви Молдовы"",""founded"":""2005""}}"
"{""name"":""Старо-Покровский женский монастырь"",""lat"":""61.479155828503"",""long"":""129.14580934523"",""img"":""\/upload\/iblock\/439\/43990e6267785f27c778a63ffad5cbb2\/rp.jpg"",""distance"":4858,""url"":""\/monastyri\/monastery\/staro-pokrovskiy-zhenskiy-monastyr\/"",""props"":{""eparhia"":null,""mitropolia"":null,""boss"":null,""type"":""Епархиальные монастыри Русской Православной Церкви"",""founded"":""2017""}}"
"{""name"":""Староладожский Свято-Успенский девичий монастырь"",""lat"":""60.001897521691"",""long"":""32.294088145508"",""img"":""\/upload\/iblock\/023\/023e3f969950dae507c058ddbcdd0e59\/ff.jpg"",""distance"":632,""url"":""\/monastyri\/monastery\/staroladozhskiy-svyato-uspenskiy-devichiy-monastyr\/"",""props"":{""eparhia"":null,""mitropolia"":null,""boss"":null,""type"":""Епархиальные монастыри Русской Православной Церкви"",""founded"":""1116""}}"
"{""name"":""Стефано-Афанасьевский женский монастырь села Вотча"",""lat"":""61.120696"",""long"":""50.270925"",""img"":""\/upload\/iblock\/ca1\/ca177324fa4270aa9b34c16f85a9ec8a\/1.jpg"",""distance"":909,""url"":""\/monastyri\/monastery\/stefano-afanasevskiy-zhenskiy-monastyr-sela-votcha\/"",""props"":{""eparhia"":null,""mitropolia"":null,""boss"":null,""type"":""Епархиальные монастыри Русской Православной Церкви"",""founded"":""0""}}"
"{""name"":""Свято-Стефано-Сурожский Кизилташский мужской монастырь "",""lat"":""44.935192"",""long"":""35.075292"",""img"":""\/upload\/iblock\/5f1\/5f169d3b93f1a1665e37b41b4fd15b6e\/1.jpg"",""distance"":1209,""url"":""\/monastyri\/monastery\/svyato-stefano-surozhskiy-kiziltashskiy-muzhskoy-monastyr-feodosiyskoy-eparkhii-\/"",""props"":{""eparhia"":null,""mitropolia"":null,""boss"":null,""type"":""Епархиальные монастыри Русской Православной Церкви"",""founded"":""1858""}}"
"{""name"":""Свято-Стефановский женский монастырь Горловской епархии"",""lat"":""48.604496"",""long"":""37.023971"",""img"":""\/upload\/iblock\/f32\/zpafbr2gl6ixdtq9mv3m3ym78d43zp9e\/00.jpg"",""distance"":781,""url"":""\/monastyri\/monastery\/svyato-stefanovskiy-zhenskiy-monastyr-gorlovskoy-eparkhii\/"",""props"":{""eparhia"":null,""mitropolia"":null,""boss"":null,""type"":""Монастыри УПЦ МП"",""founded"":""2008""}}"
"{""name"":""Свято-Стефановский мужской монастырь Хустской епархии"",""lat"":""48.117026"",""long"":""23.472958"",""img"":""\/upload\/iblock\/37b\/m2hpcbceyqs4keu3x5vpdtt3e5c2mlwx\/00.jpg"",""distance"":1337,""url"":""\/monastyri\/monastery\/svyato-stefanovskiy-muzhskoy-monastyr-khustskoy-eparkhii\/"",""props"":{""eparhia"":null,""mitropolia"":null,""boss"":null,""type"":""Монастыри УПЦ МП"",""founded"":""1996""}}"
"{""name"":""Стефановский Ниспоренский женский монастырь  Унгенской и Ниспоренской епархии"",""lat"":""47.097357697838"",""long"":""28.171000630203"",""img"":""\/upload\/iblock\/570\/1tgll5k9fwaj6xdgl7g3jei93h240ldw\/20170618_071335.jpg"",""distance"":1195,""url"":""\/monastyri\/monastery\/stefanovskiy-nisporenskiy-zhenskiy-monastyr-ungenskoy-i-nisporenskoy-eparkhii\/"",""props"":{""eparhia"":null,""mitropolia"":null,""boss"":null,""type"":""Монастыри Православной Церкви Молдовы"",""founded"":""2012""}}"
"{""name"":""Сурский Иоанновский женский монастырь"",""lat"":""63.576251383991"",""long"":""45.6356217982"",""img"":""\/upload\/iblock\/1d5\/1d5b6d591fd3d107db379969aa98baba\/a.JPG"",""distance"":972,""url"":""\/monastyri\/monastery\/surskiy-ioannovskiy-zhenskiy-monastyr\/"",""props"":{""eparhia"":null,""mitropolia"":null,""boss"":null,""type"":""Епархиальные монастыри Русской Православной Церкви"",""founded"":""1900""}}"
"{""name"":""Сурученский Георгиевский женский монастырь Кишиневской епархии"",""lat"":""46.969450374999"",""long"":""28.665343727207"",""img"":""\/upload\/iblock\/365\/vlva3aw3l1wyw9q98lbkdw3bvsekm73r\/5.jpg"",""distance"":1186,""url"":""\/monastyri\/monastery\/suruchenskiy-georgievskiy-zhenskiy-monastyr-kishinevskoy-eparkhii\/"",""props"":{""eparhia"":null,""mitropolia"":null,""boss"":null,""type"":""Монастыри Православной Церкви Молдовы"",""founded"":""1785""}}"
"{""name"":""Сухотинский Богородице-Знаменский женский монастырь"",""lat"":""52.514791087059"",""long"":""41.586142881067"",""img"":""\/upload\/iblock\/3b0\/3b08f9e3e65cdb26ca8920c510df465c\/115.jpg"",""distance"":380,""url"":""\/monastyri\/monastery\/sukhotinskiy-bogoroditse-znamenskiy-zhenskiy-monastyr\/"",""props"":{""eparhia"":null,""mitropolia"":null,""boss"":null,""type"":""Епархиальные монастыри Русской Православной Церкви"",""founded"":""1849""}}"
"{""name"":""Сыктывкарское  подворье Крестовоздвиженского Кылтовского женского монастыря "",""lat"":""61.661750843536"",""long"":""50.81712985582"",""img"":""\/upload\/iblock\/b32\/b32b02cbe8b7df0d03328c10d35c82d0\/Podvore-v-Syktyvkare.jpg"",""distance"":969,""url"":""\/monastyri\/monastery\/syktyvkarskoe-podvore-krestovozdvizhenskogo-kyltovskogo-zhenskogo-monastyrya-\/"",""props"":{""eparhia"":null,""mitropolia"":null,""boss"":null,""type"":""подворье епархиального монастыря"",""founded"":""""}}"
"{""name"":""Сяндемский Успенский женский монастырь"",""lat"":""61.157465238247"",""long"":""32.780542452443"",""img"":""\/upload\/iblock\/373\/3732a29608456be778b1dd5e05953243\/11.jpg"",""distance"":719,""url"":""\/monastyri\/monastery\/syandemskiy-uspenskiy-zhenskiy-monastyr\/"",""props"":{""eparhia"":null,""mitropolia"":null,""boss"":null,""type"":""Епархиальные монастыри Русской Православной Церкви"",""founded"":""1574""}}"
"{""name"":""Таборский Успенский женский монастырь Кишиневской епархии"",""lat"":""47.331410412629"",""long"":""28.565118847076"",""img"":""\/upload\/iblock\/db3\/astn1jvc5cp2anm11ikw90iqtkrvwbpy\/tabora.jpg"",""distance"":1156,""url"":""\/monastyri\/monastery\/taborskiy-uspenskiy-zhenskiy-monastyr-kishinevskoy-eparkhii\/"",""props"":{""eparhia"":null,""mitropolia"":null,""boss"":null,""type"":""Монастыри Православной Церкви Молдовы"",""founded"":""1779""}}"
"{""name"":""Тверской Свято-Екатерининский женский монастырь"",""lat"":""56.863932186236"",""long"":""35.922549620377"",""img"":""\/upload\/iblock\/b4d\/b4de376496a7b1a4efd3891fdbc370de\/ekattv68.JPG"",""distance"":236,""url"":""\/monastyri\/monastery\/tverskoy-svyato-ekaterininskiy-zhenskiy-monastyrtverskom-svyato-ekaterininskom-monastyre\/"",""props"":{""eparhia"":null,""mitropolia"":null,""boss"":null,""type"":""Епархиальные монастыри Русской Православной Церкви"",""founded"":""1996""}}"
"{""name"":""Тверской Успенский Желтиков монастырь"",""lat"":""56.830163"",""long"":""35.832295"",""img"":""\/upload\/iblock\/926\/926ac2a59b7d419021ef6052d1a5fca7\/zheltikov_monastyr.jpg"",""distance"":238,""url"":""\/monastyri\/monastery\/tverskoy-uspenskiy-zheltikov-monastyr\/"",""props"":{""eparhia"":null,""mitropolia"":null,""boss"":null,""type"":""Епархиальные монастыри Русской Православной Церкви"",""founded"":""1394""}}"
"{""name"":""Тверской храм во имя святых страстотерпцев благоверных князей Бориса и Глеба, подворье Нило-Столобенской пустыни"",""lat"":""56.863069214734"",""long"":""35.88429135582"",""img"":""\/upload\/iblock\/711\/711f5f83132b20a300e0ee8e30d0b669\/borisgleb0.jpg"",""distance"":237,""url"":""\/monastyri\/monastery\/tverskoy-khram-vo-imya-svyatykh-strastoterptsev-blagovernykh-knyazey-borisa-i-gleba-podvore-nilo-sto\/"",""props"":{""eparhia"":null,""mitropolia"":null,""boss"":null,""type"":""подворье епархиального монастыря"",""founded"":""""}}"
"{""name"":""Тверской Христорождественский женский монастырь"",""lat"":""56.851577918087"",""long"":""35.874718813492"",""img"":""\/upload\/iblock\/747\/747e840cdd871d5894e94754cd307ae6\/d71bd1_52b66f04b45b425e81b56839da6505ef.jpg"",""distance"":237,""url"":""\/monastyri\/monastery\/tverskoy-khristorozhdestvenskiy-zhenskiy-monastyr\/"",""props"":{""eparhia"":null,""mitropolia"":null,""boss"":null,""type"":""Епархиальные монастыри Русской Православной Церкви"",""founded"":""1490""}}"
"{""name"":""Тираспольский  Свято-Введенско-Пахомиев женский монастырь Тираспольской епархии"",""lat"":""46.844042"",""long"":""29.623151"",""img"":""\/upload\/iblock\/1b0\/mg3l5ele8dd0evcyfkplu34fvqh4u1f1\/bWJ3pC38n_8.jpg"",""distance"":1160,""url"":""\/monastyri\/monastery\/tiraspolskiy-svyato-vvedensko-pakhomiev-zhenskiy-monastyr-tiraspolskoy-eparkhii\/"",""props"":{""eparhia"":null,""mitropolia"":null,""boss"":null,""type"":""Монастыри Православной Церкви Молдовы"",""founded"":""2003""}}"
"{""name"":""Тихвинский Богородицкий женский монастырь"",""lat"":""55.877319635283"",""long"":""47.473775048935"",""img"":""\/upload\/iblock\/184\/184c5e2b6dcfaafe2903fe66167a0900\/a.jpg"",""distance"":540,""url"":""\/monastyri\/monastery\/tikhvinskiy-bogoroditskiy-zhenskiy-monastyr\/"",""props"":{""eparhia"":null,""mitropolia"":null,""boss"":null,""type"":""Епархиальные монастыри Русской Православной Церкви"",""founded"":""1675""}}"
"{""name"":""Свято-Тихвинский Богородицкий женский монастырь в г. Бузулук"",""lat"":""52.782098070967"",""long"":""52.275368457672"",""img"":""\/upload\/iblock\/c80\/c80cda1b093a0c86e15e6b0f0ffeb739\/A.jpg"",""distance"":923,""url"":""\/monastyri\/monastery\/svyato-tikhvinskiy-bogoroditskiy-zhenskiy-monastyr-v-g-buzuluk\/"",""props"":{""eparhia"":null,""mitropolia"":null,""boss"":null,""type"":""Епархиальные монастыри Русской Православной Церкви"",""founded"":""1847""}}"
"{""name"":""Тихвинский Богородичный Успенский монастырь"",""lat"":""59.652993556602"",""long"":""33.521026898148"",""img"":""\/upload\/iblock\/0a9\/0a901294cecade33cd36fbb23e7447bb\/01.jpg"",""distance"":559,""url"":""\/monastyri\/monastery\/tikhvinskiy-bogorodichnyy-uspenskiy-monastyr\/"",""props"":{""eparhia"":null,""mitropolia"":null,""boss"":null,""type"":""Епархиальные монастыри Русской Православной Церкви"",""founded"":""1560""}}"
"{""name"":""Свято-Тихвинский женский монастырь Днепропетровской епархии"",""lat"":""48.446171093667"",""long"":""35.006328280426"",""img"":""\/upload\/iblock\/e32\/5i0u6s8s0339d1blyhhknm2jqmdblscr\/01.jpg"",""distance"":831,""url"":""\/monastyri\/monastery\/svyato-tikhvinskiy-zhenskiy-monastyr-dnepropetrovskoy-eparkhii\/"",""props"":{""eparhia"":null,""mitropolia"":null,""boss"":null,""type"":""Монастыри УПЦ МП"",""founded"":""1866""}}"
"{""name"":""Тихвинский Керенский мужской монастырь с. Вадинск "",""lat"":""53.68974407261"",""long"":""43.073099518585"",""img"":""\/upload\/iblock\/8c1\/8c1caf961718b371bb0d0771c485e2b3\/i0Fncvgixlg.jpg"",""distance"":340,""url"":""\/monastyri\/monastery\/tikhvinskiy-kerenskiy-muzhskoy-monastyr-s-vadinsk-\/"",""props"":{""eparhia"":null,""mitropolia"":null,""boss"":null,""type"":""Епархиальные монастыри Русской Православной Церкви"",""founded"":""1683""}}"
"{""name"":""Тихвинский мужской монастырь села Паздеры "",""lat"":""56.843274916821"",""long"":""53.854747439306"",""img"":""\/upload\/iblock\/1d9\/11.jpg"",""distance"":937,""url"":""\/monastyri\/monastery\/tikhvinskiy-muzhskoy-monastyr-sela-pazdery-\/"",""props"":{""eparhia"":null,""mitropolia"":null,""boss"":null,""type"":""Епархиальные монастыри Русской Православной Церкви"",""founded"":""2021""}}"
"{""name"":""Тихвинский Николаевский женский монастырь Киевской епархии"",""lat"":""50.390496798792"",""long"":""30.528096185181"",""img"":""\/upload\/iblock\/7eb\/yj3x4m6cgfy6fsp4duvi3cpynb3lsgs8\/Nikolo_Tikhvinskiy_.jpg"",""distance"":799,""url"":""\/monastyri\/monastery\/tikhvinskiy-nikolaevskiy-zhenskiy-monastyr-kievskoy-eparkhii\/"",""props"":{""eparhia"":null,""mitropolia"":null,""boss"":null,""type"":""Монастыри УПЦ МП"",""founded"":""2007""}}"
"{""name"":""Тихвинский скит Спасо-Преображенского мужского монастыря города Пензы"",""lat"":""52.849883063807"",""long"":""45.454002314002"",""img"":""\/upload\/iblock\/469\/p2_02.jpg"",""distance"":522,""url"":""\/monastyri\/monastery\/tikhvinskiy-skit-spaso-preobrazhenskogo-muzhskogo-monastyrya-goroda-penzy\/"",""props"":{""eparhia"":null,""mitropolia"":null,""boss"":null,""type"":""скит епархиального монастыря"",""founded"":""""}}"
"{""name"":""Троице-Георгиевский женский монастырь в селе Лесном"",""lat"":""43.575500945944"",""long"":""39.974407976724"",""img"":""\/upload\/iblock\/709\/7093f82b91403daa300dbe3e63f804de\/DPNWW8avM.jpg"",""distance"":1332,""url"":""\/monastyri\/monastery\/troitse-georgievskiy-zhenskiy-monastyr-v-sele-lesnom\/"",""props"":{""eparhia"":null,""mitropolia"":null,""boss"":null,""type"":""Епархиальные монастыри Русской Православной Церкви"",""founded"":""2001""}}"
"{""name"":""Свято-Троице-Никандров женский монастырь"",""lat"":""58.830008"",""long"":""33.83677"",""img"":""\/upload\/iblock\/2ec\/hbwhlyji78bv6id5ipr2c275jqkikdc9\/LjTlOANt1Ww.jpg"",""distance"":476,""url"":""\/monastyri\/monastery\/svyato-troitse-nikandrov-zhenskiy-monastyr\/"",""props"":{""eparhia"":null,""mitropolia"":null,""boss"":null,""type"":""Епархиальные монастыри Русской Православной Церкви"",""founded"":""""}}"
"{""name"":""Свято-Троице-Никольский мужской монастырь в г. Гороховце"",""lat"":""56.204317306474"",""long"":""42.673323992065"",""img"":""\/upload\/iblock\/074\/0747af9e8e1a94390be00ef4917a41a7\/2.jpg"",""distance"":249,""url"":""\/monastyri\/monastery\/svyato-troitse-nikolskiy-muzhskoy-monastyr-v-g-gorokhovtse\/"",""props"":{""eparhia"":null,""mitropolia"":null,""boss"":null,""type"":""Епархиальные монастыри Русской Православной Церкви"",""founded"":""""}}"
"{""name"":""Троице-Одигитриевский ставропигиальный женский монастырь Зосимова пустынь"",""lat"":""55.408190253831"",""long"":""36.912323236771"",""img"":""\/upload\/iblock\/2b1\/k54zx6lvgmqczamz8r76sm6iruazkb7x\/45678.jpg"",""distance"":125,""url"":""\/monastyri\/monastery\/troitse-odigitrievskiy-stavropigialnyy-zhenskiy-monastyr-zosimova-pustyn\/"",""props"":{""eparhia"":null,""mitropolia"":null,""boss"":null,""type"":""Ставропигиальные монастыри Русской Православной Церкви"",""founded"":""1826""}}"
"{""name"":""Троице-Серафимов скит Свято-Елисаветинского женского монастыря."",""lat"":""55.000867760422"",""long"":""21.752927552978"",""img"":""\/upload\/iblock\/67e\/67ed5c1689fae95a93e38072881cd648\/DSC0346.jpg"",""distance"":1084,""url"":""\/monastyri\/monastery\/troitse-serafimov-skit-svyato-elisavetinskogo-zhenskogo-monastyrya\/"",""props"":{""eparhia"":null,""mitropolia"":null,""boss"":null,""type"":""скит епархиального монастыря"",""founded"":""2009""}}"
"{""name"":""Троице-Сергиев Варницкий мужской  монастырь"",""lat"":""57.200902774689"",""long"":""39.377330671966"",""img"":""\/upload\/iblock\/014\/monasterium.ru_02.jpg"",""distance"":189,""url"":""\/monastyri\/monastery\/troitse-sergiev-varnitskiy-monastyr\/"",""props"":{""eparhia"":null,""mitropolia"":null,""boss"":null,""type"":""скит ставропигиального монастыря"",""founded"":""""}}"
"{""name"":""Троице-Сканов  женский монастырь"",""lat"":""53.864846"",""long"":""43.752707"",""img"":""\/upload\/iblock\/af1\/af18534a3727e094e31634721382a106\/1.jpg"",""distance"":364,""url"":""\/monastyri\/monastery\/troitse-skanov-zhenskiy-monastyr\/"",""props"":{""eparhia"":null,""mitropolia"":null,""boss"":null,""type"":""Епархиальные монастыри Русской Православной Церкви"",""founded"":""""}}"
"{""name"":""Троице-Стефано-Ульяновский мужской монастырь"",""lat"":""61.824724028962"",""long"":""53.555117475105"",""img"":""\/upload\/iblock\/6f7\/6f7ca41944c88edf11f9b1e138a2e055\/s_ves-monastyr.JPG"",""distance"":1096,""url"":""\/monastyri\/monastery\/troitse-stefano-ulyanovskiy-muzhskoy-monastyr\/"",""props"":{""eparhia"":null,""mitropolia"":null,""boss"":null,""type"":""Епархиальные монастыри Русской Православной Церкви"",""founded"":""1396""}}"
"{""name"":""Троице-Сыпанов Пахомиево-Нерехтский женский монастырь"",""lat"":""57.4449880097"",""long"":""40.603228230133"",""img"":""\/upload\/iblock\/529\/529ab769603162d8665aaae5a99f9e1e\/Troitse_Sypanov_Pakhomievo_Nerekhtskiy_zhenskiy_monastyr_300x191.jpg"",""distance"":238,""url"":""\/monastyri\/monastery\/troitse-sypanov-pakhomievo-nerekhtskiy-zhenskiy-monastyr\/"",""props"":{""eparhia"":null,""mitropolia"":null,""boss"":null,""type"":""Епархиальные монастыри Русской Православной Церкви"",""founded"":""14""}}"
"{""name"":""Свято-Троицкая Александро-Невская лавра"",""lat"":""59.921458331409"",""long"":""30.388823695395"",""img"":""\/upload\/iblock\/8b4\/spb_11_.jpg"",""distance"":701,""url"":""\/monastyri\/monastery\/svyato-troitskaya-aleksandro-nevskaya-lavra\/"",""props"":{""eparhia"":null,""mitropolia"":null,""boss"":null,""type"":""Епархиальные монастыри Русской Православной Церкви"",""founded"":""1713""}}"
"{""name"":""Свято-Троицкая Сергиева лавра"",""lat"":""56.310444664322"",""long"":""38.131686124611"",""img"":""\/upload\/iblock\/722\/kv6sv5moewnamuoe6u5wsqso91f26l1x\/TSL_vid_1_.jpg"",""distance"":99,""url"":""\/monastyri\/monastery\/svyato-troitskaya-sergieva-lavra\/"",""props"":{""eparhia"":null,""mitropolia"":null,""boss"":null,""type"":""Ставропигиальные монастыри Русской Православной Церкви"",""founded"":""1337""}}"
"{""name"":""Свято-Троицкая Сергиева Приморская мужская пустынь"",""lat"":""59.853925498776"",""long"":""30.089374126608"",""img"":""\/upload\/iblock\/d76\/spb_12_.jpg"",""distance"":709,""url"":""\/monastyri\/monastery\/svyato-troitskaya-sergieva-primorskaya-muzhskaya-pustyn\/"",""props"":{""eparhia"":null,""mitropolia"":null,""boss"":null,""type"":""Епархиальные монастыри Русской Православной Церкви"",""founded"":""1732""}}"
"{""name"":""Свято-Троицкий Александра Свирского мужской монастырь"",""lat"":""60.778540609683"",""long"":""33.313047019151"",""img"":""\/upload\/iblock\/409\/4092c4c7f058ad4059c227c83a196aaf\/khMWGMJBUFA.jpg"",""distance"":668,""url"":""\/monastyri\/monastery\/svyato-troitskiy-aleksandra-svirskogo-muzhskoy-monastyr\/"",""props"":{""eparhia"":null,""mitropolia"":null,""boss"":null,""type"":""Епархиальные монастыри Русской Православной Церкви"",""founded"":""1506""}}"
"{""name"":""Троицкий Антониево-Сийский мужской монастырь"",""lat"":""63.552955421647"",""long"":""41.554782025046"",""img"":""\/upload\/iblock\/2ae\/zhiv1.jpg"",""distance"":905,""url"":""\/monastyri\/monastery\/zhivonachalnoy-troitsy-antoniev-siyskiy-muzhskoy-monastyr\/"",""props"":{""eparhia"":null,""mitropolia"":null,""boss"":null,""type"":""Епархиальные монастыри Русской Православной Церкви"",""founded"":""1520""}}"
"{""name"":""Троицкий Белбажский монастырь - скит Серафимо - Дивеевского монастыря"",""lat"":""57.315994872222"",""long"":""44.186917063533"",""img"":""\/upload\/iblock\/520\/555555.jpg"",""distance"":383,""url"":""\/monastyri\/monastery\/troitskiy-belbazhskiy-monastyr-skit-serafimo-diveevskogo-monastyrya\/"",""props"":{""eparhia"":null,""mitropolia"":null,""boss"":null,""type"":""скит епархиального монастыря"",""founded"":""1708""}}"
"{""name"":""Троицкий Белогорский монастырь с.Каменный Брод"",""lat"":""49.825571796151"",""long"":""44.472508842101"",""img"":""\/upload\/iblock\/fda\/fdabdf7b3d55b744a9b716ad59432d14\/Mk0djXOpSwM.jpg"",""distance"":738,""url"":""\/monastyri\/monastery\/troitskiy-belogorskiy-monastyr-s-kamennyy-brod\/"",""props"":{""eparhia"":null,""mitropolia"":null,""boss"":null,""type"":""Епархиальные монастыри Русской Православной Церкви"",""founded"":""1860""}}"
"{""name"":""Свято-Троицкий Браиловский женский монастырь Винницкой епархии"",""lat"":""49.105683634488"",""long"":""28.169820472474"",""img"":""\/upload\/iblock\/412\/8avrxmyemc8v21r6yd3fx6hx9cvnjyfg\/00.jpg"",""distance"":1018,""url"":""\/monastyri\/monastery\/svyato-troitskiy-brailovskiy-zhenskiy-monastyr-vinnitskoy-eparkhii\/"",""props"":{""eparhia"":null,""mitropolia"":null,""boss"":null,""type"":""Монастыри УПЦ МП"",""founded"":""1635""}}"
"{""name"":""Свято-Троицкий Густынский Прилукский женский монастырь Нежинской епархии"",""lat"":""50.636338"",""long"":""32.472753"",""img"":""\/upload\/iblock\/3da\/zwyoqfy44aedunjxl7yd8l7qg9z3ff0d\/1.webp"",""distance"":692,""url"":""\/monastyri\/monastery\/svyato-troitskiy-gustynskiy-prilukskiy-zhenskiy-monastyr-nezhinskoy-eparkhii\/"",""props"":{""eparhia"":null,""mitropolia"":null,""boss"":null,""type"":""Монастыри УПЦ МП"",""founded"":""""}}"
"{""name"":""Свято-Троицкий Данилов мужской монастырь г. Переславля-Залесского"",""lat"":""56.719944551628"",""long"":""38.837341434759"",""img"":""\/upload\/iblock\/9b0\/9b0814f5c65617b6d60dd0baf880501f\/Svyato_Troitskiy_Danilov_monastyr.jpg"",""distance"":133,""url"":""\/monastyri\/monastery\/svyato-troitskiy-danilov-muzhskoy-monastyr-g-pereslavlya-zalesskogo\/"",""props"":{""eparhia"":null,""mitropolia"":null,""boss"":null,""type"":""Епархиальные монастыри Русской Православной Церкви"",""founded"":""0""}}"
"{""name"":""Свято-Троицкий Дерманский женский монастырь Ровенской епархии "",""lat"":""50.380175043587"",""long"":""26.277631600739"",""img"":""\/upload\/iblock\/489\/z5jwxcuhtlywb1we2vbl0u60dniikwr7\/1.jpg"",""distance"":1018,""url"":""\/monastyri\/monastery\/svyato-troitskiy-dermanskiy-zhenskiy-monastyr-rovenskoy-eparkhii-\/"",""props"":{""eparhia"":null,""mitropolia"":null,""boss"":null,""type"":""Монастыри УПЦ МП"",""founded"":""1428""}}"
"{""name"":""Троицкий Дуконский мужской монастырь Ивано-Франковской епархии"",""lat"":""49.892222"",""long"":""24.81541"",""img"":""\/upload\/iblock\/add\/nz17lpkzqrxmstw99swlada3xrupso8z\/00-_1_.jpg"",""distance"":1133,""url"":""\/monastyri\/monastery\/troitskiy-dukonskiy-muzhskoy-monastyr-ivano-frankovskoy-eparkhii\/"",""props"":{""eparhia"":null,""mitropolia"":null,""boss"":null,""type"":""Монастыри УПЦ МП"",""founded"":""""}}"
"{""name"":""Свято-Троицкий женский монастырь в г. Муроме"",""lat"":""55.58163869058"",""long"":""42.053001253967"",""img"":""\/upload\/iblock\/bb2\/bb2a69dd61bbb199a5162b99f0cfb141\/DJI_0001.jpg"",""distance"":200,""url"":""\/monastyri\/monastery\/svyato-troitskiy-zhenskiy-monastyr-v-g-murome\/"",""props"":{""eparhia"":null,""mitropolia"":null,""boss"":null,""type"":""Епархиальные монастыри Русской Православной Церкви"",""founded"":""1643""}}"
"{""name"":""Свято-Троицкий женский монастырь г. Симферополя"",""lat"":""44.949173237772"",""long"":""34.104058101852"",""img"":""\/upload\/iblock\/287\/287eb9acbe71e6ec0e8e460a5ef988c6\/1.jpg"",""distance"":1224,""url"":""\/monastyri\/monastery\/svyato-troitskiy-zhenskiy-monastyr-g-simferopolya-simferopolskoy-i-krymskoy-eparkhii\/"",""props"":{""eparhia"":null,""mitropolia"":null,""boss"":null,""type"":""Епархиальные монастыри Русской Православной Церкви"",""founded"":""2003""}}"
"{""name"":""Свято-Троицкий женский монастырь с. Глинжены   Бельцко-Фалештской епархии"",""lat"":""47.601608160337"",""long"":""27.882991987668"",""img"":""\/upload\/iblock\/68d\/3.jpg"",""distance"":1162,""url"":""\/monastyri\/monastery\/svyato-troitskiy-zhenskiy-monastyr-s-glinzheny-beltsko-faleshtskoy-eparkhii\/"",""props"":{""eparhia"":null,""mitropolia"":null,""boss"":null,""type"":""Монастыри Православной Церкви Молдовы"",""founded"":""1992""}}"
"{""name"":""Троицкий женский монастырь с. Ташла"",""lat"":""53.704966112183"",""long"":""49.754099841942"",""img"":""\/upload\/iblock\/fcd\/fcd7e944efc0c24270eabb5f840a55b7\/e7JPYZXl7zM.jpg"",""distance"":729,""url"":""\/monastyri\/monastery\/troitskiy-zhenskiy-monastyr-s-tashla\/"",""props"":{""eparhia"":null,""mitropolia"":null,""boss"":null,""type"":""Епархиальные монастыри Русской Православной Церкви"",""founded"":""2016""}}"
"{""name"":""Свято-Троицкий женский монастырь Фрумоаса  Унгенской и Ниспоренской епархии"",""lat"":""47.327789"",""long"":""28.391991"",""img"":""\/upload\/iblock\/050\/6f6tky6ordtsz1mfu8ggx6ivr2etctk7\/1.jpg"",""distance"":1164,""url"":""\/monastyri\/monastery\/svyato-troitskiy-zhenskiy-monastyr-frumoasa-ungenskoy-i-nisporenskoy-eparkhii\/"",""props"":{""eparhia"":null,""mitropolia"":null,""boss"":null,""type"":""Монастыри Православной Церкви Молдовы"",""founded"":""1804""}}"
"{""name"":""Свято-Троицкий женский монастырь Хустской епархии"",""lat"":""48.104736"",""long"":""23.743882"",""img"":""\/upload\/iblock\/e74\/mrzc6jbd8dn49i4brjod783m9pybtse1\/02.jpg"",""distance"":1324,""url"":""\/monastyri\/monastery\/svyato-troitskiy-zhenskiy-monastyr-khustskoy-eparkhii\/"",""props"":{""eparhia"":null,""mitropolia"":null,""boss"":null,""type"":""Монастыри УПЦ МП"",""founded"":""2004""}}"
"{""name"":""Свято-Троицкий мужской Зеленецкий монастырь"",""lat"":""59.78867224606"",""long"":""32.774588816147"",""img"":""\/upload\/iblock\/461\/4612370a449671b770adf130a9fddbbd\/0000.jpg"",""distance"":596,""url"":""\/monastyri\/monastery\/svyato-troitskiy-muzhskoy-zelenetskiy-monastyr\/"",""props"":{""eparhia"":null,""mitropolia"":null,""boss"":null,""type"":""Епархиальные монастыри Русской Православной Церкви"",""founded"":""1564""}}"
"{""name"":""Свято-Троицкий Ионинский мужской монастырь Киевской епархии"",""lat"":""50.415220502827"",""long"":""30.563468109787"",""img"":""\/upload\/iblock\/bc4\/q3fxl9sp4jkmhq0pnot7u5b85pob8ue9\/26.jpg"",""distance"":795,""url"":""\/monastyri\/monastery\/svyato-troitskiy-ioninskiy-muzhskoy-monastyr-kievskoy-eparkhii\/"",""props"":{""eparhia"":null,""mitropolia"":null,""boss"":null,""type"":""Монастыри УПЦ МП"",""founded"":""""}}"
"{""name"":""Свято-Троицкий Ипатьевский мужской монастырь"",""lat"":""57.776978982026"",""long"":""40.89377098941"",""img"":""\/upload\/iblock\/46d\/46d0afff7eaa151d9db9e79fd793aee1\/765.jpg"",""distance"":279,""url"":""\/monastyri\/monastery\/svyato-troitskiy-ipatevskiy-muzhskoy-monastyr\/"",""props"":{""eparhia"":null,""mitropolia"":null,""boss"":null,""type"":""Епархиальные монастыри Русской Православной Церкви"",""founded"":""1330""}}"
"{""name"":""Свято-Троицкий Китаевский мужской монастырь Киевской епархии"",""lat"":""50.366613231458"",""long"":""30.542123042328"",""img"":""\/upload\/iblock\/8f6\/f80xg3y9cxrx1yalh1hsd1vj16pu0way\/0000.jpg"",""distance"":800,""url"":""\/monastyri\/monastery\/svyato-troitskiy-kitaevskiy-muzhskoy-monastyr-kievskoy-eparkhii\/"",""props"":{""eparhia"":null,""mitropolia"":null,""boss"":null,""type"":""Монастыри УПЦ МП"",""founded"":""""}}"
"{""name"":""Троицкий Лебедянский женский монастырь"",""lat"":""53.027693147031"",""long"":""39.132171313492"",""img"":""\/upload\/iblock\/fd4\/fd4f96707962aa6e6955ac7c67b601d7\/6.jpg"",""distance"":279,""url"":""\/monastyri\/monastery\/troitskiy-lebedyanskiy-zhenskiy-monastyr\/"",""props"":{""eparhia"":null,""mitropolia"":null,""boss"":null,""type"":""Епархиальные монастыри Русской Православной Церкви"",""founded"":""1353""}}"
"{""name"":""Троицкий Мариинский женский монастырь"",""lat"":""55.388026798332"",""long"":""39.031101601852"",""img"":""\/upload\/iblock\/e90\/e906badae60502bd6dc54fbbdc5b2d37\/svyato_troickiy_mariinskiy_zhenskiy_monastir_big.jpg"",""distance"":19,""url"":""\/monastyri\/monastery\/troitskiy-mariinskiy-zhenskiy-monastyr\/"",""props"":{""eparhia"":null,""mitropolia"":null,""boss"":null,""type"":""Епархиальные монастыри Русской Православной Церкви"",""founded"":""1900""}}"
"{""name"":""Свято-Троицкий Марков мужской монастырь, г. Витебск Витебской епархии."",""lat"":""55.171353395075"",""long"":""30.153997660049"",""img"":""\/upload\/iblock\/122\/122661920b50429da37964e96dda70d4\/monastyr.jpg"",""distance"":553,""url"":""\/monastyri\/monastery\/svyato-troitskiy-markov-muzhskoy-monastyr-g-vitebsk-vitebskoy-eparkhii\/"",""props"":{""eparhia"":null,""mitropolia"":null,""boss"":null,""type"":""Монастыри Белорусской Православной Церкви"",""founded"":""1298""}}"
"{""name"":""Свято-Троицкий Матронинский женский монастырь Черкасской епархии"",""lat"":""49.152320574616"",""long"":""32.254961332554"",""img"":""\/upload\/iblock\/527\/k2nvye4pp8oaw4s5cv950o4nsk2kfa76\/00.jpg"",""distance"":840,""url"":""\/monastyri\/monastery\/svyato-troitskiy-matroninskiy-zhenskiy-monastyr-cherkasskoy-eparkhii\/"",""props"":{""eparhia"":null,""mitropolia"":null,""boss"":null,""type"":""Монастыри УПЦ МП"",""founded"":""1991""}}"
"{""name"":""Свято-Троицкий Межиричский мужской монастырь Ровенской епархии"",""lat"":""50.306949"",""long"":""26.489344"",""img"":""\/upload\/iblock\/40c\/34zztxdd6rpjo4wr3h0zjgzmzi4q383v\/1.jpg"",""distance"":1012,""url"":""\/monastyri\/monastery\/svyato-troitskiy-mezhirichskiy-muzhskoy-monastyr-rovenskoy-eparkhii\/"",""props"":{""eparhia"":null,""mitropolia"":null,""boss"":null,""type"":""Монастыри УПЦ МП"",""founded"":""""}}"
"{""name"":""Свято-Троицкий мужской монастырь г. Тюмени"",""lat"":""57.169191614249"",""long"":""65.512097693115"",""img"":""\/upload\/iblock\/1a9\/1a97b1e5a74b10379b384fadb94a511b\/111.jpg"",""distance"":1641,""url"":""\/monastyri\/monastery\/svyato-troitskiy-muzhskoy-monastyr-g-tyumeni\/"",""props"":{""eparhia"":null,""mitropolia"":null,""boss"":null,""type"":""Епархиальные монастыри Русской Православной Церкви"",""founded"":""1616""}}"
"{""name"":""Троицкий мужской монастырь города Мичуринска"",""lat"":""52.868831644325"",""long"":""40.475208930837"",""img"":""\/upload\/iblock\/a5c\/a5cd3b8b174356eb08c2ee3545b98abf\/43.jpg"",""distance"":314,""url"":""\/monastyri\/monastery\/troitskiy-muzhskoy-monastyr-goroda-michurinska\/"",""props"":{""eparhia"":null,""mitropolia"":null,""boss"":null,""type"":""Епархиальные монастыри Русской Православной Церкви"",""founded"":""1627""}}"
"{""name"":""Свято-Троицкий мужской монастырь с. Тарасково г. Новоуральска "",""lat"":""57.123621821059"",""long"":""60.065449906724"",""img"":""\/upload\/iblock\/aaa\/4.jpg"",""distance"":1313,""url"":""\/monastyri\/monastery\/svyato-troitskiy-muzhskoy-monastyr-s-taraskovo-g-novouralska-\/"",""props"":{""eparhia"":null,""mitropolia"":null,""boss"":null,""type"":""Епархиальные монастыри Русской Православной Церкви"",""founded"":""2003""}}"
"{""name"":""Троицкий мужской скит мужского монастыря  в честь Песчанской иконы Божией Матери Изюмской епархии"",""lat"":""49.099881894475"",""long"":""37.217395136451"",""img"":""\/upload\/iblock\/92a\/dqvktz110qw5pgs7x7o9xotzj4d7p5q9\/00.jpg"",""distance"":724,""url"":""\/monastyri\/monastery\/troitskiy-muzhskoy-skit-muzhskogo-monastyrya-v-chest-peschanskoy-ikony-bozhiey-materi-izyumskoy-epar\/"",""props"":{""eparhia"":null,""mitropolia"":null,""boss"":null,""type"":""скит епархиального монастыря"",""founded"":""""}}"
"{""name"":""Свято-Троицкий Никольский женский монастырь г. Ташкента , Ташкентской и Узбекистанской епархия"",""lat"":""41.285697610243"",""long"":""69.302483728836"",""img"":""\/upload\/iblock\/95c\/95ca23091b6be0e45b1956a66161a04f\/007.JPG"",""distance"":2714,""url"":""\/monastyri\/monastery\/svyato-troitskiy-nikolskiy-zhenskiy-monastyr-g-tashkenta-tashkentskoy-i-uzbekistanskoy-eparkhiya\/"",""props"":{""eparhia"":null,""mitropolia"":null,""boss"":null,""type"":""Монастыри Среднеазиатского митрополичьего округа Русской Православной Церкви"",""founded"":""1894""}}"
"{""name"":""Свято-Троицкий Ново-Голутвин женский монастырь"",""lat"":""55.104744476923"",""long"":""38.757886730099"",""img"":""\/upload\/iblock\/779\/779f62676d26dae3326ec56733330867\/1.jpg"",""distance"":48,""url"":""\/monastyri\/monastery\/svyato-troitskiy-novo-golutvin-zhenskiy-monastyr\/"",""props"":{""eparhia"":null,""mitropolia"":null,""boss"":null,""type"":""Епархиальные монастыри Русской Православной Церкви"",""founded"":""1799""}}"
"{""name"":""Свято-Троицкий Параскевиевский Топловский женский монастырь"",""lat"":""44.999304500116"",""long"":""34.879799973541"",""img"":""\/upload\/iblock\/c36\/c360d32fff2b7f5280102f79ba31d7db\/1.jpg"",""distance"":1205,""url"":""\/monastyri\/monastery\/svyato-troitskiy-paraskevievskiy-toplovskiy-zhenskiy-monastyr\/"",""props"":{""eparhia"":null,""mitropolia"":null,""boss"":null,""type"":""Епархиальные монастыри Русской Православной Церкви"",""founded"":""1864""}}"
"{""name"":""Свято-Троицкий пустынный мужской монастырь Днепропетровской епархии"",""lat"":""48.544299209159"",""long"":""36.4570093879"",""img"":null,""distance"":795,""url"":""\/monastyri\/monastery\/svyato-troitskiy-pustynnyy-muzhskoy-monastyr-dnepropetrovskoy-eparkhii\/"",""props"":{""eparhia"":null,""mitropolia"":null,""boss"":null,""type"":""Монастыри УПЦ МП"",""founded"":""1905""}}"
"{""name"":""Троицкий Рождества Богородицы Оптин женский монастырь"",""lat"":""53.456524440328"",""long"":""36.024369599314"",""img"":""\/upload\/iblock\/83a\/83a3c0d3c9ba8ab187bb44fb8c6337ea\/JPIttCsww8I.jpg"",""distance"":296,""url"":""\/monastyri\/monastery\/troitskiy-rozhdestva-bogoroditsy-optin-zhenskiy-monastyr\/"",""props"":{""eparhia"":null,""mitropolia"":null,""boss"":null,""type"":""Епархиальные монастыри Русской Православной Церкви"",""founded"":""1594""}}"
"{""name"":""Свято - Троицкий Рудьский женский монастырь  Единецко-Бричанской епархии"",""lat"":""48.345064917841"",""long"":""27.890293779099"",""img"":""\/upload\/iblock\/f68\/_.jpg"",""distance"":1096,""url"":""\/monastyri\/monastery\/svyato-troitskiy-rudskiy-zhenskiy-monastyr-edinetsko-brichanskoy-eparkhii\/"",""props"":{""eparhia"":null,""mitropolia"":null,""boss"":null,""type"":""Монастыри Православной Церкви Молдовы"",""founded"":""1777""}}"
"{""name"":""Свято-Троицкий Сахарнянский мужской монастырь Кишиневской епархии"",""lat"":""47.694836"",""long"":""28.964996"",""img"":""\/upload\/iblock\/0d3\/8rgjo3dkrgceu5rpfon5kxp962qgrsy6\/1.jpg"",""distance"":1106,""url"":""\/monastyri\/monastery\/svyato-troitskiy-sakharnyanskiy-muzhskoy-monastyr-kishinevskoy-eparkhii\/"",""props"":{""eparhia"":null,""mitropolia"":null,""boss"":null,""type"":""Монастыри Православной Церкви Молдовы"",""founded"":""1776""}}"
"{""name"":""Свято-Троицкий Селенгинский монастырь в селе Троицкое"",""lat"":""52.119468011283"",""long"":""107.1773847209"",""img"":""\/upload\/iblock\/6a5\/6a55f56913afe04d8d527e62e1c9a8e8\/zbPdJ_cJR4A.jpg"",""distance"":4316,""url"":""\/monastyri\/monastery\/svyato-troitskiy-selenginskiy-monastyr-v-sele-troitskoe\/"",""props"":{""eparhia"":null,""mitropolia"":null,""boss"":null,""type"":""Епархиальные монастыри Русской Православной Церкви"",""founded"":""1681""}}"
"{""name"":""Свято-Троицкий Серафимо-Дивеевский женский монастырь"",""lat"":""55.040209034645"",""long"":""43.240525639991"",""img"":""\/upload\/iblock\/7fc\/diveevo.jpg"",""distance"":282,""url"":""\/monastyri\/monastery\/svyato-troitskiy-serafimo-diveevskiy-zhenskiy-monastyr\/"",""props"":{""eparhia"":null,""mitropolia"":null,""boss"":null,""type"":""Епархиальные монастыри Русской Православной Церкви"",""founded"":""1779""}}"
"{""name"":""Троицкий скит  Серафимо - Дивеевского женского монастыря"",""lat"":""55.276169642707"",""long"":""43.740222841278"",""img"":""\/upload\/iblock\/dc3\/5.jpg"",""distance"":309,""url"":""\/monastyri\/monastery\/troitskiy-skit-serafimo-diveevskogo-zhenskogo-monastyrya\/"",""props"":{""eparhia"":null,""mitropolia"":null,""boss"":null,""type"":""скит епархиального монастыря"",""founded"":""1997""}}"
"{""name"":""Троицкий скит Сурского Иоанновского женского монастыря"",""lat"":""63.433883"",""long"":""45.549116"",""img"":""\/upload\/iblock\/958\/95818b02c9a3c78c46507bbf6c9a3731\/1.jpg"",""distance"":955,""url"":""\/monastyri\/monastery\/troitskiy-skit-surskogo-ioannovskogo-zhenskogo-monastyrya\/"",""props"":{""eparhia"":null,""mitropolia"":null,""boss"":null,""type"":""скит епархиального монастыря"",""founded"":""1901""}}"
"{""name"":""Троицкий ставропигиальный женский монастырь Киевской епархии "",""lat"":""48.988703621242"",""long"":""28.857925257335"",""img"":""\/upload\/iblock\/78d\/5k4586hf7lrzt9ux170k9dbeeeawadjx\/00.jpg"",""distance"":996,""url"":""\/monastyri\/monastery\/troitskiy-stavropigialnyy-zhenskiy-monastyr-kievskoy-eparkhii-\/"",""props"":{""eparhia"":null,""mitropolia"":null,""boss"":null,""type"":""Монастыри УПЦ МП"",""founded"":""1996""}}"
"{""name"":""Свято-Троицкий Старосельский женский монастырь Волынской епархии "",""lat"":""51.068277488892"",""long"":""25.583714645394"",""img"":""\/upload\/iblock\/446\/c0strei6ysplm87ymeef8sugkx1bja7r\/00.jpg"",""distance"":1011,""url"":""\/monastyri\/monastery\/svyato-troitskiy-staroselskiy-zhenskiy-monastyr-volynskoy-eparkhii-\/"",""props"":{""eparhia"":null,""mitropolia"":null,""boss"":null,""type"":""Монастыри УПЦ МП"",""founded"":""2006""}}"
"{""name"":""Свято-Троицкий Стефано-Махрищский ставропигиальный женский монастырь"",""lat"":""56.269507917771"",""long"":""38.681487185787"",""img"":""\/upload\/iblock\/835\/monasterium.ru_mahra_00.jpg"",""distance"":83,""url"":""\/monastyri\/monastery\/svyato-troitskiy-stefano-makhrishchskiy-stavropigialnyy-zhenskiy-monastyr\/"",""props"":{""eparhia"":null,""mitropolia"":null,""boss"":null,""type"":""Ставропигиальные монастыри Русской Православной Церкви"",""founded"":""1358""}}"
"{""name"":""Свято-Троицкий Творожский женский монастырь д. Творожково"",""lat"":""58.357279941414"",""long"":""28.672239569795"",""img"":""\/upload\/iblock\/31a\/31a5c7d4e46f839aaa7b46dcf3f9056b\/000.jpg"",""distance"":694,""url"":""\/monastyri\/monastery\/svyato-troitskiy-tvorozhskiy-zhenskiy-monastyr-d-tvorozhkovo\/"",""props"":{""eparhia"":null,""mitropolia"":null,""boss"":null,""type"":""Епархиальные монастыри Русской Православной Церкви"",""founded"":""1862""}}"
"{""name"":""Свято-Троицкий Трифонов Печенгский   монастырь п. Луостари."",""lat"":""69.426136864253"",""long"":""31.057622980557"",""img"":""\/upload\/iblock\/18c\/18ccade60dacf98f81bf47caf0ce4f8d\/1.jpg"",""distance"":1594,""url"":""\/monastyri\/monastery\/svyato-troitskiy-trifonov-pechengskiy-monastyr-p-luostari\/"",""props"":{""eparhia"":null,""mitropolia"":null,""boss"":null,""type"":""Епархиальные монастыри Русской Православной Церкви"",""founded"":""""}}"
"{""name"":""Свято-Троицкий Усть-Каменогорский мужской монастырь Усть-Каменогорской и Семипалатинской епархии"",""lat"":""49.947101698135"",""long"":""82.601482550262"",""img"":""\/upload\/iblock\/ddf\/0.jpg"",""distance"":2957,""url"":""\/monastyri\/monastery\/svyato-troitskiy-ust-kamenogorskiy-muzhskoy-monastyr-ust-kamenogorskoy-i-semipalatinskoy-eparkhii\/"",""props"":{""eparhia"":null,""mitropolia"":null,""boss"":null,""type"":""Монастыри Митрополичьего округа Русской Православной Церкви в республике Казахстан"",""founded"":""1993""}}"
"{""name"":""Свято-Троицкий Феодоритов Кольский мужской монастырь"",""lat"":""68.926722353801"",""long"":""33.107715190491"",""img"":""\/upload\/iblock\/6d8\/rk43307wif0vx30abf317i238awptq6s\/1.jpg"",""distance"":1518,""url"":""\/monastyri\/monastery\/svyato-troitskiy-feodoritov-kolskiy-muzhskoy-monastyr\/"",""props"":{""eparhia"":null,""mitropolia"":null,""boss"":null,""type"":""Епархиальные монастыри Русской Православной Церкви"",""founded"":""1540""}}"
"{""name"":""Свято-Троицкий Холковский мужской монастырь"",""lat"":""50.863373300187"",""long"":""37.753340448379"",""img"":""\/upload\/iblock\/4e5\/4e59b334decbfdaf98e0f8e1f1a24dde\/1_002.jpg.jpg"",""distance"":525,""url"":""\/monastyri\/monastery\/svyato-troitskiy-kholkovskiy-muzhskoy-monastyr\/"",""props"":{""eparhia"":null,""mitropolia"":null,""boss"":null,""type"":""Епархиальные монастыри Русской Православной Церкви"",""founded"":""1620""}}"
"{""name"":""Свято-Троицкий Чигиринский женский монастырь Черкасской епархии"",""lat"":""49.092575"",""long"":""32.665561"",""img"":""\/upload\/iblock\/1c7\/2cqio5w0lm6byhi3xgwri0db5h0l8nsc\/00.jpg"",""distance"":831,""url"":""\/monastyri\/monastery\/svyato-troitskiy-chigirinskiy-zhenskiy-monastyr-cherkasskoy-eparkhii\/"",""props"":{""eparhia"":null,""mitropolia"":null,""boss"":null,""type"":""Монастыри УПЦ МП"",""founded"":""2006""}}"
"{""name"":""Тургеневская Казанская Ключевская мужская пустынь"",""lat"":""54.809419713171"",""long"":""46.309614798603"",""img"":""\/upload\/iblock\/e60\/e60ee18c7d7443741c94d1c9a0ce1f37\/e.jpg"",""distance"":479,""url"":""\/monastyri\/monastery\/turgenevskaya-kazanskaya-klyuchevskaya-muzhskaya-pustyn\/"",""props"":{""eparhia"":null,""mitropolia"":null,""boss"":null,""type"":""Епархиальные монастыри Русской Православной Церкви"",""founded"":""""}}"
"{""name"":""Уральский в честь Покрова Пресвятой Богородицы женский монастырь, Уральской епархии"",""lat"":""51.252367347657"",""long"":""51.382424296295"",""img"":""\/upload\/iblock\/6ea\/ppp.jpg"",""distance"":955,""url"":""\/monastyri\/monastery\/uralskiy-v-chest-pokrova-presvyatoy-bogoroditsy-zhenskiy-monastyr-uralskoy-eparkhii\/"",""props"":{""eparhia"":null,""mitropolia"":null,""boss"":null,""type"":""Монастыри Митрополичьего округа Русской Православной Церкви в республике Казахстан"",""founded"":""1850""}}"
"{""name"":""Усольский Спасо-Преображенский женский монастырь"",""lat"":""59.412896138641"",""long"":""56.708003346214"",""img"":""\/upload\/iblock\/b03\/b03e18534bc77bf922a87be541f635b0\/hzWWmdydDC8.jpg"",""distance"":1146,""url"":""\/monastyri\/monastery\/usolskiy-spaso-preobrazhenskiy-zhenskiy-monastyr\/"",""props"":{""eparhia"":null,""mitropolia"":null,""boss"":null,""type"":""Епархиальные монастыри Русской Православной Церкви"",""founded"":""2000""}}"
"{""name"":""Свято-Успенская Святогорская лавра Донецкой епархии"",""lat"":""49.02797813189"",""long"":""37.567572"",""img"":""\/upload\/iblock\/79e\/2r0m6gg0shj4bsb4xgmqbmt8v3nvchf2\/43.jpg"",""distance"":729,""url"":""\/monastyri\/monastery\/svyato-uspenskaya-svyatogorskaya-lavra-donetskoy-eparkhii\/"",""props"":{""eparhia"":null,""mitropolia"":null,""boss"":null,""type"":""Монастыри УПЦ МП"",""founded"":""""}}"
"{""name"":""Свято-Успенская Тетеринская женская пустынь"",""lat"":""57.501687441664"",""long"":""40.589053132036"",""img"":""\/upload\/iblock\/3f0\/3f00ca0a51413061d3bf60220373b30f\/1.png"",""distance"":244,""url"":""\/monastyri\/monastery\/svyato-uspenskaya-teterinskaya-zhenskaya-pustyn\/"",""props"":{""eparhia"":null,""mitropolia"":null,""boss"":null,""type"":""Епархиальные монастыри Русской Православной Церкви"",""founded"":""1993""}}"
"{""name"":""Успенская Феклина женская пустынь"",""lat"":""53.974724340806"",""long"":""36.020516582498"",""img"":""\/upload\/iblock\/75e\/75e45d42a30199252ab707a124d7f333\/9C520HIcFMc.jpg"",""distance"":252,""url"":""\/monastyri\/monastery\/uspenskaya-feklina-zhenskaya-pustyn\/"",""props"":{""eparhia"":null,""mitropolia"":null,""boss"":null,""type"":""Епархиальные монастыри Русской Православной Церкви"",""founded"":""2016""}}"
"{""name"":""Свято-Успенский Бахчисарайский мужской монастырь  "",""lat"":""44.744501"",""long"":""33.910187"",""img"":""\/upload\/iblock\/a72\/a7204f37f3bd124cc3bd97ea8ae9fb84\/000.jpg"",""distance"":1250,""url"":""\/monastyri\/monastery\/svyato-uspenskiy-bakhchisarayskiy-muzhskoy-monastyr-\/"",""props"":{""eparhia"":null,""mitropolia"":null,""boss"":null,""type"":""Епархиальные монастыри Русской Православной Церкви"",""founded"":""0""}}"
"{""name"":""Успенский Второ-Афонский Бештаугорский мужской монастырь"",""lat"":""44.089504593897"",""long"":""43.011762838531"",""img"":""\/upload\/iblock\/10e\/10ecd2d1fdc542f34d3268e14376abc4\/25405a405be980ccb947ccd8468e473e_40.JPG"",""distance"":1306,""url"":""\/monastyri\/monastery\/uspenskiy-vtoro-afonskiy-beshtaugorskiy-muzhskoy-monastyr\/"",""props"":{""eparhia"":null,""mitropolia"":null,""boss"":null,""type"":""Епархиальные монастыри Русской Православной Церкви"",""founded"":""1904""}}"
"{""name"":""Успенский Вышенский женский монастырь "",""lat"":""54.027692016375"",""long"":""42.103619304651"",""img"":""\/upload\/iblock\/038\/03898496b357543a8c833e0b65b54251\/0HV_5109.jpg"",""distance"":267,""url"":""\/monastyri\/monastery\/uspenskiy-vyshenskiy-zhenskiy-monastyr-\/"",""props"":{""eparhia"":null,""mitropolia"":null,""boss"":null,""type"":""Епархиальные монастыри Русской Православной Церкви"",""founded"":""1625""}}"
"{""name"":""Успенский Далматовский мужской монастырь г. Далматово"",""lat"":""56.256733993106"",""long"":""62.940276001328"",""img"":""\/upload\/iblock\/e1c\/e1c9cb27938cee021a9d2bf3f1304953\/9_Kopirovat.JPG"",""distance"":1495,""url"":""\/monastyri\/monastery\/uspenskiy-dalmatovskiy-muzhskoy-monastyr-g-dalmatovo\/"",""props"":{""eparhia"":null,""mitropolia"":null,""boss"":null,""type"":""Епархиальные монастыри Русской Православной Церкви"",""founded"":""1644""}}"
"{""name"":""Успенский Дуниловский женский монастырь"",""lat"":""57.006098426216"",""long"":""41.424816782233"",""img"":""\/upload\/iblock\/5c2\/5c2743ca4d15ed3ae2014151182ced49\/a.jpg"",""distance"":228,""url"":""\/monastyri\/monastery\/uspenskiy-dunilovskiy-zhenskiy-monastyr\/"",""props"":{""eparhia"":null,""mitropolia"":null,""boss"":null,""type"":""Епархиальные монастыри Русской Православной Церкви"",""founded"":""1675""}}"
"{""name"":""Свято-Успенский Елецкий монастырь Черниговской епархии"",""lat"":""51.485418"",""long"":""31.295403"",""img"":""\/upload\/iblock\/e04\/1kfezfqhixtgh1d0sucr88jc13lnly7s\/16.jpg"",""distance"":673,""url"":""\/monastyri\/monastery\/svyato-uspenskiy-eletskiy-monastyr-chernigovskoy-eparkhii\/"",""props"":{""eparhia"":null,""mitropolia"":null,""boss"":null,""type"":""Монастыри УПЦ МП"",""founded"":""1060""}}"
"{""name"":""Свято-Успенский женский монастырь Бердянской епархии"",""lat"":""47.642660107228"",""long"":""35.28250788606"",""img"":""\/upload\/iblock\/5a2\/obb3lnr0pot1ax02n456j59zzh0a82xr\/00-_1_.jpg"",""distance"":912,""url"":""\/monastyri\/monastery\/svyato-uspenskiy-zhenskiy-monastyr-berdyanskoy-eparkhii\/"",""props"":{""eparhia"":null,""mitropolia"":null,""boss"":null,""type"":""Монастыри УПЦ МП"",""founded"":""1994""}}"
"{""name"":""Свято-Успенский женский монастырь г. Кореновска "",""lat"":""45.463933392023"",""long"":""39.447823398148"",""img"":""\/upload\/iblock\/e3e\/e3e4e4a2d7b0684bfdb109ea2d4ab810\/1.jpg"",""distance"":1121,""url"":""\/monastyri\/monastery\/svyato-uspenskiy-zhenskiy-monastyr-g-korenovska-\/"",""props"":{""eparhia"":null,""mitropolia"":null,""boss"":null,""type"":""Епархиальные монастыри Русской Православной Церкви"",""founded"":""1992""}}"
"{""name"":""Свято-Успенский женский монастырь г. Покровска (Энгельса)"",""lat"":""51.398769"",""long"":""46.046086"",""img"":""\/upload\/iblock\/cd6\/6jb2sazescn75fqe6ov9d0uk9zbkjwbo\/1.jpg"",""distance"":661,""url"":""\/monastyri\/monastery\/svyato-uspenskiy-zhenskiy-monastyr-g-pokrovska-engelsa\/"",""props"":{""eparhia"":null,""mitropolia"":null,""boss"":null,""type"":""Епархиальные монастыри Русской Православной Церкви"",""founded"":""2023""}}"
"{""name"":""Свято-Успенский Домбокский женский монастырь Мукачевской епархии"",""lat"":""48.462582838067"",""long"":""22.542901729148"",""img"":""\/upload\/iblock\/942\/tf71s9cz90dzk3j0jyhqqqmx89j72rhf\/00.jpg"",""distance"":1362,""url"":""\/monastyri\/monastery\/svyato-uspenskiy-dombokskiy-zhenskiy-monastyr-mukachevskoy-eparkhii\/"",""props"":{""eparhia"":null,""mitropolia"":null,""boss"":null,""type"":""Монастыри УПЦ МП"",""founded"":""1932""}}"
"{""name"":""Свято-Успенский женский монастырь с. Коада Язулуй  Бельцко-Фалештской епархии"",""lat"":""47.653794979626"",""long"":""27.992637066132"",""img"":""\/upload\/iblock\/766\/_.jpg"",""distance"":1152,""url"":""\/monastyri\/monastery\/svyato-uspenskiy-zhenskiy-monastyr-s-koada-yazuluy-beltsko-faleshtskoy-eparkhii\/"",""props"":{""eparhia"":null,""mitropolia"":null,""boss"":null,""type"":""Монастыри Православной Церкви Молдовы"",""founded"":""2009""}}"
"{""name"":""Успенский женский монастырь с. Перевозное"",""lat"":""56.884681709641"",""long"":""53.918694473906"",""img"":""\/upload\/iblock\/f21\/f213889c6dafe1cfe8dc3b7d9bb3ccca\/mdrLKwZHSp8.jpg"",""distance"":941,""url"":""\/monastyri\/monastery\/uspenskiy-zhenskiy-monastyr-s-perevoznoe\/"",""props"":{""eparhia"":null,""mitropolia"":null,""boss"":null,""type"":""Епархиальные монастыри Русской Православной Церкви"",""founded"":""1994""}}"
"{""name"":""Свято-Успенский женский монастырь села Березняки  "",""lat"":""47.124119"",""long"":""142.752493"",""img"":""\/upload\/iblock\/ebf\/i1si9kqtp818q4lnbzr7z8q6jcrt7pqg\/cropped_DSC_0321.jpg"",""distance"":6585,""url"":""\/monastyri\/monastery\/svyato-uspenskiy-zhenskiy-monastyr-sela-bereznyaki-\/"",""props"":{""eparhia"":null,""mitropolia"":null,""boss"":null,""type"":""Епархиальные монастыри Русской Православной Церкви"",""founded"":""2022""}}"
"{""name"":""Свято-Успенский женский монастырь Хустской епархии"",""lat"":""48.151569"",""long"":""23.613452"",""img"":""\/upload\/iblock\/88e\/k6oq9uhr0kk1j1p7rku1yfaw0trbf1fw\/00.jpg"",""distance"":1327,""url"":""\/monastyri\/monastery\/svyato-uspenskiy-zhenskiy-monastyr-khustskoy-eparkhii\/"",""props"":{""eparhia"":null,""mitropolia"":null,""boss"":null,""type"":""Монастыри УПЦ МП"",""founded"":""""}}"
"{""name"":""Свято-Успенский женский монастырь, г. Орша Витебской епархии"",""lat"":""54.502057885683"",""long"":""30.418224601189"",""img"":""\/upload\/iblock\/e2f\/e2febdedd3597dae8f3be0ae6b5db20c\/1.jpg"",""distance"":551,""url"":""\/monastyri\/monastery\/svyato-uspenskiy-zhenskiy-monastyr-g-orsha\/"",""props"":{""eparhia"":null,""mitropolia"":null,""boss"":null,""type"":""Монастыри Белорусской Православной Церкви"",""founded"":""1631""}}"
"{""name"":""Свято-Успенский Жировичский  митрополичий мужской монастырь "",""lat"":""53.013795102884"",""long"":""25.346176121704"",""img"":""\/upload\/iblock\/632\/6320533216f1408195fb18de85613051\/1.jpg"",""distance"":921,""url"":""\/monastyri\/monastery\/svyato-uspenskiy-zhirovichskiy-stavropigialnyy-muzhskoy-monastyr-\/"",""props"":{""eparhia"":null,""mitropolia"":null,""boss"":null,""type"":""Монастыри Белорусской Православной Церкви"",""founded"":""""}}"
"{""name"":""Свято-Успенский Иосифо-Волоцкий ставропигиальный мужской монастырь"",""lat"":""56.172450137548"",""long"":""36.098216833097"",""img"":""\/upload\/iblock\/a4f\/iosifo_volotsky.jpg"",""distance"":188,""url"":""\/monastyri\/monastery\/iosifo-volotskiy-stavropigialnyy-muzhskoy-monastyr\/"",""props"":{""eparhia"":null,""mitropolia"":null,""boss"":null,""type"":""Ставропигиальные монастыри Русской Православной Церкви"",""founded"":""1479""}}"
"{""name"":""Свято – Успенский Каларашовский женский монастырь    Единецко-Бричанской епархии"",""lat"":""48.40957"",""long"":""27.835493"",""img"":""\/upload\/iblock\/8d4\/DSC_36461.jpg"",""distance"":1093,""url"":""\/monastyri\/monastery\/svyato-uspenskiy-kalarashovskiy-zhenskiy-monastyr-edinetsko-brichanskoy-eparkhii\/"",""props"":{""eparhia"":null,""mitropolia"":null,""boss"":null,""type"":""Монастыри Православной Церкви Молдовы"",""founded"":""1648""}}"
"{""name"":""Свято-Успенский Княгинин женский монастырь города Владимира "",""lat"":""56.13167124111"",""long"":""40.399131672936"",""img"":""\/upload\/iblock\/4f3\/4f3a5a501e05d860f9d51187d0431197\/b78574b3144912db6ed0e9e44599b548_monasterium.ru_06.jpg"",""distance"":117,""url"":""\/monastyri\/monastery\/svyato-uspenskiy-knyaginin-zhenskiy-monastyr-goroda-vladimira-\/"",""props"":{""eparhia"":null,""mitropolia"":null,""boss"":null,""type"":""Епархиальные монастыри Русской Православной Церкви"",""founded"":""1200""}}"
"{""name"":""Успенский Колоцкий женский монастырь"",""lat"":""55.501755842932"",""long"":""35.661558857117"",""img"":""\/upload\/iblock\/a33\/a334079b4698fae3e660ca3f2d97d2c3\/monastyr.jpg"",""distance"":203,""url"":""\/monastyri\/monastery\/uspenskiy-kolotskiy-zhenskiy-monastyr\/"",""props"":{""eparhia"":null,""mitropolia"":null,""boss"":null,""type"":""Епархиальные монастыри Русской Православной Церкви"",""founded"":""1413""}}"
"{""name"":""Свято-Успенский Космин монастырь с. Небылое"",""lat"":""56.362637925484"",""long"":""39.997763585983"",""img"":""\/upload\/iblock\/981\/981d03732df20111648d98d30d2f6f0c\/1.jpg"",""distance"":116,""url"":""\/monastyri\/monastery\/svyato-uspenskiy-kosmin-monastyr-s-nebyloe\/"",""props"":{""eparhia"":null,""mitropolia"":null,""boss"":null,""type"":""Епархиальные монастыри Русской Православной Церкви"",""founded"":""""}}"
"{""name"":""Свято-Успенский Куливецкий мужской монастырь Черновицко-Буковинской епархии"",""lat"":""48.633963"",""long"":""25.8301"",""img"":""\/upload\/iblock\/6b0\/1d9f5v7u5lclbyw7im7gp1es7kv1ilfs\/00.jpg"",""distance"":1173,""url"":""\/monastyri\/monastery\/svyato-uspenskiy-kulivetskiy-muzhskoy-monastyr-chernovitsko-bukovinskoy-eparkhii\/"",""props"":{""eparhia"":null,""mitropolia"":null,""boss"":null,""type"":""Монастыри УПЦ МП"",""founded"":""1997""}}"
"{""name"":""Свято-Успенский Липецкий мужской монастырь"",""lat"":""52.612427480567"",""long"":""39.610091440944"",""img"":""\/upload\/iblock\/e27\/2017.jpg"",""distance"":329,""url"":""\/monastyri\/monastery\/svyato-uspenskiy-lipetskiy-muzhskoy-monastyr\/"",""props"":{""eparhia"":null,""mitropolia"":null,""boss"":null,""type"":""Епархиальные монастыри Русской Православной Церкви"",""founded"":""""}}"
"{""name"":""Свято-Успенский Лихвинский женский монастырь, п. Гремячево"",""lat"":""54.24035999692"",""long"":""36.264227849465"",""img"":""\/upload\/iblock\/0c9\/0c9a0d166351bd992ed51f7c2dde82f4\/05240_20150621_022616.jpg"",""distance"":221,""url"":""\/monastyri\/monastery\/svyato-uspenskiy-likhvinskiy-zhenskiy-monastyr-gremyachevo\/"",""props"":{""eparhia"":null,""mitropolia"":null,""boss"":null,""type"":""Епархиальные монастыри Русской Православной Церкви"",""founded"":""""}}"
"{""name"":""Свято-Успенский женский  монастырь г. Александрова"",""lat"":""56.400646454029"",""long"":""38.739573488242"",""img"":""\/upload\/iblock\/e10\/e10a9650764ed5dc41c6007e9531f2cf\/3.jpg"",""distance"":98,""url"":""\/monastyri\/monastery\/svyato-uspenskiy-zhenskiy-monastyr-g-aleksandrova\/"",""props"":{""eparhia"":null,""mitropolia"":null,""boss"":null,""type"":""Епархиальные монастыри Русской Православной Церкви"",""founded"":""1651""}}"
"{""name"":""Свято-Успенский мужской монастырь Владимир-Волынской епархии "",""lat"":""50.72692"",""long"":""24.190066"",""img"":""\/upload\/iblock\/49b\/kf40t63w1l7ex6b1bcv08k2zaqrln3i5\/00-_1_.jpg"",""distance"":1113,""url"":""\/monastyri\/monastery\/svyato-uspenskiy-muzhskoy-monastyr-vladimir-volynskoy-eparkhii-\/"",""props"":{""eparhia"":null,""mitropolia"":null,""boss"":null,""type"":""Монастыри УПЦ МП"",""founded"":""1643""}}"
"{""name"":""Успенский мужской монастырь г. Иваново"",""lat"":""56.987991866963"",""long"":""40.997113817222"",""img"":""\/upload\/iblock\/4b2\/4b2621c8197c2d8429d5ec050841cc93\/image_262.jpg"",""distance"":209,""url"":""\/monastyri\/monastery\/uspenskiy-muzhskoy-monastyr-g-ivanovo\/"",""props"":{""eparhia"":null,""mitropolia"":null,""boss"":null,""type"":""Епархиальные монастыри Русской Православной Церкви"",""founded"":""1998""}}"
"{""name"":""Успенский мужской монастырь г. Красноярска"",""lat"":""55.978930075677"",""long"":""92.740713593918"",""img"":""\/upload\/iblock\/f2f\/monastirium.jpg"",""distance"":3285,""url"":""\/monastyri\/monastery\/uspenskiy-muzhskoy-monastyr-g-krasnoyarska\/"",""props"":{""eparhia"":null,""mitropolia"":null,""boss"":null,""type"":""Епархиальные монастыри Русской Православной Церкви"",""founded"":""1874""}}"
"{""name"":""Свято-Успенский мужской монастырь Мукачевской епархии"",""lat"":""48.869075498664"",""long"":""22.893454776215"",""img"":""\/upload\/iblock\/4cd\/7yhi86djswap8fqd6ixuq1nst2mx5hf6\/00.jpg"",""distance"":1313,""url"":""\/monastyri\/monastery\/svyato-uspenskiy-muzhskoy-monastyr-mukachevskoy-eparkhii\/"",""props"":{""eparhia"":null,""mitropolia"":null,""boss"":null,""type"":""Монастыри УПЦ МП"",""founded"":""2003""}}"
"{""name"":""Свято-Успенский мужской монастырь Ровенской епархии"",""lat"":""50.677100203302"",""long"":""26.774906462836"",""img"":""\/upload\/iblock\/6e0\/m8ygzej3etw3hn2eqegxune6pl5bcp5p\/00.jpg"",""distance"":970,""url"":""\/monastyri\/monastery\/svyato-uspenskiy-muzhskoy-monastyr-rovenskoy-eparkhii\/"",""props"":{""eparhia"":null,""mitropolia"":null,""boss"":null,""type"":""Монастыри УПЦ МП"",""founded"":""1924""}}"
"{""name"":""Успенский мужской монастырь Саровская пустынь"",""lat"":""54.925193779864"",""long"":""43.327836457983"",""img"":""\/upload\/iblock\/2d7\/1.jpg"",""distance"":291,""url"":""\/monastyri\/monastery\/uspenskiy-muzhskoy-monastyr-sarovskaya-pustyn\/"",""props"":{""eparhia"":null,""mitropolia"":null,""boss"":null,""type"":""Епархиальные монастыри Русской Православной Церкви"",""founded"":""1706""}}"
"{""name"":""Свято-Успенский мужской монастырь Флорищева пустынь"",""lat"":""56.418997295433"",""long"":""42.6439799021"",""img"":""\/upload\/iblock\/791\/16.jpg"",""distance"":255,""url"":""\/monastyri\/monastery\/svyato-uspenskiy-muzhskoy-monastyr-florishcheva-pustyn\/"",""props"":{""eparhia"":null,""mitropolia"":null,""boss"":null,""type"":""Епархиальные монастыри Русской Православной Церкви"",""founded"":""""}}"
"{""name"":""Свято-Успенский Николаевский женский монастырь Донецкой епархии"",""lat"":""47.749065382546"",""long"":""37.302637373595"",""img"":""\/upload\/iblock\/592\/8v4lpuxyu2o2re2rgd655ny2jz1l5l9h\/996af90b_e281_4fd0_a6b0_3bd957aac3c7.jpg"",""distance"":873,""url"":""\/monastyri\/monastery\/svyato-uspenskiy-nikolaevskiy-zhenskiy-monastyr-donetskoy-eparkhii\/"",""props"":{""eparhia"":null,""mitropolia"":null,""boss"":null,""type"":""Епархиальные монастыри Русской Православной Церкви"",""founded"":""1998""}}"
"{""name"":""Успенский Николо-Васильевский  мужской монастырь Донецкой епархии"",""lat"":""47.750316"",""long"":""37.301508"",""img"":""\/upload\/iblock\/e83\/k36gp9cc2z4s6jaolvanahxxazqjot2q\/00-_1_.jpg"",""distance"":872,""url"":""\/monastyri\/monastery\/vasilevskiy-muzhskoy-monastyr-donetskoy-eparkhii\/"",""props"":{""eparhia"":null,""mitropolia"":null,""boss"":null,""type"":""Епархиальные монастыри Русской Православной Церкви"",""founded"":""2001""}}"
"{""name"":""Свято-Успенский Одесский мужской монастырь Одесской епархии"",""lat"":""46.378082955809"",""long"":""30.745011339083"",""img"":""\/upload\/iblock\/1ea\/1nbwpugoxgx7jur6p848teiyyp8945qi\/Odesskiy_Uspenskiy_monastyr1.jpg"",""distance"":1165,""url"":""\/monastyri\/monastery\/svyato-uspenskiy-odesskiy-muzhskoy-monastyr-odesskoy-eparkhii\/"",""props"":{""eparhia"":null,""mitropolia"":null,""boss"":null,""type"":""Монастыри УПЦ МП"",""founded"":""1824""}}"
"{""name"":""Успенский Паисиево-Галичский женский монастырь"",""lat"":""58.35758173813"",""long"":""42.339282316147"",""img"":""\/upload\/iblock\/ef7\/ef774c60a1b86792ec613052b66cd6c6\/22.jpg"",""distance"":378,""url"":""\/monastyri\/monastery\/uspenskiy-paisievo-galichskiy-zhenskiy-monastyr\/"",""props"":{""eparhia"":null,""mitropolia"":null,""boss"":null,""type"":""Епархиальные монастыри Русской Православной Церкви"",""founded"":""1304""}}"
"{""name"":""Свято-Успенский Пошехонский Адрианов мужской монастырь "",""lat"":""58.452779160425"",""long"":""39.176541222317"",""img"":""\/upload\/iblock\/db5\/db5af387e065e24cd82f8eb12bf6fa52\/monast.jpg"",""distance"":326,""url"":""\/monastyri\/monastery\/svyato-uspenskiy-poshekhonskiy-adrianov-muzhskoy-monastyr-\/"",""props"":{""eparhia"":null,""mitropolia"":null,""boss"":null,""type"":""Епархиальные монастыри Русской Православной Церкви"",""founded"":""1543""}}"
"{""name"":""Свято-Успенский Псково-Печерский мужской монастырь"",""lat"":""57.809861975167"",""long"":""27.614706805557"",""img"":""\/upload\/iblock\/a2d\/a2d6d876e5414ab84bda5753f78821a1\/11.jpg"",""distance"":733,""url"":""\/monastyri\/monastery\/uspenskiy-pskovo-pecherskiy-monastyr\/"",""props"":{""eparhia"":null,""mitropolia"":null,""boss"":null,""type"":""Епархиальные монастыри Русской Православной Церкви"",""founded"":""1473""}}"
"{""name"":""Успенский Свято-Георгиевский мужской монастырь с. Уса-Степановка"",""lat"":""55.407655393048"",""long"":""56.360817233571"",""img"":""\/upload\/iblock\/b75\/b7516ee8a14d92634f47b2eca74e16b2\/1.jpg"",""distance"":1100,""url"":""\/monastyri\/monastery\/uspenskiy-svyato-georgievskiy-muzhskoy-monastyr-s-usa-stepanovka\/"",""props"":{""eparhia"":null,""mitropolia"":null,""boss"":null,""type"":""Епархиальные монастыри Русской Православной Церкви"",""founded"":""1998""}}"
"{""name"":""Успенский Святогорский Зимненский ставропигиальный женский монастырь Киевской епархии"",""lat"":""50.800469"",""long"":""24.32712"",""img"":""\/upload\/iblock\/b3b\/lba4i0me2k3pg7e89c5qgajctjg25za2\/00.jpg"",""distance"":1101,""url"":""\/monastyri\/monastery\/uspenskiy-svyatogorskiy-zimnenskiy-stavropigialnyy-zhenskiy-monastyr-kievskoy-eparkhii\/"",""props"":{""eparhia"":null,""mitropolia"":null,""boss"":null,""type"":""Монастыри УПЦ МП"",""founded"":""""}}"
"{""name"":""Успенский скит Аланского Богоявленского женского монастыря в селении Лисри Мамисонского ущелья"",""lat"":""42.669171213112"",""long"":""43.857461518177"",""img"":""\/upload\/iblock\/a9d\/a9d748b49e4cce7093f0051bb3462450\/1.jpg"",""distance"":1475,""url"":""\/monastyri\/monastery\/uspenskiy-skit-alanskogo-bogoyavlenskogo-zhenskogo-monastyrya-v-selenii-lisri-mamisonskogo-ushchelya\/"",""props"":{""eparhia"":null,""mitropolia"":null,""boss"":null,""type"":""скит епархиального монастыря"",""founded"":""2007""}}"
"{""name"":""Успенский скит женского монастыря в честь Касперовской иконы Божией Матери в г. Ждановка Донецкой епархии"",""lat"":""48.14982"",""long"":""38.241911"",""img"":null,""distance"":822,""url"":""\/monastyri\/monastery\/uspenskiy-skit-zhenskogo-monastyrya-v-chest-kasperovskoy-ikony-bozhiey-materi-v-g-zhdanovka-donetsko\/"",""props"":{""eparhia"":null,""mitropolia"":null,""boss"":null,""type"":""скит епархиального монастыря"",""founded"":""2012""}}"
"{""name"":""Успенский скит села Волобуево Рыльского Свято-Николаевского мужского монастыря"",""lat"":""51.886649366044"",""long"":""36.176236370935"",""img"":""\/upload\/iblock\/699\/69981dbf1f7c7588b01844b932c722fa\/Skit6.JPG"",""distance"":443,""url"":""\/monastyri\/monastery\/uspenskiy-skit-sela-volobuevo-rylskogo-svyato-nikolaevskogo-muzhskogo-monastyrya\/"",""props"":{""eparhia"":null,""mitropolia"":null,""boss"":null,""type"":""скит епархиального монастыря"",""founded"":""2000""}}"
"{""name"":""Успенский ставропигиальный  женский монастырь «Ново Дивеево»  "",""lat"":""41.089587301178"",""long"":""-74.013800680218"",""img"":""\/upload\/iblock\/ad3\/n54g3e8ylw23jpljgd0vndql3uqpy8x7\/diveevo.jpg"",""distance"":7553,""url"":""\/monastyri\/monastery\/uspenskiy-stavropigialnyy-zhenskiy-monastyr-novo-diveevo-\/"",""props"":{""eparhia"":null,""mitropolia"":null,""boss"":null,""type"":""Монастыри РПЦЗ"",""founded"":""1949""}}"
"{""name"":""Свято-Успенский Тадулинский женский монастырь, д. Слобода Витебской епархии"",""lat"":""55.26017063966"",""long"":""30.626077723648"",""img"":""\/upload\/iblock\/ccc\/ccc92fa94bc6aa09f6946c40580a2722\/1.jpg"",""distance"":522,""url"":""\/monastyri\/monastery\/svyato-uspenskiy-tadulinskiy-zhenskiy-monastyr-d-sloboda-vitebskoy-eparkhii\/"",""props"":{""eparhia"":null,""mitropolia"":null,""boss"":null,""type"":""Монастыри Белорусской Православной Церкви"",""founded"":""1743""}}"
"{""name"":""Успенский Трифонов мужской монастырь  города Кирова "",""lat"":""58.600348282308"",""long"":""49.688903337296"",""img"":""\/upload\/iblock\/0b5\/0b5a4d0a8a4b9664edeae685626edc2a\/DjlQWQGDBLY.jpg"",""distance"":737,""url"":""\/monastyri\/monastery\/uspenskiy-trifonov-monastyr-goroda-kirova-\/"",""props"":{""eparhia"":null,""mitropolia"":null,""boss"":null,""type"":""Епархиальные монастыри Русской Православной Церкви"",""founded"":""1580""}}"
"{""name"":""Успенский храм  школы-интерната при Николо-Шартмоском монастыре в д. Клещевка"",""lat"":""56.78640595001"",""long"":""41.40291524668"",""img"":""\/upload\/iblock\/1b0\/1b02dbf77f58c34dbaa3a60fe43d0483\/kleshchevka.jpg"",""distance"":210,""url"":""\/monastyri\/monastery\/uspenskiy-khram-shkoly-internata-pri-nikolo-shartmoskom-monastyre-v-d-kleshchevka\/"",""props"":{""eparhia"":null,""mitropolia"":null,""boss"":null,""type"":""подворье епархиального монастыря"",""founded"":""""}}"
"{""name"":""Успенский храм на кладбище &quot;Осиновая гора&quot; г. Шуя, подворья Николо-Шартомского мужского монастыря"",""lat"":""56.862093960302"",""long"":""41.434229251282"",""img"":""\/upload\/iblock\/806\/8061d00f612c1a340b58126e629ec3a0\/i_21049_150x150.png"",""distance"":217,""url"":""\/monastyri\/monastery\/uspenskiy-khram-na-kladbishche-osinovaya-gora-g-shuya-podvorya-nikolo-shartomskogo-muzhskogo-monasty\/"",""props"":{""eparhia"":null,""mitropolia"":null,""boss"":null,""type"":""подворье епархиального монастыря"",""founded"":""1997""}}"
"{""name"":""Успенский Цыганештский мужской монастырь  Кишиневской епархии"",""lat"":""47.315364"",""long"":""28.512328"",""img"":""\/upload\/iblock\/517\/0np4f2hoi2i3scx0nkmj2zbexd06k0l0\/MG_5916.jpg"",""distance"":1160,""url"":""\/monastyri\/monastery\/uspenskiy-tsyganeshtskiy-muzhskoy-monastyr-kishinevskoy-eparkhii\/"",""props"":{""eparhia"":null,""mitropolia"":null,""boss"":null,""type"":""Монастыри Православной Церкви Молдовы"",""founded"":""1725""}}"
"{""name"":""Успенский Цыповский мужской монастырь Кишиневской епархии"",""lat"":""47.603306437444"",""long"":""28.984841823855"",""img"":""\/upload\/iblock\/dd1\/o9qkc2qlnqq8d8pyaql9qgg15naxh1ie\/4.jpg"",""distance"":1114,""url"":""\/monastyri\/monastery\/uspenskiy-tsypovskiy-muzhskoy-monastyr-kishinevskoy-eparkhii\/"",""props"":{""eparhia"":null,""mitropolia"":null,""boss"":null,""type"":""Монастыри Православной Церкви Молдовы"",""founded"":""1756""}}"
"{""name"":""Усть-Вымский Михайло-Архангельский мужской монастырь "",""lat"":""62.223092756008"",""long"":""50.398786228836"",""img"":""\/upload\/iblock\/226\/226ccd4888b0672910319188c7c7f162\/77.png"",""distance"":994,""url"":""\/monastyri\/monastery\/ust-vymskiy-mikhaylo-arkhangelskiy-muzhskoy-monastyr-\/"",""props"":{""eparhia"":null,""mitropolia"":null,""boss"":null,""type"":""Епархиальные монастыри Русской Православной Церкви"",""founded"":""1380""}}"
"{""name"":""Усть-Медведецкий Спасо-Преображенский монастырь"",""lat"":""49.566261981938"",""long"":""42.695723444427"",""img"":""\/upload\/iblock\/826\/826528aa3053d156add76ad9a85e75d6\/6dGjZIb9VFE.jpg"",""distance"":712,""url"":""\/monastyri\/monastery\/ust-medvedetskiy-spaso-preobrazhenskiy-monastyr\/"",""props"":{""eparhia"":null,""mitropolia"":null,""boss"":null,""type"":""Епархиальные монастыри Русской Православной Церкви"",""founded"":""1652""}}"
"{""name"":""Феодоро-Тироновский женский монастырь Кишиневской епархии"",""lat"":""47.01242327529"",""long"":""28.8467772705"",""img"":""\/upload\/iblock\/69d\/3dk1dyl8gtylq3583mtiv4u4t3lqhatq\/vv.jpg"",""distance"":1174,""url"":""\/monastyri\/monastery\/feodoro-tironovskiy-zhenskiy-monastyr-kishinevskoy-eparkhii\/"",""props"":{""eparhia"":null,""mitropolia"":null,""boss"":null,""type"":""Монастыри Православной Церкви Молдовы"",""founded"":""2002""}}"
"{""name"":""Феодоровский женский монастырь. г. Переславля-Залесского"",""lat"":""56.712466651582"",""long"":""38.818987526459"",""img"":""\/upload\/iblock\/99f\/img_9347.jpg"",""distance"":132,""url"":""\/monastyri\/monastery\/feodorovskiy-zhenskiy-monastyr-g-pereslavlya-zalesskogo\/"",""props"":{""eparhia"":null,""mitropolia"":null,""boss"":null,""type"":""Епархиальные монастыри Русской Православной Церкви"",""founded"":""""}}"
"{""name"":""Хаджимусский Марфо-Мариинский женский монастырь Кишиневской епархии"",""lat"":""46.731972709286"",""long"":""29.459978227539"",""img"":""\/upload\/iblock\/f98\/2a9ngn138towqm1fqb4rlowxwp00ep6b\/manastirea_sf_maria_si_marta.jpg"",""distance"":1177,""url"":""\/monastyri\/monastery\/khadzhimusskiy-marfo-mariinskiy-zhenskiy-monastyr-kishinevskoy-eparkhii\/"",""props"":{""eparhia"":null,""mitropolia"":null,""boss"":null,""type"":""Монастыри Православной Церкви Молдовы"",""founded"":""1997""}}"
"{""name"":""Хибиногорский женский монастырь Казанской иконы Божией Матери"",""lat"":""67.638088637387"",""long"":""33.72484067934"",""img"":""\/upload\/iblock\/55a\/55ababbecbbc4a0f514c974ee39eee6d\/1.jpg"",""distance"":1373,""url"":""\/monastyri\/monastery\/khibinogorskiy-zhenskiy-monastyr-kazanskoy-ikony-bozhiey-materi\/"",""props"":{""eparhia"":null,""mitropolia"":null,""boss"":null,""type"":""Епархиальные монастыри Русской Православной Церкви"",""founded"":""2005""}}"
"{""name"":""Хировский во имя преподобного  Симеона Столпника женский монастырь Кишиневской епархии"",""lat"":""47.36348786834"",""long"":""28.697117164062"",""img"":""\/upload\/iblock\/cd5\/cgmteu4qzc2bm5kba39vijjqx0k5ikh2\/39_5.jpg"",""distance"":1148,""url"":""\/monastyri\/monastery\/khirovskiy-vo-imya-prepodobnogo-simeona-stolpnika-zhenskiy-monastyr-kishinevskoy-eparkhii\/"",""props"":{""eparhia"":null,""mitropolia"":null,""boss"":null,""type"":""Монастыри Православной Церкви Молдовы"",""founded"":""1805""}}"
"{""name"":""Хозяйственное подворье Благовещенского Киржачского женского монастыря "",""lat"":""56.163416092158"",""long"":""38.929507558411"",""img"":""\/upload\/iblock\/04b\/04bee53df75ef74bcec716b0fb3660eb\/Podvore-m_rya-002.JPG"",""distance"":71,""url"":""\/monastyri\/monastery\/khozyaystvennoe-podvore-blagoveshchenskogo-kirzhachskogo-zhenskogo-monastyrya-\/"",""props"":{""eparhia"":null,""mitropolia"":null,""boss"":null,""type"":""подворье епархиального монастыря"",""founded"":""""}}"
"{""name"":""Храм  в честь Введения Пресвятой Богородицы в с. Введенская Слобода, подворье Вознесенской Макарьевской мужской пустыни"",""lat"":""55.759679448768"",""long"":""48.690450517197"",""img"":""\/upload\/iblock\/bb1\/bb14a490c595c774e7c6effa4a8c8ea8\/1_a_17740393519.jpg"",""distance"":616,""url"":""\/monastyri\/monastery\/khram-v-chest-vvedeniya-presvyatoy-bogoroditsy-v-s-vvedenskaya-sloboda-podvore-voznesenskoy-makarevs\/"",""props"":{""eparhia"":null,""mitropolia"":null,""boss"":null,""type"":""подворье епархиального монастыря"",""founded"":""""}}"
"{""name"":""Храм  иконы Божией Матери «Казанская» с. Новая Анзирка, подворье Елабужского Казанско-Богородицкого женского монастыря"",""lat"":""55.747531336649"",""long"":""51.486549980921"",""img"":""\/upload\/iblock\/369\/36998eaaab4b29335a77208620338cf8\/1_a_54012847222.jpg"",""distance"":791,""url"":""\/monastyri\/monastery\/khram-ikony-bozhiey-materi-kazanskaya-s-novaya-anzirka-podvore-elabuzhskogo-kazansko-bogoroditskogo-\/"",""props"":{""eparhia"":null,""mitropolia"":null,""boss"":null,""type"":""подворье епархиального монастыря"",""founded"":""1998""}}"
"{""name"":""Храм  мучениц Веры, Надежды, Любови и матери их Софии, подворья Иоанновского ставропигиального женского монастыря"",""lat"":""60.172937458204"",""long"":""30.33652780983"",""img"":""\/upload\/iblock\/6b6\/003.jpg"",""distance"":722,""url"":""\/monastyri\/monastery\/khram-svv-mtsts-very-nadezhdy-lyubovi-i-materi-ikh-sofii\/"",""props"":{""eparhia"":null,""mitropolia"":null,""boss"":null,""type"":""подворье ставропигиального монастыря"",""founded"":""1860""}}"
"{""name"":""Храм  мучениц Веры, Надежды, Любови и матери их Софии, подворья Покрово-Тервенического монастыря"",""lat"":""59.849659989909"",""long"":""30.234514203705"",""img"":""\/upload\/iblock\/78b\/78b69389e9ed24a9e1da9849957147de\/VNL_vid2.jpg"",""distance"":703,""url"":""\/monastyri\/monastery\/khram-muchenits-very-nadezhdy-lyubovi-i-materi-ikh-sofii-podvorya-pokrovo-tervenicheskogo-monastyrya\/"",""props"":{""eparhia"":null,""mitropolia"":null,""boss"":null,""type"":""подворье епархиального монастыря"",""founded"":""""}}"
"{""name"":""Храм апостола и евангелиста Иоанна Богослова с. Большие Ключи, подворье Раифского Богородицкого мужского монастыря"",""lat"":""55.988565042099"",""long"":""48.805373032315"",""img"":""\/upload\/iblock\/582\/582cb21926496413a6a719a8630ae8a7\/ioan.jpg"",""distance"":623,""url"":""\/monastyri\/monastery\/khram-apostola-i-evangelista-ioanna-bogoslova-s-bolshie-klyuchi-podvore-raifskogo-bogoroditskogo-muzh\/"",""props"":{""eparhia"":null,""mitropolia"":null,""boss"":null,""type"":""подворье епархиального монастыря"",""founded"":""""}}"
"{""name"":"" Храм благоверного великого князя Александра Невского. Подворье Московского Богородице-Смоленского Новодевичьего женского монастыря"",""lat"":""55.609817482516"",""long"":""36.599190535183"",""img"":""\/upload\/iblock\/85d\/85d4d1cee7d43f5e623f80dd56480be1\/anh_ico_b.jpg"",""distance"":144,""url"":""\/monastyri\/monastery\/khram-blagovernogo-velikogo-knyazya-aleksandra-nevskogo-podvore-moskovskogo-bogoroditse-smolenskogo-\/"",""props"":{""eparhia"":null,""mitropolia"":null,""boss"":null,""type"":""подворье епархиального монастыря"",""founded"":""1915""}}"
"{""name"":""Храм в в честь мучеников Мины, Виктора и Викентия в Твери.Подворье Свято-Екатерининского монастыря"",""lat"":""56.862604391377"",""long"":""35.928648482803"",""img"":""\/upload\/iblock\/95b\/95b600543d70f63cc207172efbe91cb7\/minvikviktv12.JPG"",""distance"":235,""url"":""\/monastyri\/monastery\/khram-v-v-chest-muchenikov-miny-viktora-i-vikentiya-v-tveri-podvore-svyato-ekaterininskogo-monastyrya\/"",""props"":{""eparhia"":null,""mitropolia"":null,""boss"":null,""type"":""подворье епархиального монастыря"",""founded"":""""}}"
"{""name"":""Храм в честь  Архистратига Божия Михаила и прочих Сил бесплотных г.Егорьевск, подворье Колычевского Казанского женского монастыря"",""lat"":""55.379935191703"",""long"":""39.036275178574"",""img"":""\/upload\/iblock\/43e\/43ebdd7abbe1fb5fcffc6b7ad87131e5\/mihailo_arhangelskiy_1_big.jpg"",""distance"":20,""url"":""\/monastyri\/monastery\/khram-v-chest-svyatogo-arkhistratiga-mikhaila-i-prochikh-sil-besplotnykh-g-egorevsk-podvore-kolychev\/"",""props"":{""eparhia"":null,""mitropolia"":null,""boss"":null,""type"":""подворье епархиального монастыря"",""founded"":""1862""}}"
"{""name"":""Храм в честь  праведной блаженной Матроны Московской подворья Покровского ставропигиального женского монастыря"",""lat"":""55.574544918737"",""long"":""37.604237588685"",""img"":""\/upload\/iblock\/b32\/monasterium.ru_100.jpg"",""distance"":81,""url"":""\/monastyri\/monastery\/khram-v-chest-svyatoy-pravednoy-blazhennoy-matrony-moskovskoy\/"",""props"":{""eparhia"":null,""mitropolia"":null,""boss"":null,""type"":""подворье ставропигиального монастыря"",""founded"":""2007""}}"
"{""name"":""Храм в честь  Рождества Пресвятой Богородицы в селе Менчаково Суздальского района"",""lat"":""56.500480786763"",""long"":""40.392736102326"",""img"":""\/upload\/iblock\/bd3\/bd3d9c905a28707df5b6ca08bf50ba65\/05.jpg"",""distance"":144,""url"":""\/monastyri\/monastery\/khram-v-chest-rozhdestva-presvyatoy-bogoroditsy-v-sele-menchakovo-suzdalskogo-rayona\/"",""props"":{""eparhia"":null,""mitropolia"":null,""boss"":null,""type"":""приписной храм епархиального монастыря"",""founded"":""1795""}}"
"{""name"":""Храм в честь апостола и евангелиста Иоанн Богослова , подворья Николо-Шартомского мужского монастыря"",""lat"":""56.969771348065"",""long"":""41.334969049759"",""img"":""\/upload\/iblock\/456\/456ff7a9f68ba562f53a71a2d835bc3a\/gg.jpg"",""distance"":221,""url"":""\/monastyri\/monastery\/khram-v-chest-apostola-i-evangelista-ioann-bogoslova-podvorya-nikolo-shartomskogo-muzhskogo-monastyr\/"",""props"":{""eparhia"":null,""mitropolia"":null,""boss"":null,""type"":""подворье епархиального монастыря"",""founded"":""""}}"
"{""name"":""Храм в честь благоверного князя Александра Невского в селе Весь Суздальского района"",""lat"":""56.487832053656"",""long"":""40.35864986208"",""img"":""\/upload\/iblock\/d0d\/d0dd9e5cd3ba629b983b961880e1a27d\/84262.jpg"",""distance"":141,""url"":""\/monastyri\/monastery\/khram-v-chest-blagovernogo-knyazya-aleksandra-nevskogo-v-sele-ves-suzdalskogo-rayona\/"",""props"":{""eparhia"":null,""mitropolia"":null,""boss"":null,""type"":""приписной храм епархиального монастыря"",""founded"":""1865""}}"
"{""name"":""Храм в честь благоверной княгини Анны Кашинской в Санкт-Петербурге, подворья Введено-Оятского монастыря"",""lat"":""59.97191558968"",""long"":""30.340724243836"",""img"":""\/upload\/iblock\/6c0\/6c013646b3a68e1b760955f80e7cd074\/004.jpg"",""distance"":707,""url"":""\/monastyri\/monastery\/khram-v-chest-blagovernoy-knyagini-anny-kashinskoy-v-sankt-peterburge-podvorya-vvedeno-oyatskogo-mon\/"",""props"":{""eparhia"":null,""mitropolia"":null,""boss"":null,""type"":""подворье епархиального монастыря"",""founded"":""1894""}}"
"{""name"":""Храм в честь Богоявления Господня, подворья Абалакского Знаменского монастыря. "",""lat"":""57.809314931063"",""long"":""67.385694608874"",""img"":null,""distance"":1747,""url"":""\/monastyri\/monastery\/khram-v-chest-bogoyavleniya-gospodnya-podvorya-abalakskogo-znamenskogo-monastyrya-\/"",""props"":{""eparhia"":null,""mitropolia"":null,""boss"":null,""type"":""подворье епархиального монастыря"",""founded"":""""}}"
"{""name"":""Храм в честь Введения во храм Пресвятой Богородицы и Приснодевы Марии , приписной храм Алексеевского Акатова женского монастыря"",""lat"":""51.675861592682"",""long"":""39.219063906746"",""img"":""\/upload\/iblock\/b07\/003.JPG"",""distance"":430,""url"":""\/monastyri\/monastery\/khram-v-chest-vvedeniya-vo-khram-presvyatoy-bogoroditsy-i-prisnodevy-marii-pripisnoy-khram-alekseevs\/"",""props"":{""eparhia"":null,""mitropolia"":null,""boss"":null,""type"":""приписной храм епархиального монастыря"",""founded"":""""}}"
"{""name"":""Храм в честь Введения во храм Пресвятой Богородицы с. Обёзово, подворья Николо-Шартомского мужского монастыря"",""lat"":""56.665615540543"",""long"":""40.601579067459"",""img"":""\/upload\/iblock\/5ad\/5ad7e17f3d2450c567c1b9440c4f1f86\/3.jpg"",""distance"":166,""url"":""\/monastyri\/monastery\/khram-v-chest-vvedeniya-vo-khram-presvyatoy-bogoroditsy-podvorya-nikolo-shartomskogo-muzhskogo-monas\/"",""props"":{""eparhia"":null,""mitropolia"":null,""boss"":null,""type"":""подворье епархиального монастыря"",""founded"":""1830""}}"
"{""name"":""Храм в честь великомученика Георгия с. Зеленый Бор"",""lat"":""56.687550147641"",""long"":""41.563874832174"",""img"":""\/upload\/iblock\/c88\/c88ea482d74006bea6a8c26b65096863\/bor.jpg"",""distance"":211,""url"":""\/monastyri\/monastery\/khram-v-chest-velikomuchenika-georgiya-s-zelenyy-bor\/"",""props"":{""eparhia"":null,""mitropolia"":null,""boss"":null,""type"":""подворье епархиального монастыря"",""founded"":""""}}"
"{""name"":""Храм в честь великомученика и победоносца Георгия в гор. Воронич"",""lat"":""57.054850674625"",""long"":""28.875045361768"",""img"":""\/upload\/iblock\/db9\/db9764630751a39e43a848194e88f8f0\/07659_20121002_223932_1.jpg"",""distance"":640,""url"":""\/monastyri\/monastery\/khram-v-chest-velikomuchenika-i-pobedonostsa-georgiya-v-gor-voronich\/"",""props"":{""eparhia"":null,""mitropolia"":null,""boss"":null,""type"":""приписной храм епархиального монастыря"",""founded"":""""}}"
"{""name"":""Храм в честь великомученика и целителя Пантелеимона  в п. Посевная, подворье мужского монастыря в честь святых в земле Сибирской просиявших"",""lat"":""54.301401125463"",""long"":""83.330712136254"",""img"":""\/upload\/iblock\/c0a\/c0ac90fb183c402a44ad6c56f36ccdc3\/cerkov_vo_imya_svyatogovelikomuchenika_i_celitelya_1.jpg"",""distance"":2796,""url"":""\/monastyri\/monastery\/khram-v-chest-velikomuchenika-i-tselitelya-panteleimona-v-p-posevnaya-podvore-muzhskogo-monastyrya-v\/"",""props"":{""eparhia"":null,""mitropolia"":null,""boss"":null,""type"":""подворье епархиального монастыря"",""founded"":""""}}"
"{""name"":""Храм в честь великомученицы Варвары г. Плес, подворья Николо-Шартомского монастыря"",""lat"":""57.458334517703"",""long"":""41.527991126984"",""img"":""\/upload\/iblock\/87f\/87fca1eddf618751be6831f8ba51a61c\/varv1.jpg"",""distance"":270,""url"":""\/monastyri\/monastery\/khram-v-chest-velikomuchenitsy-varvary-g-ples-podvorya-nikolo-shartomskogo-monastyrya\/"",""props"":{""eparhia"":null,""mitropolia"":null,""boss"":null,""type"":""подворье епархиального монастыря"",""founded"":""1821""}}"
"{""name"":""Храм в честь Вознесения Господня с приделом мученицы Параскевы Пятницы,подворья Николо-Шартомского монастыря"",""lat"":""56.968554866389"",""long"":""41.33697638865"",""img"":""\/upload\/iblock\/90e\/90ef5261f6cdfebc02779fc54f6e79b0\/s-predelom.jpg"",""distance"":221,""url"":""\/monastyri\/monastery\/khram-v-chest-vozneseniya-gospodnya-s-pridelom-muchenitsy-paraskevy-pyatnitsy-podvorya-nikolo-sharto\/"",""props"":{""eparhia"":null,""mitropolia"":null,""boss"":null,""type"":""подворье епархиального монастыря"",""founded"":""1806""}}"
"{""name"":""Храм в честь Вознесения Господня, подворья Николо-Шартомского монастыря"",""lat"":""56.854509521539"",""long"":""41.347739058197"",""img"":""\/upload\/iblock\/22d\/22d61c54446b9831ec25484ca2de30b0\/vozneseniya.jpg"",""distance"":213,""url"":""\/monastyri\/monastery\/khram-v-chest-vozneseniya-gospodnya-podvorya-nikolo-shartomskogo-monastyrya\/"",""props"":{""eparhia"":null,""mitropolia"":null,""boss"":null,""type"":""подворье епархиального монастыря"",""founded"":""1908""}}"
"{""name"":""Храм в честь Вознесения Господня, приписной храм Успенского Иосифо-Волоцкого монастыря"",""lat"":""56.172307844564"",""long"":""36.124379309509"",""img"":""\/upload\/iblock\/448\/4488eb2ccc72c0bebd065e50d128157a\/004.jpg"",""distance"":186,""url"":""\/monastyri\/monastery\/khram-v-chest-vozneseniya-gospodnya-pripisnoy-khram-uspenskogo-iosifo-volotskogo-monastyrya\/"",""props"":{""eparhia"":null,""mitropolia"":null,""boss"":null,""type"":""приписной храм ставропигиального монастыря"",""founded"":""""}}"
"{""name"":""Храм в честь Воскресения Христова, подворье Богоявленского женского монастыря г. Углича в с. Воскресенское"",""lat"":""57.313800176575"",""long"":""38.602642015488"",""img"":""\/upload\/iblock\/cf7\/cf76799a192aca0450bf8acba17f42e0\/002-KHram-Voskreseniya-KHristova.JPG"",""distance"":199,""url"":""\/monastyri\/monastery\/khram-v-chest-voskreseniya-khristova-podvore-bogoyavlenskogo-zhenskogo-monastyrya-g-uglicha-v-s-vosk\/"",""props"":{""eparhia"":null,""mitropolia"":null,""boss"":null,""type"":""подворье епархиального монастыря"",""founded"":""""}}"
"{""name"":""Храм в честь Всех святых  с. Волокобино, подворья Воскресенско-Феодоровского мужского монастыря"",""lat"":""56.69485486706"",""long"":""41.638717482834"",""img"":""\/upload\/iblock\/c0d\/c0d187737d9ce428bccb698220ec48ee\/podvor.png"",""distance"":215,""url"":""\/monastyri\/monastery\/khram-v-chest-vsekh-svyatykh-s-volokobino-podvorya-voskresensko-feodorovskogo-muzhskogo-monastyrya\/"",""props"":{""eparhia"":null,""mitropolia"":null,""boss"":null,""type"":""подворье епархиального монастыря"",""founded"":""1800""}}"
"{""name"":""Храм в честь Живоначальной Троицы с. Полянка, подворье Введенского Кизического мужского монастыря"",""lat"":""55.391506639116"",""long"":""49.800365285849"",""img"":""\/upload\/iblock\/bd7\/bd75c801718e0cd96c04147b6d846899\/1_96392361111.jpg"",""distance"":689,""url"":""\/monastyri\/monastery\/khram-v-chest-zhivonachalnoy-troitsy-s-polyanka-podvore-vvedenskogo-kizicheskogo-muzhskogo-monastyrya\/"",""props"":{""eparhia"":null,""mitropolia"":null,""boss"":null,""type"":""подворье епархиального монастыря"",""founded"":""2009""}}"
"{""name"":""Храм в честь иконы Божией Матери  «Казанская» ,подворье Казанско-Богородицкого мужского монастыря"",""lat"":""55.470026064902"",""long"":""49.693409660253"",""img"":""\/upload\/iblock\/d8b\/d8ba3c16d53e5d078a11be054b239959\/rcSSUixr_s.jpg"",""distance"":681,""url"":""\/monastyri\/monastery\/khram-v-chest-ikony-bozhiey-materi-kazanskaya-podvore-kazansko-bogoroditskogo-muzhskogo-monastyrya\/"",""props"":{""eparhia"":null,""mitropolia"":null,""boss"":null,""type"":""подворье епархиального монастыря"",""founded"":""""}}"
"{""name"":""Храм в честь иконы Божией Матери  «Казанская» ,подворье Свято - Троицкого  Болдина мужского монастыря"",""lat"":""54.923123493894"",""long"":""33.298141728836"",""img"":""\/upload\/iblock\/d7e\/d7e4ecbdb066cb1b50f2c7515c8ad76a\/rr.jpg"",""distance"":360,""url"":""\/monastyri\/monastery\/khram-v-chest-ikony-bozhiey-materi-kazanskaya-podvore-svyato-troitskogo-boldina-muzhskogo-monastyrya\/"",""props"":{""eparhia"":null,""mitropolia"":null,""boss"":null,""type"":""подворье епархиального монастыря"",""founded"":""""}}"
"{""name"":""Храм в честь иконы Божией Матери  «Спорительница хлебов» ,подворье   Свято - Серафимо-Покровский женский монастырь г.Ленинск-Кузнецкий"",""lat"":""54.61141791363"",""long"":""86.104021839131"",""img"":""\/upload\/iblock\/70e\/carh0itbaoac2y8h4gz7jdid13hs9t5o\/Podvore-Sporitelnitsa-khlebov.jpg"",""distance"":2951,""url"":""\/monastyri\/monastery\/khram-v-chest-ikony-bozhiey-materi-sporitelnitsa-khlebov-podvore-svyato-serafimo-pokrovskiy-zhenskiy\/"",""props"":{""eparhia"":null,""mitropolia"":null,""boss"":null,""type"":""подворье епархиального монастыря"",""founded"":""1997""}}"
"{""name"":""Храм в честь иконы Божией Матери «Владимирская» с. Малое Чурашево, подворье Свято-Троицкого мужского монастыря"",""lat"":""55.906159517822"",""long"":""46.4011375"",""img"":""\/upload\/iblock\/587\/587cb0e4a444d2516197cb1ca27ba214\/churashevo.jpg"",""distance"":473,""url"":""\/monastyri\/monastery\/khram-v-chest-ikony-bozhiey-materi-vladimirskaya-s-maloe-churashevo-podvore-svyato-troitskogo-muzhsk\/"",""props"":{""eparhia"":null,""mitropolia"":null,""boss"":null,""type"":""подворье епархиального монастыря"",""founded"":""""}}"
"{""name"":""Храм в честь иконы Божией Матери «Казанская» , подворья женского монастыря в честь    царственной страстотерпицы великой княжны Ольги Луганской епархии "",""lat"":""48.165789076504"",""long"":""39.111799687805"",""img"":""\/upload\/iblock\/c35\/ktp2e22o8w69rsyoo9ylatl1vta4npfb\/dsc_0022.jpg"",""distance"":820,""url"":""\/monastyri\/monastery\/khram-v-chest-ikony-bozhiey-materi-kazanskaya-podvorya-zhenskogo-monastyrya-v-chest-tsarstvennoy-str\/"",""props"":{""eparhia"":null,""mitropolia"":null,""boss"":null,""type"":""скит епархиального монастыря"",""founded"":""2004""}}"
"{""name"":""Храм в честь Покрова Божией Матери, подворье Свято-Пафнутьева Боровского монастыря"",""lat"":""55.206096566782"",""long"":""36.505090567459"",""img"":""\/upload\/iblock\/8cc\/dae6lp48y23nfxp4mvww5ry29ifqiprl\/1.jpg"",""distance"":155,""url"":""\/monastyri\/monastery\/khram-v-chest-pokrova-bozhiey-materi-podvore-svyato-pafnuteva-borovskogo-monastyrya\/"",""props"":{""eparhia"":null,""mitropolia"":null,""boss"":null,""type"":""подворье епархиального монастыря"",""founded"":""2000""}}"
"{""name"":""Храм в честь Покрова Пресвятой Богородицы в г. Судак, подворье Стефановского  Кизилташского мужского монастыря"",""lat"":""44.855424577176"",""long"":""34.975210542328"",""img"":""\/upload\/iblock\/a5e\/a5ed1c57c52b53e1967895bcc204a70e\/SiPxiuB2KLw.jpg"",""distance"":1219,""url"":""\/monastyri\/monastery\/khram-v-chest-pokrova-presvyatoy-bogoroditsy-v-g-sudak-podvore-stefanovskogo-kiziltashskogo-muzhskog\/"",""props"":{""eparhia"":null,""mitropolia"":null,""boss"":null,""type"":""подворье епархиального монастыря"",""founded"":""""}}"
"{""name"":""Храм в честь Покрова Пресвятой Богородицы в с. Каменный Брод, подворья  Ковыляйского Троицкого женского монастыря"",""lat"":""54.609134751037"",""long"":""43.786820875671"",""img"":""\/upload\/iblock\/ad5\/ad564c014fd96166855aa321a81cd9ae\/image.jpg"",""distance"":330,""url"":""\/monastyri\/monastery\/khram-v-chest-pokrova-presvyatoy-bogoroditsy-v-s-kamennyy-brod-podvorya-kovylyayskogo-troitskogo-zhe\/"",""props"":{""eparhia"":null,""mitropolia"":null,""boss"":null,""type"":""подворье епархиального монастыря"",""founded"":""""}}"
"{""name"":""Храм в честь Покрова Пресвятой Богородицы подворья Лужецкого Богородицерождественского Ферапонтова мужского монастыря"",""lat"":""55.680368412059"",""long"":""35.466426598234"",""img"":""\/upload\/iblock\/617\/617cf7eea2637bc598ca90de63786523\/2222.JPG"",""distance"":215,""url"":""\/monastyri\/monastery\/khram-v-chest-pokrova-presvyatoy-bogoroditsy-podvorya-luzhetskogo-bogoroditserozhdestvenskogo-ferapo\/"",""props"":{""eparhia"":null,""mitropolia"":null,""boss"":null,""type"":""подворье епархиального монастыря"",""founded"":""1820""}}"
"{""name"":""Храм в честь Покрова Пресвятой Богородицы в с. Ново-Карцево подворья Спасо-Влахернского женского монастыря"",""lat"":""56.307466849146"",""long"":""37.329259410271"",""img"":""\/upload\/iblock\/e2c\/e2c8c07282e05a7915a958571abf6af6\/6_1_.jpg"",""distance"":130,""url"":""\/monastyri\/monastery\/khram-v-chest-pokrova-presvyatoy-bogoroditsy-v-s-novo-kartsevo-podvorya-spaso-vlakhernskogo-zhenskog\/"",""props"":{""eparhia"":null,""mitropolia"":null,""boss"":null,""type"":""подворье епархиального монастыря"",""founded"":""2002""}}"
"{""name"":""Храм в честь Покрова Пресвятой Богородицы с. Шурыгино, подворье мужского монастыря в честь всех Сибирских святых"",""lat"":""54.080486036714"",""long"":""82.861023877972"",""img"":""\/upload\/iblock\/52c\/52cdb3f3464b01b21fd93146e93d567f\/1410443612_shurygino.jpg"",""distance"":2777,""url"":""\/monastyri\/monastery\/khram-v-chest-pokrova-presvyatoy-bogoroditsy-s-shurygino-podvore-muzhskogo-monastyrya-v-chest-vsekh-\/"",""props"":{""eparhia"":null,""mitropolia"":null,""boss"":null,""type"":""подворье епархиального монастыря"",""founded"":""2004""}}"
"{""name"":""Храм в честь Покрова Пресвятой Богородицы, подворья Николо-Шартомского монастыря"",""lat"":""56.853759568465"",""long"":""41.372498169312"",""img"":""\/upload\/iblock\/043\/04382e01ed8e71e63649e98257538c2b\/DSC04133.jpg"",""distance"":214,""url"":""\/monastyri\/monastery\/khram-v-chest-pokrova-presvyatoy-bogoroditsy-podvorya-nikolo-shartomskogo-monastyrya\/"",""props"":{""eparhia"":null,""mitropolia"":null,""boss"":null,""type"":""подворье епархиального монастыря"",""founded"":""1754""}}"
"{""name"":""Храм в честь праведных Богоотцов Иоакима и Анны. Подворье Свято-Троицкого Филиппо-Ирапского мужского монастыря.села Носовское (Степановское) "",""lat"":""59.182047078851"",""long"":""37.902428439792"",""img"":""\/upload\/iblock\/360\/360120072d40afb7174b85e8c0b8c5ec\/sh.jpg"",""distance"":411,""url"":""\/monastyri\/monastery\/khram-v-chest-pravednykh-bogoottsov-ioakima-i-anny-podvore-svyato-troitskogo-filippo-irapskogo-muzhs\/"",""props"":{""eparhia"":null,""mitropolia"":null,""boss"":null,""type"":""подворье епархиального монастыря"",""founded"":""""}}"
"{""name"":""Храм в честь Преображения Господня «Спас за верхом» в г. Калуге .Подворье Свято-Пафнутьева Боровского монастыря"",""lat"":""54.509052006366"",""long"":""36.23690685582"",""img"":""\/upload\/iblock\/275\/k3ri6rh27cfs6lkp0nn3h8opxsc5709o\/331_0268449.jpg"",""distance"":203,""url"":""\/monastyri\/monastery\/khram-v-chest-preobrazheniya-gospodnya-spas-za-verkhom-v-g-kaluge-podvore-svyato-pafnuteva-borovskog\/"",""props"":{""eparhia"":null,""mitropolia"":null,""boss"":null,""type"":""подворье епархиального монастыря"",""founded"":""""}}"
"{""name"":""Храм в честь Преображения Господня, с. Обёзово, подворья Николо-Шартомского мужского монастыря"",""lat"":""56.665828022247"",""long"":""40.601482507935"",""img"":""\/upload\/iblock\/09c\/09cf9ffaf4bcfe565bb3cc26db6b243b\/1.jpg"",""distance"":166,""url"":""\/monastyri\/monastery\/khram-v-chest-preobrazheniya-gospodnya-s-obryezovo-podvorya-nikolo-shartomskogo-muzhskogo-monastyrya\/"",""props"":{""eparhia"":null,""mitropolia"":null,""boss"":null,""type"":""подворье епархиального монастыря"",""founded"":""1792""}}"
"{""name"":""Храм в честь преподобного Алексия человека Божия , подворья Николо-Шартомского мужского монастыря"",""lat"":""56.839624555193"",""long"":""41.348174567596"",""img"":""\/upload\/iblock\/7d6\/7d6135de5124103534885ca34dda38a9\/SHartom_SHuya_Aleksiya_cheloveka_Bozhiego_299x300.jpg"",""distance"":212,""url"":""\/monastyri\/monastery\/khram-v-chest-prepodobnogo-aleksiya-cheloveka-bozhiya-podvorya-nikolo-shartomskogo-muzh\/"",""props"":{""eparhia"":null,""mitropolia"":null,""boss"":null,""type"":""подворье епархиального монастыря"",""founded"":""1887""}}"
"{""name"":""Храм в честь преподобного Амвросия Оптинского приписной Успенского подворья Введенской Оптиной пустыни"",""lat"":""60.350776863393"",""long"":""29.121859737261"",""img"":""\/upload\/iblock\/642\/vnbzl0x0own0p8cfdnaxf3l8bdo9ezuk\/jgn.png"",""distance"":786,""url"":""\/monastyri\/monastery\/khram-v-chest-prepodobnogo-amvrosiya-optinskogo-pripisnoy-uspenskogo-podvorya-vvedenskoy-optinoy-pus\/"",""props"":{""eparhia"":null,""mitropolia"":null,""boss"":null,""type"":""приписной храм ставропигиального монастыря"",""founded"":""1999""}}"
"{""name"":""Храм в честь преподобного Сергия Радонежского в Твери.Подворье Свято-Екатерининского монастыря"",""lat"":""56.865537413778"",""long"":""35.92646685582"",""img"":""\/upload\/iblock\/853\/853f0fd730d7ba5400234c7dbb1a61ea\/sergradtv20.jpg"",""distance"":236,""url"":""\/monastyri\/monastery\/khram-v-chest-prepodobnogo-sergiya-radonezhskogo-v-tveri-podvore-svyato-ekaterininskogo-monastyrya\/"",""props"":{""eparhia"":null,""mitropolia"":null,""boss"":null,""type"":""подворье епархиального монастыря"",""founded"":""""}}"
"{""name"":""Храм в честь Преполовения Пятидесятницы подворья Спасо-Елеазаровского женского монастыря"",""lat"":""57.81171273077"",""long"":""28.332627147057"",""img"":""\/upload\/iblock\/64f\/64f09423eb5ee1928de9702893abbecd\/podvor.jpg"",""distance"":692,""url"":""\/monastyri\/monastery\/khram-v-chest-prepoloveniya-pyatidesyatnitsy\/"",""props"":{""eparhia"":null,""mitropolia"":null,""boss"":null,""type"":""подворье епархиального монастыря"",""founded"":""""}}"
"{""name"":""Храм в честь Пресвятой Троицы. Подворье Ново-Голутвина женского монастыря"",""lat"":""55.035114424084"",""long"":""38.619349781276"",""img"":""\/upload\/iblock\/bb9\/bb9d2c5a81f41701d71c1af052adfca1\/222.jpg"",""distance"":58,""url"":""\/monastyri\/monastery\/khram-v-chest-presvyatoy-troitsy-podvore-novo-golutvina-zhenskogo-monastyrya\/"",""props"":{""eparhia"":null,""mitropolia"":null,""boss"":null,""type"":""подворье епархиального монастыря"",""founded"":""1997""}}"
"{""name"":""Храм в честь пророка Илии, подворья Казанского мужского монастыря с. Кузнецово"",""lat"":""56.8512587401"",""long"":""41.359009838623"",""img"":""\/upload\/iblock\/cb3\/cb335409a287b16ea3b97643b1ab3528\/iliya.jpg"",""distance"":213,""url"":""\/monastyri\/monastery\/khram-v-chest-proroka-ilii-podvorya-kazanskogo-muzhskogo-monastyrya-s-kuznetsovo\/"",""props"":{""eparhia"":null,""mitropolia"":null,""boss"":null,""type"":""подворье епархиального монастыря"",""founded"":""""}}"
"{""name"":""Храм в честь Рождества Иоанна Предтечи на Малышевой горе"",""lat"":""60.006839"",""long"":""32.294097"",""img"":""\/upload\/iblock\/ef3\/ef3bc689628a7544e1880701acd3b967\/dsc_0685_2.jpg.jpg"",""distance"":632,""url"":""\/monastyri\/monastery\/khram-v-chest-rozhdestva-ioanna-predtechi-na-malyshevoy-gore\/"",""props"":{""eparhia"":null,""mitropolia"":null,""boss"":null,""type"":""приписной храм епархиального монастыря"",""founded"":""1276""}}"
"{""name"":""Храм в честь Рождества Иоанна Предтечи с. Ключищи, подворье Успенского Зилантова женского монастыря. "",""lat"":""55.674594421985"",""long"":""48.962731392267"",""img"":""\/upload\/iblock\/00a\/00a35e6974b8a1b82bd9af44d32e8ee3\/1_a_28024537037.jpg"",""distance"":634,""url"":""\/monastyri\/monastery\/khram-v-chest-rozhdestva-ioanna-predtechi-s-klyuchishchi-podvore-uspenskogo-zilantova-zhenskogo-mona\/"",""props"":{""eparhia"":null,""mitropolia"":null,""boss"":null,""type"":""подворье епархиального монастыря"",""founded"":""2011""}}"
"{""name"":""Рождества Пресвятой Богородицы в селе Романово Суздальского района"",""lat"":""56.489776082985"",""long"":""40.393736277771"",""img"":""\/upload\/iblock\/65e\/65e148540a9bb7555634a7ad44fa2053\/438.jpg"",""distance"":143,""url"":""\/monastyri\/monastery\/rozhdestva-presvyatoy-bogoroditsy-v-sele-romanovo-suzdalskogo-rayona\/"",""props"":{""eparhia"":null,""mitropolia"":null,""boss"":null,""type"":""приписной храм епархиального монастыря"",""founded"":""1795""}}"
"{""name"":""Храм в честь Рождества Пресвятой Богородицы подворья Успенского Иосифо - Волоцкого монастыря"",""lat"":""56.161114859324"",""long"":""36.257978372986"",""img"":""\/upload\/iblock\/0bb\/0bbf7ace9a99fdc1003f3a056e784954\/003.jpg"",""distance"":178,""url"":""\/monastyri\/monastery\/khram-v-chest-rozhdestva-presvyatoy-bogoroditsy-podvorya-uspenskogo-iosifo-volotskogo-monastyrya\/"",""props"":{""eparhia"":null,""mitropolia"":null,""boss"":null,""type"":""подворье ставропигиального монастыря"",""founded"":""""}}"
"{""name"":""Храм в честь Рождества Пресвятой Богородицы села Иван-Теремец, подворья Екатерининского мужского монастыря г. Видное"",""lat"":""55.055001873371"",""long"":""38.05202373965"",""img"":""\/upload\/iblock\/033\/03349e0591cf46f642c521ae179e5883\/mainbrowser_413.jpg"",""distance"":75,""url"":""\/monastyri\/monastery\/khram-v-chest-rozhdestva-presvyatoy-bogoroditsy-sela-ivan-teremets-podvorya-ekaterininskogo-muzhskog\/"",""props"":{""eparhia"":null,""mitropolia"":null,""boss"":null,""type"":""подворье епархиального монастыря"",""founded"":""1703""}}"
"{""name"":""Храм в честь святителя Василия Рязанского, подворье Рязанского Троицкого монастыря"",""lat"":""54.620663776806"",""long"":""39.801040260574"",""img"":null,""distance"":118,""url"":""\/monastyri\/monastery\/khram-vo-imya-svyatitelya-vasiliya-ryazanskogo-podvore-ryazanskogo-troitskogo-monastyrya\/"",""props"":{""eparhia"":null,""mitropolia"":null,""boss"":null,""type"":""подворье епархиального монастыря"",""founded"":""""}}"
"{""name"":""Храм в честь святителя Иова, Патриарха Московского и всея Руси. Патриаршее подворье Свято-Успенского Старицкого монастыря."",""lat"":""55.716654015146"",""long"":""37.399561161377"",""img"":""\/upload\/iblock\/b8e\/b8e88556e3ff0dc1b403e97b14b9d770\/20.jpg"",""distance"":95,""url"":""\/monastyri\/monastery\/khram-v-chest-svyatitelya-iova-patriarkha-moskovskogo-i-vseya-rusi-patriarshee-podvore-svyato-uspens\/"",""props"":{""eparhia"":null,""mitropolia"":null,""boss"":null,""type"":""подворье епархиального монастыря"",""founded"":""2014""}}"
"{""name"":""Храм в честь святителя Николая Мирликийского в Ушаковских Горках, подворье Тверского Христорождественского монастыря"",""lat"":""56.621955710224"",""long"":""35.132358306885"",""img"":""\/upload\/iblock\/4e3\/4e38bb1ff4cad4a52ff4c11f276ee9ac\/d71bd1_e8abb3910760494d8f9cf8280d45d60e.jpg"",""distance"":262,""url"":""\/monastyri\/monastery\/tserkov-v-chest-svyatitelya-nikolaya-mirlikiyskogo-v-ushakovskikh-gorkakh-podvore-tverskogo-khristor\/"",""props"":{""eparhia"":null,""mitropolia"":null,""boss"":null,""type"":""подворье епархиального монастыря"",""founded"":""2002""}}"
"{""name"":""Храм в честь святителя Николая Чудотворца ,подворье Крыпецкого монастыря в деревне Торошино"",""lat"":""57.929379092087"",""long"":""28.599427584656"",""img"":""\/upload\/iblock\/4c7\/4c7b852248cca29adece1453e2bf758f\/torshinl.JPG"",""distance"":681,""url"":""\/monastyri\/monastery\/khram-v-chest-svyatitelya-nikolaya-chudotvortsa-podvore-krypetskogo-monastyrya-v-derevne-toroshino\/"",""props"":{""eparhia"":null,""mitropolia"":null,""boss"":null,""type"":""подворье епархиального монастыря"",""founded"":""2002""}}"
"{""name"":""Храм в честь святителя Николая Чудотворца в Измайлове, приписной храм Данилова ставропигиального мужского монастыря."",""lat"":""55.79429"",""long"":""37.75094"",""img"":""\/upload\/iblock\/e75\/e7577f2d7657aa1a2224e05acef9ca2a\/node_1803.jpg"",""distance"":77,""url"":""\/monastyri\/monastery\/khram-v-chest-svyatitelya-nikolaya-chudotvortsa-v-izmaylove-pripisnoy-khram-danilova-stavropigialnog\/"",""props"":{""eparhia"":null,""mitropolia"":null,""boss"":null,""type"":""приписной храм ставропигиального монастыря"",""founded"":""1997""}}"
"{""name"":""Храм в честь святителя Николая Чудотворца с. Николо-Яровня, подворье Свято-Троицкого женского монастыря г. Смоленска"",""lat"":""54.771424594601"",""long"":""32.327841141209"",""img"":""\/upload\/iblock\/240\/2402e7adae223082d5331ba9cc5657ef\/podvore.jpg"",""distance"":425,""url"":""\/monastyri\/monastery\/khram-v-chest-svyatitelya-nikolaya-chudotvortsa-s-nikolo-yarovnya-podvore-svyato-troitskogo-zhenskog\/"",""props"":{""eparhia"":null,""mitropolia"":null,""boss"":null,""type"":""подворье епархиального монастыря"",""founded"":""1816""}}"
"{""name"":""Храм в честь святителя Николая Чудотворца с. Старая Бинарадка"",""lat"":""53.582343287829"",""long"":""49.967243294399"",""img"":""\/upload\/iblock\/401\/4010d787da3decd398594ad0cafa8684\/nikolaya.jpg"",""distance"":747,""url"":""\/monastyri\/monastery\/khram-v-chest-svyatitelya-nikolaya-chudotvortsa-s-staraya-binaradka\/"",""props"":{""eparhia"":null,""mitropolia"":null,""boss"":null,""type"":""подворье епархиального монастыря"",""founded"":""""}}"
"{""name"":""Храм в честь святителя Николая Чудотворца села Медведск, подворье мужского монастыря в честь святых в земле Сибирской просиявших"",""lat"":""54.397211899363"",""long"":""83.553269313492"",""img"":""\/upload\/iblock\/30a\/30a1d3daf18bda4587e5ad868a71e433\/1390895176_bez_imeni_2.jpg"",""distance"":2806,""url"":""\/monastyri\/monastery\/khram-v-chest-svyatitelya-nikolaya-chudotvortsa-sela-medvedsk-podvore-muzhskogo-monastyrya-v-chest-s\/"",""props"":{""eparhia"":null,""mitropolia"":null,""boss"":null,""type"":""подворье епархиального монастыря"",""founded"":""2007""}}"
"{""name"":""Храм в честь святителя Николая Чудотворца, подворье Саратовского Никольского монастыря в с. Слепцовка"",""lat"":""51.747359717859"",""long"":""45.467801446906"",""img"":""\/upload\/iblock\/7df\/7dfb8974a61139eb1f382bfd3e6f099e\/DSC_0005.jpg"",""distance"":605,""url"":""\/monastyri\/monastery\/khram-v-chest-svyatitelya-nikolaya-chudotvortsa-podvore-saratovskogo-nikolskogo-monastyrya-v-s-slepts\/"",""props"":{""eparhia"":null,""mitropolia"":null,""boss"":null,""type"":""подворье епархиального монастыря"",""founded"":""2013""}}"
"{""name"":""Храм в честь святителя Спиридона Тримифунтского в селе Горки, подворья Никольского женского монастыря с. Новое"",""lat"":""56.579616577475"",""long"":""39.379247616145"",""img"":""\/upload\/iblock\/d3d\/d3d88c6f1c069ce4ef9bca4d9bcf5fc9\/22.jpg"",""distance"":121,""url"":""\/monastyri\/monastery\/khram-v-chest-svyatitelya-spiridona-trimifuntskogo-v-sele-gorki-podvorya-nikolskogo-zhenskogo-monast\/"",""props"":{""eparhia"":null,""mitropolia"":null,""boss"":null,""type"":""подворье епархиального монастыря"",""founded"":""2008""}}"
"{""name"":""Храм в честь святителя Тихона Задонского - скит Алексеевского ставропигиального монастыря"",""lat"":""55.801568568424"",""long"":""37.683134957672"",""img"":""\/upload\/iblock\/97c\/97c3cfeba6426b8bd0743fbd2a0e1475\/Skit02.jpg"",""distance"":81,""url"":""\/monastyri\/monastery\/khram-v-chest-svyatitelya-tikhona-zadonskogo-skit-alekseevskogo-stavropigialnogo-monastyrya\/"",""props"":{""eparhia"":null,""mitropolia"":null,""boss"":null,""type"":""скит ставропигиального монастыря"",""founded"":""2013""}}"
"{""name"":""Храм в честь святителя Тихона Задонского, скит Алексеевского монастыря"",""lat"":""55.801646121251"",""long"":""37.683054267447"",""img"":""\/upload\/iblock\/976\/monasterium.ru_0.jpg"",""distance"":81,""url"":""\/monastyri\/monastery\/skit-alekseevskogo-monastyrya\/"",""props"":{""eparhia"":null,""mitropolia"":null,""boss"":null,""type"":""скит ставропигиального монастыря"",""founded"":""2013""}}"
"{""name"":""Храм в честь святого благоверного князя Александра Невского в Твери, подворье Старицкого Успенского мужского монастыря"",""lat"":""56.83658552646"",""long"":""35.893054788834"",""img"":""\/upload\/iblock\/a30\/a30746e073649602cab6a4d5298a60a2\/3.jpg"",""distance"":235,""url"":""\/monastyri\/monastery\/khram-v-chest-svyatogo-blagovernogo-knyazya-aleksandra-nevskogo-v-tveri-podvore-staritskogo-uspensko\/"",""props"":{""eparhia"":null,""mitropolia"":null,""boss"":null,""type"":""подворье епархиального монастыря"",""founded"":""1893""}}"
"{""name"":""Храм в честь священномученика Владимира,митрополита Киевского и Галицкиого, подворья Варсонофиевского женского монастыря"",""lat"":""54.003418369144"",""long"":""42.969138851434"",""img"":""\/upload\/iblock\/584\/584bbf5e6ad34c85cbc0bf492c4c6c58\/vyselki.jpg"",""distance"":313,""url"":""\/monastyri\/monastery\/khram-v-chest-svyashchennomuchenika-vladimira-mitropolita-kievskogo-i-galitskiogo-podvorya-varsonofi\/"",""props"":{""eparhia"":null,""mitropolia"":null,""boss"":null,""type"":""подворье епархиального монастыря"",""founded"":""""}}"
"{""name"":""Храм в честь священномученика Климента, папы Римского в Торжке ."",""lat"":""57.042333353642"",""long"":""34.959767830688"",""img"":""\/upload\/iblock\/710\/710d756db405b19452553d14a6ff7464\/klementovsktorjokgor15.JPG"",""distance"":295,""url"":""\/monastyri\/monastery\/khram-v-chest-svyashchennomuchenika-klimenta-papy-rimskogo-v-torzhke-\/"",""props"":{""eparhia"":null,""mitropolia"":null,""boss"":null,""type"":""приписной храм епархиального монастыря"",""founded"":""1372""}}"
"{""name"":""Храм в честь Троицы Живоначальной, что за Волгой в Твери.Подворье Вознесенского Оршина женского монастыря"",""lat"":""56.867131588242"",""long"":""35.914076030521"",""img"":""\/upload\/iblock\/bee\/bee38a9d75dbd0734f1f4c2cd2de5d2b\/khram-troitsy.jpg"",""distance"":236,""url"":""\/monastyri\/monastery\/khram-v-chest-troitsy-zhivonachalnoy-chto-za-volgoy-v-tveri-podvore-voznesenskogo-orshina-zhenskogo-\/"",""props"":{""eparhia"":null,""mitropolia"":null,""boss"":null,""type"":""подворье епархиального монастыря"",""founded"":""1734""}}"
"{""name"":""Храм в честь Усекновения главы Иоанна Предтечи , подворье Казанского Иоанно-Предтеченского монастыря в с. Потаниха. "",""lat"":""56.21428369815"",""long"":""49.189598748913"",""img"":""\/upload\/iblock\/bbf\/bbf6f81f693a79542dcad79ca8ca469f\/SDC12736_54438888889.jpg"",""distance"":648,""url"":""\/monastyri\/monastery\/khram-v-chest-useknoveniya-glavy-ioanna-predtechi-podvore-kazanskogo-ioanno-predtechenskogo-monastyr\/"",""props"":{""eparhia"":null,""mitropolia"":null,""boss"":null,""type"":""подворье епархиального монастыря"",""founded"":""""}}"
"{""name"":""Храм в честь Успения Божией Матери, подворье Богоявленского женского монастыря г. Углича"",""lat"":""57.523554148944"",""long"":""37.952991318127"",""img"":""\/upload\/iblock\/866\/866a70cb64833004b89fb102b64f0f6a\/014-TSerkov-Uspeniya-Bozhiey-Materi.JPG"",""distance"":229,""url"":""\/monastyri\/monastery\/khram-v-chest-uspeniya-bozhiey-materi-podvore-bogoyavlenskogo-zhenskogo-monastyrya-g-uglicha\/"",""props"":{""eparhia"":null,""mitropolia"":null,""boss"":null,""type"":""подворье епархиального монастыря"",""founded"":""""}}"
"{""name"":""Храм в честь Успения Пресвятой Богородицы в Родне "",""lat"":""56.368619190285"",""long"":""34.911312466667"",""img"":""\/upload\/iblock\/d53\/d530afff834c79c3299728cd1c9ebf1e\/rodnya.JPG"",""distance"":264,""url"":""\/monastyri\/monastery\/khram-v-chest-uspeniya-presvyatoy-bogoroditsy-v-rodne-\/"",""props"":{""eparhia"":null,""mitropolia"":null,""boss"":null,""type"":""приписной храм епархиального монастыря"",""founded"":""1844""}}"
"{""name"":""Храм в честь явления Божией Матери прп. Сергию Радонежскому подворья Троице-Сергиевой лавры"",""lat"":""56.339395857957"",""long"":""38.138831343903"",""img"":""\/upload\/iblock\/93b\/monasterium.ru_1.jpg"",""distance"":101,""url"":""\/monastyri\/monastery\/khram-v-chest-yavleniya-bozhiey-materi-prepodobnomu-sergiyu-radonezhskomu-na-territorii-detskogo-dom\/"",""props"":{""eparhia"":null,""mitropolia"":null,""boss"":null,""type"":""подворье ставропигиального монастыря"",""founded"":""""}}"
"{""name"":""Храм великомученика и целителя Пантелеимона при НКЦ № 2 ФГБНУ «РНЦХ им. акад. Б.В.Петровского» (быв. ЦКБ РАН)"",""lat"":""55.613963514288"",""long"":""37.527625374843"",""img"":""\/upload\/iblock\/523\/jxn56e7ggppoj8hfjtidqmrqtib9qmps\/Hram_boln1.jpg"",""distance"":86,""url"":""\/monastyri\/monastery\/khram-velikomuchenika-i-tselitelya-panteleimona-pri-nkts-2-fgbnu-rntskh-im-akad-b-v-petrovskogo-byv-\/"",""props"":{""eparhia"":null,""mitropolia"":null,""boss"":null,""type"":""приписной храм ставропигиального монастыря"",""founded"":""2005""}}"
"{""name"":""Храм во имя Святого Духа ст. Евсино, подворье мужского монастыря в честь святых в земле Сибирской просиявших"",""lat"":""54.510549541463"",""long"":""83.34127326581"",""img"":""\/upload\/iblock\/119\/119b41fbc31d2d474e3ea46f551bb7b9\/1404928278_1.jpg"",""distance"":2789,""url"":""\/monastyri\/monastery\/khram-vo-imya-svyatogo-dukha-st-evsino-podvore-muzhskogo-monastyrya-v-chest-svyatykh-v-zemle-sibirsk\/"",""props"":{""eparhia"":null,""mitropolia"":null,""boss"":null,""type"":""подворье епархиального монастыря"",""founded"":""2007""}}"
"{""name"":""Храм во имя святого равноапостольного князя Владимира,подворье Покровского мужского монастыря, с. Завьялово"",""lat"":""54.63415659287"",""long"":""82.837618129061"",""img"":""\/upload\/iblock\/113\/1138cb5f0dadb5ccacec6b616639b91e\/1406568835_dsc_5204.jpg"",""distance"":2753,""url"":""\/monastyri\/monastery\/khram-vo-imya-svyatogo-ravnoapostolnogo-knyazya-vladimira-podvore-pokrovskogo-muzhskogo-monastyrya-s\/"",""props"":{""eparhia"":null,""mitropolia"":null,""boss"":null,""type"":""подворье епархиального монастыря"",""founded"":""""}}"
"{""name"":""Храм во имя Собора Михаила Архангела села Красноармейское, подворье Казанского мужского монастыря с.Кузнецово"",""lat"":""56.750810972001"",""long"":""41.43891917663"",""img"":""\/upload\/iblock\/8e1\/8e1ec2cf9d4e153c5e27f4f52303abc7\/krasnoar.jpg"",""distance"":209,""url"":""\/monastyri\/monastery\/khram-vo-imya-sobora-mikhaila-arkhangela-sela-krasnoarmeyskoe-podvore-kazanskogo-muzhskogo-monastyrya\/"",""props"":{""eparhia"":null,""mitropolia"":null,""boss"":null,""type"":""подворье епархиального монастыря"",""founded"":""1784""}}"
"{""name"":""Храм Воздвижения Честного и Животворящего Креста Господня, с. Дунилово"",""lat"":""56.996404904295"",""long"":""41.409539832755"",""img"":""\/upload\/iblock\/2ae\/2ae6daaed7db13386642949dad58b5d1\/Krestovozdvizhenskiy-khram-2010-m.jpg"",""distance"":226,""url"":""\/monastyri\/monastery\/khram-vozdvizheniya-chestnogo-i-zhivotvoryashchego-kresta-gospodnya-s-dunilovo\/"",""props"":{""eparhia"":null,""mitropolia"":null,""boss"":null,""type"":""приписной храм епархиального монастыря"",""founded"":""1821""}}"
"{""name"":""Храм Живоначальной Троицы с. Чернецы, подворья Николо-Шартомского мужского монастыря"",""lat"":""56.864927291742"",""long"":""40.762314481279"",""img"":""\/upload\/iblock\/af6\/af6e2637d22d225bf5da200ddf5a948b\/chernetsy.jpg"",""distance"":189,""url"":""\/monastyri\/monastery\/khram-zhivonachalnoy-troitsy-s-chernetsy-podvorya-nikolo-shartomskogo-muzhskogo-monastyrya\/"",""props"":{""eparhia"":null,""mitropolia"":null,""boss"":null,""type"":""подворье епархиального монастыря"",""founded"":""1780""}}"
"{""name"":""Храм Покрова Божией Матери в деревне Дуброво  подворья женского монастыря во имя Иоанна Предтечи г. Вязьмы"",""lat"":""55.206855"",""long"":""34.770885"",""img"":""\/upload\/iblock\/52b\/52b6f88e14316b99522e3714f62f0e1c\/d19848_265c004b7799465abf63391925a287c5.jpg"",""distance"":262,""url"":""\/monastyri\/monastery\/khram-pokrova-bozhiey-materi-v-derevne-dubrovo-podvorya-zhenskogo-monastyrya-vo-imya-ioanna-predtech\/"",""props"":{""eparhia"":null,""mitropolia"":null,""boss"":null,""type"":""подворье епархиального монастыря"",""founded"":""""}}"
"{""name"":""Храм Покрова Божией Матери подворья Успенского  Иосифо-Волоцкого монастыря"",""lat"":""56.008764020121"",""long"":""36.187388256958"",""img"":""\/upload\/iblock\/d2c\/d2c18ce02e3bcab587fe8af389ef7d36\/002.jpg"",""distance"":177,""url"":""\/monastyri\/monastery\/khram-pokrova-bozhiey-materi-podvorya-uspenskogo-\/"",""props"":{""eparhia"":null,""mitropolia"":null,""boss"":null,""type"":""подворье ставропигиального монастыря"",""founded"":""""}}"
"{""name"":""Храм Покрова Пресвятой Богородицы с. Шатракасы , подворья Александро-Невского мужского монастыря с. Каршлыхи"",""lat"":""56.103896604545"",""long"":""46.865214266433"",""img"":""\/upload\/iblock\/8d6\/8d6e813b3d3c134d32133cb07a8f7bc8\/podvore.jpg"",""distance"":503,""url"":""\/monastyri\/monastery\/khram-pokrova-presvyatoy-bogoroditsy-s-shatrakasy-podvorya-aleksandro-nevskogo-muzhskogo-monastyrya-\/"",""props"":{""eparhia"":null,""mitropolia"":null,""boss"":null,""type"":""подворье епархиального монастыря"",""founded"":""1902""}}"
"{""name"":""Храм Покрова Пресвятой Богородицы, подворья Антониево-Дымского монастыря"",""lat"":""59.914264276204"",""long"":""30.344304380951"",""img"":""\/upload\/iblock\/0a0\/0a09daf401d037ce36e3b64049fbcf8e\/634_0153636b.jpg"",""distance"":702,""url"":""\/monastyri\/monastery\/khram-pokrova-presvyatoy-bogoroditsy-podvorya-antonievo-dymskogo-monastyrya\/"",""props"":{""eparhia"":null,""mitropolia"":null,""boss"":null,""type"":""подворье епархиального монастыря"",""founded"":""1890""}}"
"{""name"":""Храм равноапостольного князя Владимира  г. Сафоново ,подворье Свято - Троицкого  Болдина мужского монастыря "",""lat"":""55.100485525927"",""long"":""33.240009099228"",""img"":""\/upload\/iblock\/ce7\/ce78a4653d3cc03587e8bd85c50aa1b2\/i_300x300.png"",""distance"":360,""url"":""\/monastyri\/monastery\/khram-ravnoapostolnogo-knyazya-vladimira-g-safonovo-podvore-svyato-troitskogo-boldina-muzhskogo-mona\/"",""props"":{""eparhia"":null,""mitropolia"":null,""boss"":null,""type"":""подворье епархиального монастыря"",""founded"":""1991""}}"
"{""name"":""Храм равноапостольной княгини Ольги в д. Аксеново Рязанской области"",""lat"":""54.864419357854"",""long"":""39.689417208298"",""img"":null,""distance"":91,""url"":""\/monastyri\/monastery\/khram-ravnoapostolnoy-knyagini-olgi-v-d-aksenovo-ryazanskoy-oblasti\/"",""props"":{""eparhia"":null,""mitropolia"":null,""boss"":null,""type"":""подворье ставропигиального монастыря"",""founded"":""""}}"
"{""name"":""Храм Рождества Пресвятой Богородицы – подворье Николо- Пешношского мужского монастыря"",""lat"":""56.528535803395"",""long"":""37.118936043655"",""img"":null,""distance"":156,""url"":""\/monastyri\/monastery\/khram-rozhdestva-presvyatoy-bogoroditsy-podvore-nikolo-peshnoshskogo-muzhskogo-monastyrya\/"",""props"":{""eparhia"":null,""mitropolia"":null,""boss"":null,""type"":""подворье епархиального монастыря"",""founded"":""1540""}}"
"{""name"":""Храм Рождества Христова, подворье Троицкого Александро-Свирского монастыря"",""lat"":""59.887658952141"",""long"":""30.467928769836"",""img"":""\/upload\/iblock\/9fd\/9fd50eaf2690da1474b5232cea65e5b0\/3rgTC6PYVyk.jpg"",""distance"":695,""url"":""\/monastyri\/monastery\/khram-rozhdestva-khristova-podvore-troitskogo-aleksandro-svirskogo-monastyrya\/"",""props"":{""eparhia"":null,""mitropolia"":null,""boss"":null,""type"":""подворье епархиального монастыря"",""founded"":""1999""}}"
"{""name"":""Храм свт. Димитрия митрополита Ростовского подворья Тихвинского Богородичного Успенского мужского монастыря"",""lat"":""59.933968847972"",""long"":""30.373524911943"",""img"":""\/upload\/iblock\/750\/750144c55620fc8fc4785a8b1ff59eef\/podv.jpg"",""distance"":703,""url"":""\/monastyri\/monastery\/khram-svt-dimitriya-mitropolita-rostovskogo-podvorya-tikhvinskogo-bogorodichnogo-uspenskogo-muzhskog\/"",""props"":{""eparhia"":null,""mitropolia"":null,""boss"":null,""type"":""подворье епархиального монастыря"",""founded"":""2003""}}"
"{""name"":""Храм святителя Николая Чудотворца (Благовещения Пресвятой Богородицы) в Звонарях — подворье Пюхтицкого Успенского ставропигиального женского монастыря"",""lat"":""55.76334769759"",""long"":""37.623138186508"",""img"":""\/upload\/iblock\/273\/qfkqqp3hkuvadgma7p3og43nfn1bztq4\/thumb_0012ffb970a7171515d150d6a8d1e071.jpg"",""distance"":83,""url"":""\/monastyri\/monastery\/khram-svyatitelya-nikolaya-chudotvortsa-blagoveshcheniya-presvyatoy-bogoroditsy-v-zvonaryakh-podvore\/"",""props"":{""eparhia"":null,""mitropolia"":null,""boss"":null,""type"":""подворье ставропигиального монастыря"",""founded"":""1677""}}"
"{""name"":""Храм святых первоверховных апостолов Петра и Павла в Ясенево подворья Оптиной пустыни"",""lat"":""55.600801371562"",""long"":""37.548058657071"",""img"":""\/upload\/iblock\/a1d\/t38xy42uca64p6u1igss3sdvhjsbphuz\/Podvore-Optinoy-pustyni-foto-1.jpeg"",""distance"":84,""url"":""\/monastyri\/monastery\/khram-svyatykh-pervoverkhovnykh-apostolov-petra-i-pavla-v-yasenevo\/"",""props"":{""eparhia"":null,""mitropolia"":null,""boss"":null,""type"":""подворье ставропигиального монастыря"",""founded"":""1626""}}"
"{""name"":""Храм Успения Пресвятой Богородицы Санкт-Петербургского подворья Оптиной пустыни"",""lat"":""59.933265956524"",""long"":""30.275563894236"",""img"":""\/upload\/iblock\/f90\/monasterium.ru_optina_spb-_00.jpg"",""distance"":707,""url"":""\/monastyri\/monastery\/khram-uspeniya-presvyatoy-bogoroditsy-sankt-peterburgskogo-podvorya-optinoy-pustyni\/"",""props"":{""eparhia"":null,""mitropolia"":null,""boss"":null,""type"":""подворье ставропигиального монастыря"",""founded"":""1900""}}"
"{""name"":""Храм в честь Покрова Пресвятой Богородицы в Дегунино, подворья Старицкого Свято-Успенского монастыря "",""lat"":""56.326016257482"",""long"":""34.872150290249"",""img"":""\/upload\/iblock\/8c1\/8c1a4517d12efc15e8dedc232a8aae6a\/dyaguninostariza6.jpg"",""distance"":265,""url"":""\/monastyri\/monastery\/v-chest-pokrova-presvyatoy-bogoroditsy-v-degunino-podvore-staritskogo-svyato-uspenskogo-monastyrya-\/"",""props"":{""eparhia"":null,""mitropolia"":null,""boss"":null,""type"":""подворье епархиального монастыря"",""founded"":""1819""}}"
"{""name"":""Храм-памятник в честь Нерукотворенного Образа Спасителя , подворье Введенского  Кизического  мужского монастыря"",""lat"":""55.786715328683"",""long"":""49.039541613281"",""img"":""\/upload\/iblock\/35a\/35a210d2eb4e993f05f661902c2ced33\/nerukot.jpg"",""distance"":638,""url"":""\/monastyri\/monastery\/khram-pamyatnik-v-chest-nerukotvorennogo-obraza-spasitelya-podvore-vvedenskogo-kizicheskogo-muzhskog\/"",""props"":{""eparhia"":null,""mitropolia"":null,""boss"":null,""type"":""подворье епархиального монастыря"",""founded"":""2011""}}"
"{""name"":""Храм-часовня в честь Введения Пресвятой Богородицы во Введенском"",""lat"":""57.686250634323"",""long"":""36.532347320099"",""img"":""\/upload\/iblock\/1f4\/1f49d6d032ff991f5dae7d3f7403b7a3\/1.jpg"",""distance"":280,""url"":""\/monastyri\/monastery\/khram-chasovnya-v-chest-vvedeniya-presvyatoy-bogoroditsy-vo-vvedenskom\/"",""props"":{""eparhia"":null,""mitropolia"":null,""boss"":null,""type"":""подворье епархиального монастыря"",""founded"":""2014""}}"
"{""name"":""Храм-часовня в честь иконы Божией Матери «Живоносный источник» , подворья  Нижегородского Крестовоздвиженского монастыря"",""lat"":""56.200852891357"",""long"":""43.978158159728"",""img"":""\/upload\/iblock\/e2a\/e2adef14f64f87a2900779327dd3e833\/2010_01_08_17_32_46.jpg"",""distance"":327,""url"":""\/monastyri\/monastery\/khram-chasovnya-v-chest-ikony-bozhiey-materi-zhivonosnyy-istochnik\/"",""props"":{""eparhia"":null,""mitropolia"":null,""boss"":null,""type"":""подворье епархиального монастыря"",""founded"":""""}}"
"{""name"":""Храм-часовня в честь свт. Николая и мц. Александры г. Бежецк"",""lat"":""57.780190155696"",""long"":""36.693478761328"",""img"":""\/upload\/iblock\/527\/5271539f78dfb94eb546c2ac52ea52c0\/2.jpg"",""distance"":284,""url"":""\/monastyri\/monastery\/khram-chasovnya-v-chest-svt-nikolaya-i-mts-aleksandry-g-bezhetsk\/"",""props"":{""eparhia"":null,""mitropolia"":null,""boss"":null,""type"":""приписной храм епархиального монастыря"",""founded"":""1896""}}"
"{""name"":""Храм-часовня во имя св. Александра Невского в г. Балахне"",""lat"":""56.527168226605"",""long"":""43.5565002295"",""img"":""\/upload\/iblock\/eea\/eea2430749751c2808b448fcd6a0bca2\/cfb800d2_be4d_4a16_b1a9_710a4be16cdb.jpg"",""distance"":312,""url"":""\/monastyri\/monastery\/khram-chasovnya-vo-imya-sv-aleksandra-nevskogo-v-g-balakhne\/"",""props"":{""eparhia"":null,""mitropolia"":null,""boss"":null,""type"":""подворье епархиального монастыря"",""founded"":""""}}"
"{""name"":""Храм-часовня иконы Божией Матери «Всех скорбящих Радость» (с грошиками) при подворье Свято-Троицкого Зеленецкого монастыря."",""lat"":""59.912518650058"",""long"":""30.407210584656"",""img"":""\/upload\/iblock\/efb\/efb1e240c7c2f5684c6118c5367167af\/01534_20090821_155205_349x438.jpg"",""distance"":700,""url"":""\/monastyri\/monastery\/khram-chasovnya-ikony-bozhiey-materi-vsekh-skorbyashchikh-radost-s-groshikami-pri-podvore-svyato-tro\/"",""props"":{""eparhia"":null,""mitropolia"":null,""boss"":null,""type"":""подворье епархиального монастыря"",""founded"":""1898""}}"
"{""name"":""Христорождественский  монастырь города Слободского"",""lat"":""58.730564421805"",""long"":""50.178999337959"",""img"":""\/upload\/iblock\/876\/876e2116b3f79a68258a6797fd117ac6\/1.jpg"",""distance"":769,""url"":""\/monastyri\/monastery\/khristorozhdestvenskiy-monastyr-goroda-slobodskogo\/"",""props"":{""eparhia"":null,""mitropolia"":null,""boss"":null,""type"":""Епархиальные монастыри Русской Православной Церкви"",""founded"":""""}}"
"{""name"":""Христорождественский Богородичный женский монастырь города Вятские Поляны"",""lat"":""56.226141761873"",""long"":""51.055835276005"",""img"":""\/upload\/iblock\/ee6\/ee69a09be8d04548596d74c4bc6cf1a9\/1.jpg"",""distance"":763,""url"":""\/monastyri\/monastery\/khristorozhdestvenskiy-bogorodichnyy-zhenskiy-monastyr-goroda-vyatskie-polyany\/"",""props"":{""eparhia"":null,""mitropolia"":null,""boss"":null,""type"":""Епархиальные монастыри Русской Православной Церкви"",""founded"":""1995""}}"
"{""name"":""Христорождественский женский монастырь в с. Красный Яр"",""lat"":""46.534656341153"",""long"":""48.336494560188"",""img"":""\/upload\/iblock\/bd2\/bd28aa4b515c00b206684092a4fdcc0c\/nkcE8K4pS4c.jpg"",""distance"":1198,""url"":""\/monastyri\/monastery\/khristorozhdestvenskiy-zhenskiy-monastyr-v-s-krasnyy-yar\/"",""props"":{""eparhia"":null,""mitropolia"":null,""boss"":null,""type"":""Епархиальные монастыри Русской Православной Церкви"",""founded"":""2009""}}"
"{""name"":""Царское подворье Богородицкого Житенного женского монастыря"",""lat"":""57.321580786612"",""long"":""33.045968997577"",""img"":""\/upload\/iblock\/ce3\/ce31c19ee801320e4bd03ed81d8426f4\/tsar-podvor.jpg"",""distance"":410,""url"":""\/monastyri\/monastery\/tsarskoe-podvore-bogoroditskogo-zhitennogo-zhenskogo-monastyrya\/"",""props"":{""eparhia"":null,""mitropolia"":null,""boss"":null,""type"":""подворье епархиального монастыря"",""founded"":""""}}"
"{""name"":""Нижегородское подворье Серафимо - Дивеевского монастыря - Церковь в честь святителей Московских Петра, Алексия, Ионы, Филиппа и Гермогена"",""lat"":""56.312705300977"",""long"":""43.99713261319"",""img"":""\/upload\/iblock\/103\/8.jpg"",""distance"":331,""url"":""\/monastyri\/monastery\/nizhegorodskoe-podvore-serafimo-diveevskogo-monastyrya-tserkov-v-chest-svyatiteley-moskovskikh-petra\/"",""props"":{""eparhia"":null,""mitropolia"":null,""boss"":null,""type"":""подворье епархиального монастыря"",""founded"":""1997""}}"
"{""name"":""Чадыр-Лунгский Свято-Димитриевский женский монастырь  Кагульской и Комратской епархии"",""lat"":""46.049369"",""long"":""28.825982"",""img"":""\/upload\/iblock\/0bf\/1.jpg"",""distance"":1267,""url"":""\/monastyri\/monastery\/chadyr-lungskiy-svyato-dimitrievskiy-zhenskiy-monastyr-kagulskoy-i-komratskoy-eparkhii\/"",""props"":{""eparhia"":null,""mitropolia"":null,""boss"":null,""type"":""Монастыри Православной Церкви Молдовы"",""founded"":""2000""}}"
"{""name"":""Часовня в честь великомученика Георгия Победоносца  Спасо-Преображенского Авраамиева мужского монастыря в г. Смоленск"",""lat"":""54.77976311589"",""long"":""32.059373235284"",""img"":null,""distance"":441,""url"":""\/monastyri\/monastery\/chasovnya-v-chest-velikomuchenika-georgiya-pobedonostsa-spaso-preobrazhenskogo-avraamieva-muzhskogo-\/"",""props"":{""eparhia"":null,""mitropolia"":null,""boss"":null,""type"":""подворье епархиального монастыря"",""founded"":""2009""}}"
"{""name"":""Часовня в честь великомученицы Параскевы Пятницы"",""lat"":""57.000415824414"",""long"":""28.966348819954"",""img"":""\/upload\/iblock\/5bb\/5bb63051a1399cc540b69e7b678b3fe3\/uaUuu_auauuua.jpg"",""distance"":633,""url"":""\/monastyri\/monastery\/chasovnya-v-chest-velikomuchenitsy-paraskevy-pyatnitsy\/"",""props"":{""eparhia"":null,""mitropolia"":null,""boss"":null,""type"":""часовня епархиального монастыря"",""founded"":""2007""}}"
"{""name"":""Часовня в честь иконы Божией Матери  «Державная» ,подворье Бузулукского Тихвинского Богородицкого монастыря  в селе Сухоречка"",""lat"":""52.828485144225"",""long"":""52.367425676821"",""img"":""\/upload\/iblock\/251\/25176af26b709959912832438eee71be\/d51393c431396931557281ec81d5ddac.jpg"",""distance"":927,""url"":""\/monastyri\/monastery\/chasovnya-v-chest-ikony-bozhiey-materi-derzhavnaya-podvore-buzulukskogo-tikhvinskogo-bogoroditskogo-\/"",""props"":{""eparhia"":null,""mitropolia"":null,""boss"":null,""type"":""подворье епархиального монастыря"",""founded"":""""}}"
"{""name"":""Часовня в честь иконы Божией Матери «Неопалимая купина»  в д. Восточная звезда, подворье Вознесенской Макарьевской мужской пустыни"",""lat"":""55.771639283535"",""long"":""48.767704431902"",""img"":""\/upload\/iblock\/009\/009a24897b96bdc885e4971512bd05a1\/zvezda0.jpg"",""distance"":621,""url"":""\/monastyri\/monastery\/chasovnya-v-chest-ikony-bozhiey-materi-neopalimaya-kupina-v-d-vostochnaya-zvezda-podvore-voznesensko\/"",""props"":{""eparhia"":null,""mitropolia"":null,""boss"":null,""type"":""подворье епархиального монастыря"",""founded"":""2004""}}"
"{""name"":""Часовня в честь праведного Иоанна Кронштадтского"",""lat"":""56.845215702977"",""long"":""35.903181583926"",""img"":""\/upload\/iblock\/b37\/b37ab2ec8171c2a79eb9615d69669d27\/CHasovnya_Ioanna_Kron..jpg"",""distance"":235,""url"":""\/monastyri\/monastery\/chasovnya-v-chest-pravednogo-ioanna-kronshtadtskogo\/"",""props"":{""eparhia"":null,""mitropolia"":null,""boss"":null,""type"":""часовня епархиального монастыря"",""founded"":""1913""}}"
"{""name"":""Приписная часовня в честь святителя Николая Чудотворца с. Новоселки, храма  Рождества Пресвятой Богородицы, подворья Екатерининского мужского монастыря г. Видное"",""lat"":""55.054005662225"",""long"":""38.008636437886"",""img"":""\/upload\/iblock\/6a0\/6a0e43f77f71ec07f6844ec54e213e04\/777777.jpg"",""distance"":77,""url"":""\/monastyri\/monastery\/pripisnaya-chasovnya-v-chest-svyatitelya-nikolaya-chudotvortsa-khram-rozhdestva-presvyatoy-bogorodits\/"",""props"":{""eparhia"":null,""mitropolia"":null,""boss"":null,""type"":""часовня епархиального монастыря"",""founded"":""1885""}}"
"{""name"":""Часовня Николая Чудотворца, подворье Соликамского Троицкого монастыря, посёлок Северный"",""lat"":""58.935284205056"",""long"":""57.5772126038"",""img"":""\/upload\/iblock\/e7a\/e7a61dd6d376b679d9f2280e8e8f13dc\/podvore-1.jpg"",""distance"":1183,""url"":""\/monastyri\/monastery\/chasovnya-nikolaya-chudotvortsa-podvore-solikamskogo-troitskogo-monastyrya-posyelok-severnyy\/"",""props"":{""eparhia"":null,""mitropolia"":null,""boss"":null,""type"":""подворье епархиального монастыря"",""founded"":""2006""}}"
"{""name"":""Свято-Троицкий мужской монастырь в г. Чебоксары"",""lat"":""56.151543739967"",""long"":""47.253533084656"",""img"":""\/upload\/iblock\/2d8\/2d8b0999df598a26215b4d82f95342a9\/Panorama-STPMM-g.-CHeboksary-2.jpg"",""distance"":528,""url"":""\/monastyri\/monastery\/svyato-troitskiy-monastyr-v-g-cheboksary\/"",""props"":{""eparhia"":null,""mitropolia"":null,""boss"":null,""type"":""Епархиальные монастыри Русской Православной Церкви"",""founded"":""1566""}}"
"{""name"":""Чердынский Иоанно-Богословский мужской монастырь"",""lat"":""60.40822810855"",""long"":""56.487411516533"",""img"":""\/upload\/iblock\/9a3\/9a360b4b69529c849040e60477510a1f\/f.jpg"",""distance"":1167,""url"":""\/monastyri\/monastery\/cherdynskiy-ioanno-bogoslovskiy-muzhskoy-monastyr\/"",""props"":{""eparhia"":null,""mitropolia"":null,""boss"":null,""type"":""Епархиальные монастыри Русской Православной Церкви"",""founded"":""1463""}}"
"{""name"":""Череменецкий Иоанно-Богословский мужской монастырь"",""lat"":""58.605631924796"",""long"":""29.959531504952"",""img"":""\/upload\/iblock\/e49\/1467dd3722.png"",""distance"":638,""url"":""\/monastyri\/monastery\/cheremenetskiy-ioanno-bogoslovskiy-muzhskoy-monastyr\/"",""props"":{""eparhia"":null,""mitropolia"":null,""boss"":null,""type"":""Епархиальные монастыри Русской Православной Церкви"",""founded"":""""}}"
"{""name"":""Черепановский мужской монастырь в честь всех Святых в земле Сибирской просиявших "",""lat"":""54.223883071299"",""long"":""83.36196440741"",""img"":""\/upload\/iblock\/b6e\/b6e492b24d5cc79f0dd1f4b72579da47\/1394789303_dsc00459.jpg"",""distance"":2801,""url"":""\/monastyri\/monastery\/cherepanovskiy-muzhskoy-monastyr-v-chest-vsekh-svyatykh-v-zemle-sibirskoy-prosiyavshikh-\/"",""props"":{""eparhia"":null,""mitropolia"":null,""boss"":null,""type"":""Епархиальные монастыри Русской Православной Церкви"",""founded"":""2001""}}"
"{""name"":""Черноморское подворье московского Высоко-Петровского мужского монастыря при храме во имя Всех святых в с. Волконка"",""lat"":""43.868405948449"",""long"":""39.383287025131"",""img"":""\/upload\/iblock\/d56\/k3yh9sz08jcfwh56b1k1a3ap01sd0p0b\/dsc4383_.webp"",""distance"":1298,""url"":""\/monastyri\/monastery\/chernomorskoe-podvore-moskovskogo-vysoko-petrovskogo-muzhskogo-monastyrya-pri-khrame-vo-imya-vsekh-s\/"",""props"":{""eparhia"":null,""mitropolia"":null,""boss"":null,""type"":""подворье ставропигиального монастыря"",""founded"":""2018""}}"
"{""name"":""Ыбский Серафимовский женский монастырь"",""lat"":""61.261824068548"",""long"":""50.571449399586"",""img"":""\/upload\/iblock\/e80\/e80bf0d8235df428c9d27b539a2acd5d\/1.jpg"",""distance"":931,""url"":""\/monastyri\/monastery\/ybskiy-serafimovskiy-zhenskiy-monastyr\/"",""props"":{""eparhia"":null,""mitropolia"":null,""boss"":null,""type"":""Епархиальные монастыри Русской Православной Церкви"",""founded"":""1997""}}"
"{""name"":""Якутский Спасский мужской монастырь"",""lat"":""62.03036074209"",""long"":""129.74731233268"",""img"":""\/upload\/iblock\/9d7\/9d764d01d41700fa552e77fefb86bf60\/23131655_1513428025411631_3680380959917886615_n.jpg"",""distance"":4849,""url"":""\/monastyri\/monastery\/yakutskiy-spasskiy-muzhskoy-monastyr\/"",""props"":{""eparhia"":null,""mitropolia"":null,""boss"":null,""type"":""Епархиальные монастыри Русской Православной Церкви"",""founded"":""1663""}}"
